Resource,Zone,Model,New_Build,Can_Retire,Existing_Cap_MW,Max_Cap_MW,Min_Cap_MW,Inv_Cost_per_MWyr,Fixed_OM_Cost_per_MWyr,Var_OM_Cost_per_MWh,Heat_Rate_MMBTU_per_MWh,Fuel,Min_Power,Ramp_Up_Percentage,Ramp_Dn_Percentage,region,cluster
OTH_4100_2,478,2,1,0,11.7,-1,-1,100900.0,25700.0,6.94,9.717,TX_NG,0.25,0.9,0.9,TX,1
OTH_4100_1,478,2,1,0,11.7,-1,-1,100900.0,25700.0,6.94,9.717,TX_NG,0.25,0.9,0.9,TX,1
OTH_4069_3,455,2,1,0,12.0,-1,-1,100900.0,25700.0,6.94,9.717,TX_NG,0.25,0.9,0.9,TX,1
OTH_7312_1,1599,2,1,0,11.7,-1,-1,100900.0,25700.0,6.94,9.717,TX_NG,0.25,0.9,0.9,TX,1
OTH_7086_1,1405,2,1,0,14.0,-1,-1,100900.0,25700.0,6.94,9.717,TX_NG,0.25,0.9,0.9,TX,1
OTH_13408_1,2730,2,1,0,38.0,-1,-1,100900.0,25700.0,6.94,9.717,TX_NG,0.263,0.9,0.9,TX,1
OTH_13407_1,2729,2,1,0,23.8,-1,-1,100900.0,25700.0,6.94,9.717,TX_NG,0.25,0.9,0.9,TX,1
OTH_13407_2,2729,2,1,0,15.0,-1,-1,100900.0,25700.0,6.94,9.717,TX_NG,0.25,0.9,0.9,TX,1
OBL_4090_1,476,2,1,0,10.0,-1,-1,100900.0,25700.0,6.94,9.717,TX_NG,0.4,0.9,0.9,TX,1
OBL_8099_1,1801,2,1,0,100.0,-1,-1,100900.0,25700.0,6.94,9.717,TX_NG,0.7,0.9,0.9,TX,1
OBL_13398_1,2720,2,1,0,32.0,-1,-1,100900.0,25700.0,6.94,9.717,TX_NG,0.509,0.9,0.9,TX,1
NUC_5263_2,810,2,1,0,1195.0,-1,-1,508200.0,175000.0,2.8,10.497,Nuclear,0.921,0.05,0.05,TX,1
NUC_7099_2,1418,2,1,0,1280.0,-1,-1,508200.0,175000.0,2.8,10.497,Nuclear,0.9,0.05,0.05,TX,1
NUC_7098_1,1417,2,1,0,1300.0,-1,-1,508200.0,175000.0,2.8,10.497,Nuclear,0.9,0.05,0.05,TX,1
NUC_5262_1,809,2,1,0,1205.0,-1,-1,508200.0,175000.0,2.8,10.497,Nuclear,0.913,0.05,0.05,TX,1
NG_6233_2,1216,2,1,0,52.0,-1,-1,100900.0,25700.0,6.94,9.738,TX_NG,0.942,0.1,0.9,TX,1
NG_6233_1,1216,2,1,0,52.0,-1,-1,100900.0,25700.0,6.94,9.738,TX_NG,0.942,0.1,0.9,TX,1
NG_13270_3,2592,2,1,0,16.0,-1,-1,100900.0,25700.0,6.94,9.637,TX_NG,1.0,0.1,0.9,TX,1
NG_13270_4,2592,2,1,0,16.0,-1,-1,100900.0,25700.0,6.94,9.637,TX_NG,1.0,0.1,0.9,TX,1
NG_6182_4,1167,2,1,0,46.0,-1,-1,100900.0,25700.0,6.94,9.721,TX_NG,0.435,0.1,0.9,TX,1
NG_6182_3,1167,2,1,0,46.0,-1,-1,100900.0,25700.0,6.94,9.721,TX_NG,0.435,0.1,0.9,TX,1
NG_12577_1,1935,2,1,0,85.0,-1,-1,100900.0,25700.0,6.94,9.83,TX_NG,0.529,0.1,0.9,TX,1
NG_6182_2,1167,2,1,0,46.0,-1,-1,100900.0,25700.0,6.94,9.721,TX_NG,0.435,0.1,0.9,TX,1
NG_12574_1,1932,2,1,0,31.0,-1,-1,100900.0,25700.0,6.94,9.679,TX_NG,1.0,0.1,0.9,TX,1
NG_6175_3,1160,2,1,0,27.6,-1,-1,100900.0,25700.0,6.94,9.669,TX_NG,0.453,0.1,0.9,TX,1
NG_6175_2,1160,2,1,0,33.0,-1,-1,100900.0,25700.0,6.94,9.683,TX_NG,0.636,0.1,0.9,TX,1
NG_4085_4,471,2,1,0,157.0,-1,-1,100900.0,25700.0,6.94,10.034,TX_NG,0.382,0.1,0.9,TX,1
NG_6175_1,1160,2,1,0,46.5,-1,-1,100900.0,25700.0,6.94,9.721,TX_NG,0.495,0.1,0.9,TX,1
NG_12561_1,1919,2,1,0,237.0,-1,-1,112900.0,33500.0,2.12,6.228,TX_NG,0.717,0.1,0.64,TX,1
NG_4084_3,470,2,1,0,157.0,-1,-1,100900.0,25700.0,6.94,10.034,TX_NG,0.382,0.1,0.9,TX,1
NG_6166_1,1151,2,1,0,158.0,-1,-1,100900.0,25700.0,6.94,10.036,TX_NG,0.633,0.1,0.9,TX,1
NG_4083_1,469,2,1,0,292.0,-1,-1,112900.0,33500.0,2.12,6.321,TX_NG,0.4,0.1,0.64,TX,1
NG_1050_1,49,2,1,0,64.0,-1,-1,100900.0,25700.0,6.94,9.772,TX_NG,0.641,0.1,0.9,TX,1
NG_4082_2,468,2,1,0,319.0,-1,-1,112900.0,33500.0,2.12,6.368,TX_NG,0.4,0.1,0.64,TX,1
NG_12549_1,1907,2,1,0,158.0,-1,-1,100900.0,25700.0,6.94,10.036,TX_NG,0.633,0.1,0.9,TX,1
NG_6164_1,1149,2,1,0,303.0,-1,-1,112900.0,33500.0,2.12,6.34,TX_NG,0.4,0.1,0.64,TX,1
NG_4077_1,463,2,1,0,177.0,-1,-1,100900.0,25700.0,6.94,10.088,TX_NG,0.395,0.1,0.9,TX,1
NG_2119_1,236,2,1,0,145.0,-1,-1,100900.0,25700.0,6.94,9.998,TX_NG,0.621,0.1,0.9,TX,1
NG_6165_1,1150,2,1,0,165.5,-1,-1,100900.0,25700.0,6.94,10.057,TX_NG,0.604,0.1,0.9,TX,1
NG_13253_2,2575,2,1,0,31.0,-1,-1,100900.0,25700.0,6.94,9.679,TX_NG,0.581,0.1,0.9,TX,1
NG_6167_1,1152,2,1,0,158.0,-1,-1,100900.0,25700.0,6.94,10.036,TX_NG,0.633,0.1,0.9,TX,1
NG_12562_1,1920,2,1,0,215.0,-1,-1,112900.0,33500.0,2.12,6.19,TX_NG,0.628,0.1,0.64,TX,1
NG_12563_1,1921,2,1,0,215.0,-1,-1,112900.0,33500.0,2.12,6.19,TX_NG,0.628,0.1,0.64,TX,1
NG_13253_1,2575,2,1,0,31.0,-1,-1,100900.0,25700.0,6.94,9.679,TX_NG,0.581,0.1,0.9,TX,1
NG_6175_4,1160,2,1,0,26.1,-1,-1,100900.0,25700.0,6.94,9.665,TX_NG,0.421,0.1,0.9,TX,1
NG_13287_3,2609,2,1,0,30.0,-1,-1,100900.0,25700.0,6.94,9.675,TX_NG,0.967,0.1,0.9,TX,1
NG_12537_2,1896,2,1,0,523.0,-1,-1,112900.0,33500.0,2.12,6.716,TX_NG,0.4,0.1,0.64,TX,1
NG_1077_1,74,2,1,0,158.2,-1,-1,100900.0,25700.0,6.94,10.036,TX_NG,0.602,0.1,0.9,TX,1
NG_6106_1,1099,2,1,0,44.0,-1,-1,100900.0,25700.0,6.94,9.715,TX_NG,0.3,0.1,0.9,TX,1
NG_13270_1,2592,2,1,0,42.0,-1,-1,100900.0,25700.0,6.94,9.709,TX_NG,0.595,0.1,0.9,TX,1
NG_4075_1,461,2,1,0,181.0,-1,-1,100900.0,25700.0,6.94,10.101,TX_NG,0.552,0.1,0.9,TX,1
NG_13296_6,2618,2,1,0,20.0,-1,-1,100900.0,25700.0,6.94,9.648,TX_NG,0.75,0.1,0.9,TX,1
NG_13287_2,2609,2,1,0,40.0,-1,-1,100900.0,25700.0,6.94,9.704,TX_NG,0.5,0.1,0.9,TX,1
NG_6105_1,1098,2,1,0,44.0,-1,-1,100900.0,25700.0,6.94,9.715,TX_NG,0.3,0.1,0.9,TX,1
NG_12530_5,1889,2,1,0,435.0,-1,-1,112900.0,33500.0,2.12,6.566,TX_NG,0.4,0.1,0.64,TX,1
NG_12529_4,1888,2,1,0,435.0,-1,-1,112900.0,33500.0,2.12,6.566,TX_NG,0.4,0.1,0.64,TX,1
NG_6104_1,1097,2,1,0,44.0,-1,-1,100900.0,25700.0,6.94,9.715,TX_NG,0.3,0.1,0.9,TX,1
NG_12527_1,1886,2,1,0,153.0,-1,-1,100900.0,25700.0,6.94,10.021,TX_NG,0.654,0.1,0.9,TX,1
NG_12526_1,1885,2,1,0,153.0,-1,-1,100900.0,25700.0,6.94,10.021,TX_NG,0.654,0.1,0.9,TX,1
NG_6101_1,1094,2,1,0,44.0,-1,-1,100900.0,25700.0,6.94,9.715,TX_NG,0.3,0.1,0.9,TX,1
NG_2117_1,234,2,1,0,153.0,-1,-1,100900.0,25700.0,6.94,10.021,TX_NG,0.588,0.1,0.9,TX,1
NG_12574_2,1932,2,1,0,31.0,-1,-1,100900.0,25700.0,6.94,9.679,TX_NG,1.0,0.1,0.9,TX,1
NG_1049_1,48,2,1,0,64.0,-1,-1,100900.0,25700.0,6.94,9.772,TX_NG,0.641,0.1,0.9,TX,1
NG_12517_1,1876,2,1,0,270.0,-1,-1,112900.0,33500.0,2.12,6.284,TX_NG,0.556,0.1,0.64,TX,1
NG_2116_1,233,2,1,0,204.0,-1,-1,112900.0,33500.0,2.12,6.171,TX_NG,0.4,0.1,0.64,TX,1
NG_1076_1,73,2,1,0,158.2,-1,-1,100900.0,25700.0,6.94,10.036,TX_NG,0.523,0.1,0.9,TX,1
NG_13410_1,2732,2,1,0,32.0,-1,-1,100900.0,25700.0,6.94,9.681,TX_NG,0.3,0.1,0.9,TX,1
NG_13296_9,2618,2,1,0,42.0,-1,-1,100900.0,25700.0,6.94,9.709,TX_NG,0.762,0.1,0.9,TX,1
NG_6074_1,1073,2,1,0,153.0,-1,-1,100900.0,25700.0,6.94,10.021,TX_NG,0.654,0.1,0.9,TX,1
NG_6073_1,1072,2,1,0,153.0,-1,-1,100900.0,25700.0,6.94,10.021,TX_NG,0.654,0.1,0.9,TX,1
NG_12508_U1,1867,2,1,0,165.0,-1,-1,100900.0,25700.0,6.94,10.055,TX_NG,0.545,0.1,0.9,TX,1
NG_6072_1,1071,2,1,0,160.0,-1,-1,100900.0,25700.0,6.94,10.042,TX_NG,0.3,0.1,0.9,TX,1
NG_2115_1,232,2,1,0,204.0,-1,-1,112900.0,33500.0,2.12,6.171,TX_NG,0.4,0.1,0.64,TX,1
NG_12506_1,1865,2,1,0,406.0,-1,-1,112900.0,33500.0,2.12,6.516,TX_NG,0.4,0.1,0.64,TX,1
NG_13312_2,2634,2,1,0,42.0,-1,-1,100900.0,25700.0,6.94,9.709,TX_NG,0.3,0.1,0.9,TX,1
NG_13312_1,2634,2,1,0,42.0,-1,-1,100900.0,25700.0,6.94,9.709,TX_NG,0.3,0.1,0.9,TX,1
NG_1075_1,72,2,1,0,166.7,-1,-1,100900.0,25700.0,6.94,10.061,TX_NG,0.553,0.1,0.9,TX,1
NG_6069_1,1068,2,1,0,197.0,-1,-1,100900.0,25700.0,6.94,10.145,TX_NG,0.705,0.1,0.9,TX,1
NG_8158_3,1856,2,1,0,47.1,-1,-1,100900.0,25700.0,6.94,9.723,TX_NG,0.3,0.1,0.9,TX,1
NG_4060_1,449,2,1,0,150.0,-1,-1,100900.0,25700.0,6.94,10.013,TX_NG,0.3,0.1,0.9,TX,1
NG_8158_2,1856,2,1,0,47.1,-1,-1,100900.0,25700.0,6.94,9.723,TX_NG,0.3,0.1,0.9,TX,1
NG_8152_7,1850,2,1,0,21.0,-1,-1,100900.0,25700.0,6.94,9.65,TX_NG,0.3,0.1,0.9,TX,1
NG_13417_1,2739,2,1,0,20.0,-1,-1,100900.0,25700.0,6.94,9.648,TX_NG,1.0,0.1,0.9,TX,1
NG_6008_2,1018,2,1,0,136.0,-1,-1,100900.0,25700.0,6.94,9.973,TX_NG,0.3,0.1,0.9,TX,1
NG_13126_6,2448,2,1,0,48.0,-1,-1,100900.0,25700.0,6.94,9.725,TX_NG,0.417,0.1,0.9,TX,1
NG_13126_5,2448,2,1,0,48.0,-1,-1,100900.0,25700.0,6.94,9.725,TX_NG,0.417,0.1,0.9,TX,1
NG_8139_2,1837,2,1,0,11.0,-1,-1,100900.0,25700.0,6.94,9.623,TX_NG,0.3,0.1,0.9,TX,1
NG_4059_1,448,2,1,0,155.0,-1,-1,100900.0,25700.0,6.94,10.028,TX_NG,0.3,0.1,0.9,TX,1
NG_13312_3,2634,2,1,0,16.0,-1,-1,100900.0,25700.0,6.94,9.637,TX_NG,0.3,0.1,0.9,TX,1
NG_8139_1,1837,2,1,0,32.4,-1,-1,100900.0,25700.0,6.94,9.683,TX_NG,0.833,0.1,0.9,TX,1
NG_8116_1,1818,2,1,0,167.0,-1,-1,100900.0,25700.0,6.94,10.061,TX_NG,0.3,0.1,0.9,TX,1
NG_6007_1,1017,2,1,0,136.0,-1,-1,100900.0,25700.0,6.94,9.973,TX_NG,0.3,0.1,0.9,TX,1
NG_8115_1,1817,2,1,0,502.0,-1,-1,112900.0,33500.0,2.12,6.68,TX_NG,0.4,0.1,0.64,TX,1
NG_6006_3,1016,2,1,0,335.0,-1,-1,112900.0,33500.0,2.12,6.395,TX_NG,0.4,0.1,0.64,TX,1
NG_4058_1,447,2,1,0,155.0,-1,-1,100900.0,25700.0,6.94,10.028,TX_NG,0.3,0.1,0.9,TX,1
NG_4052_1,441,2,1,0,32.5,-1,-1,100900.0,25700.0,6.94,9.683,TX_NG,0.554,0.1,0.9,TX,1
NG_8080_1,1783,2,1,0,146.0,-1,-1,100900.0,25700.0,6.94,10.002,TX_NG,0.616,0.1,0.9,TX,1
NG_8079_1,1782,2,1,0,146.0,-1,-1,100900.0,25700.0,6.94,10.002,TX_NG,0.616,0.1,0.9,TX,1
NG_8078_1,1781,2,1,0,148.0,-1,-1,100900.0,25700.0,6.94,10.007,TX_NG,0.608,0.1,0.9,TX,1
NG_1048_1,47,2,1,0,65.0,-1,-1,100900.0,25700.0,6.94,9.774,TX_NG,0.631,0.1,0.9,TX,1
NG_8051_1,1756,2,1,0,167.0,-1,-1,100900.0,25700.0,6.94,10.061,TX_NG,0.539,0.1,0.9,TX,1
NG_8050_1,1755,2,1,0,167.0,-1,-1,100900.0,25700.0,6.94,10.061,TX_NG,0.539,0.1,0.9,TX,1
NG_8049_1,1754,2,1,0,167.0,-1,-1,100900.0,25700.0,6.94,10.061,TX_NG,0.539,0.1,0.9,TX,1
NG_8046_1,1751,2,1,0,182.0,-1,-1,100900.0,25700.0,6.94,10.103,TX_NG,0.44,0.1,0.9,TX,1
NG_2103_1,220,2,1,0,287.0,-1,-1,112900.0,33500.0,2.12,6.313,TX_NG,0.523,0.1,0.64,TX,1
NG_7414_2,1691,2,1,0,43.0,-1,-1,100900.0,25700.0,6.94,9.713,TX_NG,0.744,0.1,0.9,TX,1
NG_7414_1,1691,2,1,0,43.0,-1,-1,100900.0,25700.0,6.94,9.713,TX_NG,0.744,0.1,0.9,TX,1
NG_12597_1,1954,2,1,0,204.0,-1,-1,112900.0,33500.0,2.12,6.171,TX_NG,0.735,0.1,0.64,TX,1
NG_4035_1,424,2,1,0,33.0,-1,-1,100900.0,25700.0,6.94,9.683,TX_NG,0.788,0.1,0.9,TX,1
NG_7400_81,1677,2,1,0,53.0,-1,-1,100900.0,25700.0,6.94,9.74,TX_NG,0.566,0.1,0.9,TX,1
NG_7400_74,1677,2,1,0,53.0,-1,-1,100900.0,25700.0,6.94,9.74,TX_NG,0.566,0.1,0.9,TX,1
NG_5326_7,866,2,1,0,118.0,-1,-1,100900.0,25700.0,6.94,9.923,TX_NG,0.3,0.1,0.9,TX,1
NG_1073_1,70,2,1,0,206.0,-1,-1,112900.0,33500.0,2.12,6.175,TX_NG,0.4,0.1,0.64,TX,1
NG_5325_6,865,2,1,0,122.0,-1,-1,100900.0,25700.0,6.94,9.935,TX_NG,0.3,0.1,0.9,TX,1
NG_7392_1,1669,2,1,0,12.3,-1,-1,100900.0,25700.0,6.94,9.627,TX_NG,0.894,0.1,0.9,TX,1
NG_5324_8,864,2,1,0,568.0,-1,-1,112900.0,33500.0,2.12,6.792,TX_NG,0.4,0.1,0.64,TX,1
NG_12994_1,2316,2,1,0,50.0,-1,-1,100900.0,25700.0,6.94,9.732,TX_NG,0.3,0.1,0.9,TX,1
NG_7357_1,1644,2,1,0,13.0,-1,-1,100900.0,25700.0,6.94,9.629,TX_NG,0.3,0.1,0.9,TX,1
NG_7353_4,1640,2,1,0,552.0,-1,-1,112900.0,33500.0,2.12,6.766,TX_NG,0.4,0.1,0.64,TX,1
NG_1072_1,69,2,1,0,206.0,-1,-1,112900.0,33500.0,2.12,6.175,TX_NG,0.4,0.1,0.64,TX,1
NG_6233_3,1216,2,1,0,52.0,-1,-1,100900.0,25700.0,6.94,9.738,TX_NG,0.942,0.1,0.9,TX,1
NG_6182_1,1167,2,1,0,46.0,-1,-1,100900.0,25700.0,6.94,9.721,TX_NG,0.435,0.1,0.9,TX,1
NG_12958_1,2280,2,1,0,76.0,-1,-1,100900.0,25700.0,6.94,9.805,TX_NG,0.526,0.1,0.9,TX,1
NG_5282_1,829,2,1,0,326.0,-1,-1,112900.0,33500.0,2.12,6.38,TX_NG,0.4,0.1,0.64,TX,1
NG_2085_1,205,2,1,0,19.7,-1,-1,100900.0,25700.0,6.94,9.648,TX_NG,0.3,0.1,0.9,TX,1
NG_13356_2,2678,2,1,0,43.0,-1,-1,100900.0,25700.0,6.94,9.713,TX_NG,0.744,0.1,0.9,TX,1
NG_13356_1,2678,2,1,0,43.0,-1,-1,100900.0,25700.0,6.94,9.713,TX_NG,0.744,0.1,0.9,TX,1
NG_7307_1,1596,2,1,0,478.4,-1,-1,112900.0,33500.0,2.12,6.64,TX_NG,0.4,0.1,0.64,TX,1
NG_13357_2,2679,2,1,0,43.0,-1,-1,100900.0,25700.0,6.94,9.713,TX_NG,0.744,0.1,0.9,TX,1
NG_2084_1,204,2,1,0,19.7,-1,-1,100900.0,25700.0,6.94,9.648,TX_NG,0.3,0.1,0.9,TX,1
NG_13357_1,2679,2,1,0,43.0,-1,-1,100900.0,25700.0,6.94,9.713,TX_NG,0.744,0.1,0.9,TX,1
NG_13355_2,2677,2,1,0,43.0,-1,-1,100900.0,25700.0,6.94,9.713,TX_NG,0.465,0.1,0.9,TX,1
NG_5207_1,755,2,1,0,290.5,-1,-1,112900.0,33500.0,2.12,6.319,TX_NG,0.4,0.1,0.64,TX,1
NG_7184_8,1492,2,1,0,44.5,-1,-1,100900.0,25700.0,6.94,9.717,TX_NG,0.506,0.1,0.9,TX,1
NG_2083_1,203,2,1,0,19.7,-1,-1,100900.0,25700.0,6.94,9.648,TX_NG,0.3,0.1,0.9,TX,1
NG_13358_2,2680,2,1,0,43.0,-1,-1,100900.0,25700.0,6.94,9.713,TX_NG,0.791,0.1,0.9,TX,1
NG_7184_7,1492,2,1,0,44.5,-1,-1,100900.0,25700.0,6.94,9.717,TX_NG,0.506,0.1,0.9,TX,1
NG_7184_6,1492,2,1,0,44.5,-1,-1,100900.0,25700.0,6.94,9.717,TX_NG,0.506,0.1,0.9,TX,1
NG_7184_5,1492,2,1,0,44.5,-1,-1,100900.0,25700.0,6.94,9.717,TX_NG,0.506,0.1,0.9,TX,1
NG_7184_4,1492,2,1,0,44.5,-1,-1,100900.0,25700.0,6.94,9.717,TX_NG,0.506,0.1,0.9,TX,1
NG_7184_3,1492,2,1,0,44.5,-1,-1,100900.0,25700.0,6.94,9.717,TX_NG,0.506,0.1,0.9,TX,1
NG_7184_2,1492,2,1,0,44.5,-1,-1,100900.0,25700.0,6.94,9.717,TX_NG,0.506,0.1,0.9,TX,1
NG_7184_1,1492,2,1,0,44.5,-1,-1,100900.0,25700.0,6.94,9.717,TX_NG,0.506,0.1,0.9,TX,1
NG_7170_31,1478,2,1,0,54.0,-1,-1,100900.0,25700.0,6.94,9.744,TX_NG,0.981,0.1,0.9,TX,1
NG_2082_1,202,2,1,0,17.0,-1,-1,100900.0,25700.0,6.94,9.639,TX_NG,0.3,0.1,0.9,TX,1
NG_13355_1,2677,2,1,0,43.0,-1,-1,100900.0,25700.0,6.94,9.713,TX_NG,0.465,0.1,0.9,TX,1
NG_7169_56,1477,2,1,0,56.0,-1,-1,100900.0,25700.0,6.94,9.748,TX_NG,0.679,0.1,0.9,TX,1
NG_7168_55,1476,2,1,0,56.0,-1,-1,100900.0,25700.0,6.94,9.748,TX_NG,0.75,0.1,0.9,TX,1
NG_7167_54,1475,2,1,0,56.0,-1,-1,100900.0,25700.0,6.94,9.748,TX_NG,0.857,0.1,0.9,TX,1
NG_12862_1,2189,2,1,0,44.6,-1,-1,100900.0,25700.0,6.94,9.717,TX_NG,0.504,0.1,0.9,TX,1
NG_12861_6,2188,2,1,0,44.6,-1,-1,100900.0,25700.0,6.94,9.717,TX_NG,0.504,0.1,0.9,TX,1
NG_7166_53,1474,2,1,0,56.0,-1,-1,100900.0,25700.0,6.94,9.748,TX_NG,0.75,0.1,0.9,TX,1
NG_12861_5,2188,2,1,0,44.6,-1,-1,100900.0,25700.0,6.94,9.717,TX_NG,0.504,0.1,0.9,TX,1
NG_12861_4,2188,2,1,0,44.6,-1,-1,100900.0,25700.0,6.94,9.717,TX_NG,0.504,0.1,0.9,TX,1
NG_7165_52,1473,2,1,0,56.0,-1,-1,100900.0,25700.0,6.94,9.748,TX_NG,0.679,0.1,0.9,TX,1
NG_12861_3,2188,2,1,0,44.6,-1,-1,100900.0,25700.0,6.94,9.717,TX_NG,0.504,0.1,0.9,TX,1
NG_12861_2,2188,2,1,0,44.6,-1,-1,100900.0,25700.0,6.94,9.717,TX_NG,0.504,0.1,0.9,TX,1
NG_7164_51,1472,2,1,0,56.0,-1,-1,100900.0,25700.0,6.94,9.748,TX_NG,0.714,0.1,0.9,TX,1
NG_12861_1,2188,2,1,0,44.6,-1,-1,100900.0,25700.0,6.94,9.717,TX_NG,0.504,0.1,0.9,TX,1
NG_12862_2,2189,2,1,0,44.6,-1,-1,100900.0,25700.0,6.94,9.717,TX_NG,0.504,0.1,0.9,TX,1
NG_12862_3,2189,2,1,0,44.6,-1,-1,100900.0,25700.0,6.94,9.717,TX_NG,0.504,0.1,0.9,TX,1
NG_12862_4,2189,2,1,0,44.6,-1,-1,100900.0,25700.0,6.94,9.717,TX_NG,0.504,0.1,0.9,TX,1
NG_12862_5,2189,2,1,0,44.6,-1,-1,100900.0,25700.0,6.94,9.717,TX_NG,0.504,0.1,0.9,TX,1
NG_12862_6,2189,2,1,0,44.6,-1,-1,100900.0,25700.0,6.94,9.717,TX_NG,0.504,0.1,0.9,TX,1
NG_7159_8,1467,2,1,0,14.0,-1,-1,100900.0,25700.0,6.94,9.631,TX_NG,0.357,0.1,0.9,TX,1
NG_7159_44,1467,2,1,0,54.0,-1,-1,100900.0,25700.0,6.94,9.744,TX_NG,0.981,0.1,0.9,TX,1
NG_7159_43,1467,2,1,0,54.0,-1,-1,100900.0,25700.0,6.94,9.744,TX_NG,0.981,0.1,0.9,TX,1
NG_7159_42,1467,2,1,0,54.0,-1,-1,100900.0,25700.0,6.94,9.744,TX_NG,0.981,0.1,0.9,TX,1
NG_7159_41,1467,2,1,0,54.0,-1,-1,100900.0,25700.0,6.94,9.744,TX_NG,0.981,0.1,0.9,TX,1
NG_7159_34,1467,2,1,0,54.0,-1,-1,100900.0,25700.0,6.94,9.744,TX_NG,0.981,0.1,0.9,TX,1
NG_7159_33,1467,2,1,0,54.0,-1,-1,100900.0,25700.0,6.94,9.744,TX_NG,0.981,0.1,0.9,TX,1
NG_7159_32,1467,2,1,0,54.0,-1,-1,100900.0,25700.0,6.94,9.744,TX_NG,0.981,0.1,0.9,TX,1
NG_7144_1,1453,2,1,0,35.0,-1,-1,100900.0,25700.0,6.94,9.69,TX_NG,0.3,0.1,0.9,TX,1
NG_12806_1,2140,2,1,0,150.0,-1,-1,100900.0,25700.0,6.94,10.013,TX_NG,0.5,0.1,0.9,TX,1
NG_7137_1,1451,2,1,0,29.0,-1,-1,100900.0,25700.0,6.94,9.673,TX_NG,0.862,0.1,0.9,TX,1
NG_12805_1,2139,2,1,0,150.0,-1,-1,100900.0,25700.0,6.94,10.013,TX_NG,0.5,0.1,0.9,TX,1
NG_7136_1,1450,2,1,0,29.0,-1,-1,100900.0,25700.0,6.94,9.673,TX_NG,0.862,0.1,0.9,TX,1
NG_7135_1,1449,2,1,0,29.0,-1,-1,100900.0,25700.0,6.94,9.673,TX_NG,0.862,0.1,0.9,TX,1
NG_7133_1,1447,2,1,0,140.0,-1,-1,100900.0,25700.0,6.94,9.986,TX_NG,0.571,0.1,0.9,TX,1
NG_6277_G1,1245,2,1,0,18.4,-1,-1,100900.0,25700.0,6.94,9.644,TX_NG,0.3,0.1,0.9,TX,1
NG_1063_1,60,2,1,0,71.0,-1,-1,100900.0,25700.0,6.94,9.79,TX_NG,0.634,0.1,0.9,TX,1
NG_5012_9,578,2,1,0,18.8,-1,-1,100900.0,25700.0,6.94,9.644,TX_NG,0.3,0.1,0.9,TX,1
NG_5012_8,578,2,1,0,18.8,-1,-1,100900.0,25700.0,6.94,9.644,TX_NG,0.3,0.1,0.9,TX,1
NG_12761_6,2107,2,1,0,54.0,-1,-1,100900.0,25700.0,6.94,9.744,TX_NG,1.0,0.1,0.9,TX,1
NG_12761_5,2107,2,1,0,54.0,-1,-1,100900.0,25700.0,6.94,9.744,TX_NG,1.0,0.1,0.9,TX,1
NG_12761_4,2107,2,1,0,54.0,-1,-1,100900.0,25700.0,6.94,9.744,TX_NG,1.0,0.1,0.9,TX,1
NG_12761_3,2107,2,1,0,54.0,-1,-1,100900.0,25700.0,6.94,9.744,TX_NG,1.0,0.1,0.9,TX,1
NG_12761_2,2107,2,1,0,54.0,-1,-1,100900.0,25700.0,6.94,9.744,TX_NG,1.0,0.1,0.9,TX,1
NG_5012_7,578,2,1,0,18.8,-1,-1,100900.0,25700.0,6.94,9.644,TX_NG,0.3,0.1,0.9,TX,1
NG_12761_1,2107,2,1,0,54.0,-1,-1,100900.0,25700.0,6.94,9.744,TX_NG,1.0,0.1,0.9,TX,1
NG_5012_6,578,2,1,0,18.8,-1,-1,100900.0,25700.0,6.94,9.644,TX_NG,0.3,0.1,0.9,TX,1
NG_5012_5,578,2,1,0,18.8,-1,-1,100900.0,25700.0,6.94,9.644,TX_NG,0.3,0.1,0.9,TX,1
NG_12743_8,2091,2,1,0,44.5,-1,-1,100900.0,25700.0,6.94,9.717,TX_NG,0.3,0.1,0.9,TX,1
NG_12743_7,2091,2,1,0,44.5,-1,-1,100900.0,25700.0,6.94,9.717,TX_NG,0.3,0.1,0.9,TX,1
NG_12743_6,2091,2,1,0,44.5,-1,-1,100900.0,25700.0,6.94,9.717,TX_NG,0.3,0.1,0.9,TX,1
NG_5012_4,578,2,1,0,18.8,-1,-1,100900.0,25700.0,6.94,9.644,TX_NG,0.3,0.1,0.9,TX,1
NG_12743_5,2091,2,1,0,44.5,-1,-1,100900.0,25700.0,6.94,9.717,TX_NG,0.3,0.1,0.9,TX,1
NG_12961_6,2283,2,1,0,235.0,-1,-1,112900.0,33500.0,2.12,6.224,TX_NG,0.4,0.1,0.64,TX,1
NG_12743_4,2091,2,1,0,44.5,-1,-1,100900.0,25700.0,6.94,9.717,TX_NG,0.3,0.1,0.9,TX,1
NG_12743_3,2091,2,1,0,44.5,-1,-1,100900.0,25700.0,6.94,9.717,TX_NG,0.3,0.1,0.9,TX,1
NG_12743_2,2091,2,1,0,44.5,-1,-1,100900.0,25700.0,6.94,9.717,TX_NG,0.3,0.1,0.9,TX,1
NG_5012_3,578,2,1,0,18.8,-1,-1,100900.0,25700.0,6.94,9.644,TX_NG,0.3,0.1,0.9,TX,1
NG_1062_1,59,2,1,0,71.0,-1,-1,100900.0,25700.0,6.94,9.79,TX_NG,0.634,0.1,0.9,TX,1
NG_12743_1,2091,2,1,0,44.5,-1,-1,100900.0,25700.0,6.94,9.717,TX_NG,0.3,0.1,0.9,TX,1
NG_12742_8,2090,2,1,0,44.5,-1,-1,100900.0,25700.0,6.94,9.717,TX_NG,0.506,0.1,0.9,TX,1
NG_12742_7,2090,2,1,0,44.5,-1,-1,100900.0,25700.0,6.94,9.717,TX_NG,0.506,0.1,0.9,TX,1
NG_12742_6,2090,2,1,0,44.5,-1,-1,100900.0,25700.0,6.94,9.717,TX_NG,0.506,0.1,0.9,TX,1
NG_5012_2,578,2,1,0,18.8,-1,-1,100900.0,25700.0,6.94,9.644,TX_NG,0.3,0.1,0.9,TX,1
NG_12742_5,2090,2,1,0,44.5,-1,-1,100900.0,25700.0,6.94,9.717,TX_NG,0.506,0.1,0.9,TX,1
NG_12742_4,2090,2,1,0,44.5,-1,-1,100900.0,25700.0,6.94,9.717,TX_NG,0.506,0.1,0.9,TX,1
NG_7058_5,1379,2,1,0,28.5,-1,-1,100900.0,25700.0,6.94,9.671,TX_NG,0.491,0.1,0.9,TX,1
NG_7355_1,1642,2,1,0,169.0,-1,-1,100900.0,25700.0,6.94,10.067,TX_NG,0.3,0.1,0.9,TX,1
NG_12742_3,2090,2,1,0,44.5,-1,-1,100900.0,25700.0,6.94,9.717,TX_NG,0.506,0.1,0.9,TX,1
NG_12742_2,2090,2,1,0,44.5,-1,-1,100900.0,25700.0,6.94,9.717,TX_NG,0.506,0.1,0.9,TX,1
NG_7058_4,1379,2,1,0,32.0,-1,-1,100900.0,25700.0,6.94,9.681,TX_NG,0.625,0.1,0.9,TX,1
NG_5012_12,578,2,1,0,18.8,-1,-1,100900.0,25700.0,6.94,9.644,TX_NG,0.3,0.1,0.9,TX,1
NG_12742_1,2090,2,1,0,44.5,-1,-1,100900.0,25700.0,6.94,9.717,TX_NG,0.506,0.1,0.9,TX,1
NG_12998_1,2320,2,1,0,70.0,-1,-1,100900.0,25700.0,6.94,9.788,TX_NG,0.571,0.1,0.9,TX,1
NG_12741_1,2089,2,1,0,85.0,-1,-1,100900.0,25700.0,6.94,9.83,TX_NG,0.3,0.1,0.9,TX,1
NG_12740_1,2088,2,1,0,140.0,-1,-1,100900.0,25700.0,6.94,9.986,TX_NG,0.643,0.1,0.9,TX,1
NG_5012_11,578,2,1,0,18.8,-1,-1,100900.0,25700.0,6.94,9.644,TX_NG,0.3,0.1,0.9,TX,1
NG_7058_1,1379,2,1,0,58.0,-1,-1,100900.0,25700.0,6.94,9.755,TX_NG,0.3,0.1,0.9,TX,1
NG_7400_73,1677,2,1,0,57.0,-1,-1,100900.0,25700.0,6.94,9.753,TX_NG,0.526,0.1,0.9,TX,1
NG_13016_1,2338,2,1,0,110.0,-1,-1,100900.0,25700.0,6.94,9.902,TX_NG,0.3,0.1,0.9,TX,1
NG_7054_2,1375,2,1,0,43.0,-1,-1,100900.0,25700.0,6.94,9.713,TX_NG,0.465,0.1,0.9,TX,1
NG_5012_10,578,2,1,0,18.8,-1,-1,100900.0,25700.0,6.94,9.644,TX_NG,0.3,0.1,0.9,TX,1
NG_13377_7,2699,2,1,0,18.0,-1,-1,100900.0,25700.0,6.94,9.641,TX_NG,0.556,0.1,0.9,TX,1
NG_7054_1,1375,2,1,0,43.0,-1,-1,100900.0,25700.0,6.94,9.713,TX_NG,0.465,0.1,0.9,TX,1
NG_12729_3,2078,2,1,0,138.0,-1,-1,100900.0,25700.0,6.94,9.979,TX_NG,0.3,0.1,0.9,TX,1
NG_7400_84,1677,2,1,0,56.0,-1,-1,100900.0,25700.0,6.94,9.748,TX_NG,0.536,0.1,0.9,TX,1
NG_5012_1,578,2,1,0,18.8,-1,-1,100900.0,25700.0,6.94,9.644,TX_NG,0.3,0.1,0.9,TX,1
NG_7034_1,1355,2,1,0,15.0,-1,-1,100900.0,25700.0,6.94,9.633,TX_NG,0.3,0.1,0.9,TX,1
NG_12622_ST,1978,2,1,0,172.0,-1,-1,100900.0,25700.0,6.94,10.076,TX_NG,0.378,0.1,0.9,TX,1
NG_7033_1,1354,2,1,0,30.0,-1,-1,100900.0,25700.0,6.94,9.675,TX_NG,0.567,0.1,0.9,TX,1
NG_7032_1,1353,2,1,0,30.0,-1,-1,100900.0,25700.0,6.94,9.675,TX_NG,0.567,0.1,0.9,TX,1
NG_7031_1,1352,2,1,0,30.0,-1,-1,100900.0,25700.0,6.94,9.675,TX_NG,0.667,0.1,0.9,TX,1
NG_4162_9,534,2,1,0,157.0,-1,-1,100900.0,25700.0,6.94,10.034,TX_NG,0.382,0.1,0.9,TX,1
NG_7029_3,1350,2,1,0,12.0,-1,-1,100900.0,25700.0,6.94,9.625,TX_NG,0.3,0.1,0.9,TX,1
NG_13406_1,2728,2,1,0,42.5,-1,-1,100900.0,25700.0,6.94,9.711,TX_NG,0.3,0.1,0.9,TX,1
NG_12706_1,2057,2,1,0,204.0,-1,-1,112900.0,33500.0,2.12,6.171,TX_NG,0.4,0.1,0.64,TX,1
NG_12705_1,2056,2,1,0,204.0,-1,-1,112900.0,33500.0,2.12,6.171,TX_NG,0.4,0.1,0.64,TX,1
NG_7029_2,1350,2,1,0,15.0,-1,-1,100900.0,25700.0,6.94,9.633,TX_NG,0.3,0.1,0.9,TX,1
NG_12702_1,2053,2,1,0,92.0,-1,-1,100900.0,25700.0,6.94,9.849,TX_NG,0.707,0.1,0.9,TX,1
NG_7029_1,1350,2,1,0,15.0,-1,-1,100900.0,25700.0,6.94,9.633,TX_NG,0.3,0.1,0.9,TX,1
NG_4161_8,533,2,1,0,157.0,-1,-1,100900.0,25700.0,6.94,10.034,TX_NG,0.382,0.1,0.9,TX,1
NG_12701_1,2052,2,1,0,92.0,-1,-1,100900.0,25700.0,6.94,9.849,TX_NG,0.707,0.1,0.9,TX,1
NG_7024_10,1346,2,1,0,37.0,-1,-1,100900.0,25700.0,6.94,9.696,TX_NG,0.3,0.1,0.9,TX,1
NG_12692_1,2044,2,1,0,109.0,-1,-1,100900.0,25700.0,6.94,9.897,TX_NG,0.826,0.1,0.9,TX,1
NG_12689_9,2041,2,1,0,44.5,-1,-1,100900.0,25700.0,6.94,9.717,TX_NG,0.506,0.1,0.9,TX,1
NG_12689_8,2041,2,1,0,44.5,-1,-1,100900.0,25700.0,6.94,9.717,TX_NG,0.506,0.1,0.9,TX,1
NG_12689_7,2041,2,1,0,44.5,-1,-1,100900.0,25700.0,6.94,9.717,TX_NG,0.506,0.1,0.9,TX,1
NG_12689_6,2041,2,1,0,44.5,-1,-1,100900.0,25700.0,6.94,9.717,TX_NG,0.506,0.1,0.9,TX,1
NG_1074_1,71,2,1,0,166.7,-1,-1,100900.0,25700.0,6.94,10.061,TX_NG,0.509,0.1,0.9,TX,1
NG_12689_5,2041,2,1,0,44.5,-1,-1,100900.0,25700.0,6.94,9.717,TX_NG,0.506,0.1,0.9,TX,1
NG_2024_1,148,2,1,0,76.0,-1,-1,100900.0,25700.0,6.94,9.805,TX_NG,0.526,0.1,0.9,TX,1
NG_13377_6A,2699,2,1,0,18.0,-1,-1,100900.0,25700.0,6.94,9.641,TX_NG,0.556,0.1,0.9,TX,1
NG_12689_4,2041,2,1,0,44.5,-1,-1,100900.0,25700.0,6.94,9.717,TX_NG,0.506,0.1,0.9,TX,1
NG_12689_3,2041,2,1,0,44.5,-1,-1,100900.0,25700.0,6.94,9.717,TX_NG,0.506,0.1,0.9,TX,1
NG_7007_1,1330,2,1,0,167.0,-1,-1,100900.0,25700.0,6.94,10.061,TX_NG,0.389,0.1,0.9,TX,1
NG_12689_2,2041,2,1,0,44.5,-1,-1,100900.0,25700.0,6.94,9.717,TX_NG,0.506,0.1,0.9,TX,1
NG_12689_10,2041,2,1,0,44.5,-1,-1,100900.0,25700.0,6.94,9.717,TX_NG,0.506,0.1,0.9,TX,1
NG_12689_1,2041,2,1,0,44.5,-1,-1,100900.0,25700.0,6.94,9.717,TX_NG,0.506,0.1,0.9,TX,1
NG_7005_1,1328,2,1,0,171.0,-1,-1,100900.0,25700.0,6.94,10.072,TX_NG,0.468,0.1,0.9,TX,1
NG_4116_5,494,2,1,0,87.3,-1,-1,100900.0,25700.0,6.94,9.837,TX_NG,0.401,0.1,0.9,TX,1
NG_6304_U3,1272,2,1,0,228.0,-1,-1,112900.0,33500.0,2.12,6.213,TX_NG,0.526,0.1,0.64,TX,1
NG_6302_U2,1270,2,1,0,229.0,-1,-1,112900.0,33500.0,2.12,6.214,TX_NG,0.655,0.1,0.64,TX,1
NG_13126_7,2448,2,1,0,48.0,-1,-1,100900.0,25700.0,6.94,9.725,TX_NG,0.417,0.1,0.9,TX,1
NG_2023_1,147,2,1,0,87.0,-1,-1,100900.0,25700.0,6.94,9.837,TX_NG,0.3,0.1,0.9,TX,1
NG_6301_U4,1269,2,1,0,231.0,-1,-1,112900.0,33500.0,2.12,6.218,TX_NG,0.519,0.1,0.64,TX,1
NG_12623_1,1979,2,1,0,169.0,-1,-1,100900.0,25700.0,6.94,10.067,TX_NG,0.621,0.1,0.9,TX,1
NG_12673_1,2026,2,1,0,68.0,-1,-1,100900.0,25700.0,6.94,9.782,TX_NG,0.809,0.1,0.9,TX,1
NG_6297_1,1265,2,1,0,171.0,-1,-1,100900.0,25700.0,6.94,10.072,TX_NG,0.55,0.1,0.9,TX,1
NG_12672_1,2025,2,1,0,68.0,-1,-1,100900.0,25700.0,6.94,9.782,TX_NG,0.809,0.1,0.9,TX,1
NG_12671_1,2024,2,1,0,70.0,-1,-1,100900.0,25700.0,6.94,9.788,TX_NG,0.786,0.1,0.9,TX,1
NG_6296_1,1264,2,1,0,171.0,-1,-1,100900.0,25700.0,6.94,10.072,TX_NG,0.55,0.1,0.9,TX,1
NG_12670_1,2023,2,1,0,70.0,-1,-1,100900.0,25700.0,6.94,9.788,TX_NG,0.786,0.1,0.9,TX,1
NG_12669_1,2022,2,1,0,98.1,-1,-1,100900.0,25700.0,6.94,9.868,TX_NG,0.591,0.1,0.9,TX,1
NG_4103_9,481,2,1,0,18.3,-1,-1,100900.0,25700.0,6.94,9.644,TX_NG,0.41,0.1,0.9,TX,1
NG_12507_1,1866,2,1,0,406.0,-1,-1,112900.0,33500.0,2.12,6.516,TX_NG,0.4,0.1,0.64,TX,1
NG_1052_1,51,2,1,0,63.0,-1,-1,100900.0,25700.0,6.94,9.769,TX_NG,0.651,0.1,0.9,TX,1
NG_6277_G7,1245,2,1,0,18.4,-1,-1,100900.0,25700.0,6.94,9.644,TX_NG,0.3,0.1,0.9,TX,1
NG_6277_G6,1245,2,1,0,18.4,-1,-1,100900.0,25700.0,6.94,9.644,TX_NG,0.3,0.1,0.9,TX,1
NG_6277_G5,1245,2,1,0,18.4,-1,-1,100900.0,25700.0,6.94,9.644,TX_NG,0.3,0.1,0.9,TX,1
NG_4103_7,481,2,1,0,18.3,-1,-1,100900.0,25700.0,6.94,9.644,TX_NG,0.41,0.1,0.9,TX,1
NG_6277_G4,1245,2,1,0,18.4,-1,-1,100900.0,25700.0,6.94,9.644,TX_NG,0.3,0.1,0.9,TX,1
NG_4103_6,481,2,1,0,18.3,-1,-1,100900.0,25700.0,6.94,9.644,TX_NG,0.41,0.1,0.9,TX,1
NG_12645_1,1999,2,1,0,157.0,-1,-1,100900.0,25700.0,6.94,10.034,TX_NG,0.573,0.1,0.9,TX,1
NG_6277_G2,1245,2,1,0,18.4,-1,-1,100900.0,25700.0,6.94,9.644,TX_NG,0.3,0.1,0.9,TX,1
NG_12644_1,1998,2,1,0,159.0,-1,-1,100900.0,25700.0,6.94,10.038,TX_NG,0.566,0.1,0.9,TX,1
NG_4103_5,481,2,1,0,18.3,-1,-1,100900.0,25700.0,6.94,9.644,TX_NG,0.41,0.1,0.9,TX,1
NG_6260_1,1237,2,1,0,47.3,-1,-1,100900.0,25700.0,6.94,9.725,TX_NG,0.3,0.1,0.9,TX,1
NG_4103_4,481,2,1,0,18.3,-1,-1,100900.0,25700.0,6.94,9.644,TX_NG,0.41,0.1,0.9,TX,1
NG_12628_1,1983,2,1,0,160.0,-1,-1,100900.0,25700.0,6.94,10.042,TX_NG,0.3,0.1,0.9,TX,1
NG_6259_1,1236,2,1,0,47.3,-1,-1,100900.0,25700.0,6.94,9.725,TX_NG,0.3,0.1,0.9,TX,1
NG_12627_1,1982,2,1,0,173.0,-1,-1,100900.0,25700.0,6.94,10.078,TX_NG,0.549,0.1,0.9,TX,1
NG_12626_1,1981,2,1,0,173.0,-1,-1,100900.0,25700.0,6.94,10.078,TX_NG,0.549,0.1,0.9,TX,1
NG_6258_5C,1235,2,1,0,151.0,-1,-1,100900.0,25700.0,6.94,10.015,TX_NG,0.364,0.1,0.9,TX,1
NG_4103_3,481,2,1,0,18.3,-1,-1,100900.0,25700.0,6.94,9.644,TX_NG,0.41,0.1,0.9,TX,1
NG_6257_5A,1234,2,1,0,161.0,-1,-1,100900.0,25700.0,6.94,10.044,TX_NG,0.571,0.1,0.9,TX,1
NG_1051_1,50,2,1,0,64.0,-1,-1,100900.0,25700.0,6.94,9.772,TX_NG,0.641,0.1,0.9,TX,1
NG_6254_4,1231,2,1,0,47.3,-1,-1,100900.0,25700.0,6.94,9.725,TX_NG,0.3,0.1,0.9,TX,1
NG_13377_8,2699,2,1,0,38.0,-1,-1,100900.0,25700.0,6.94,9.698,TX_NG,0.789,0.1,0.9,TX,1
NG_4103_2,481,2,1,0,18.3,-1,-1,100900.0,25700.0,6.94,9.644,TX_NG,0.41,0.1,0.9,TX,1
NG_12616_1,1972,2,1,0,168.0,-1,-1,100900.0,25700.0,6.94,10.063,TX_NG,0.565,0.1,0.9,TX,1
NG_6254_3,1231,2,1,0,47.3,-1,-1,100900.0,25700.0,6.94,9.725,TX_NG,0.317,0.1,0.9,TX,1
NG_12614_1,1970,2,1,0,180.0,-1,-1,100900.0,25700.0,6.94,10.097,TX_NG,0.417,0.1,0.9,TX,1
NG_12612_2,1968,2,1,0,164.0,-1,-1,100900.0,25700.0,6.94,10.053,TX_NG,0.549,0.1,0.9,TX,1
NG_4103_12,481,2,1,0,18.3,-1,-1,100900.0,25700.0,6.94,9.644,TX_NG,0.41,0.1,0.9,TX,1
NG_2118_1,235,2,1,0,153.0,-1,-1,100900.0,25700.0,6.94,10.021,TX_NG,0.588,0.1,0.9,TX,1
NG_12611_1,1967,2,1,0,164.0,-1,-1,100900.0,25700.0,6.94,10.053,TX_NG,0.549,0.1,0.9,TX,1
NG_12610_3,1966,2,1,0,190.0,-1,-1,100900.0,25700.0,6.94,10.126,TX_NG,0.316,0.1,0.9,TX,1
NG_6254_1,1231,2,1,0,47.3,-1,-1,100900.0,25700.0,6.94,9.725,TX_NG,0.3,0.1,0.9,TX,1
NG_13358_1,2680,2,1,0,43.0,-1,-1,100900.0,25700.0,6.94,9.713,TX_NG,0.791,0.1,0.9,TX,1
NG_4103_11,481,2,1,0,18.3,-1,-1,100900.0,25700.0,6.94,9.644,TX_NG,0.41,0.1,0.9,TX,1
NG_6242_1,1225,2,1,0,420.0,-1,-1,112900.0,33500.0,2.12,6.54,TX_NG,0.4,0.1,0.64,TX,1
NG_6233_4,1216,2,1,0,52.0,-1,-1,100900.0,25700.0,6.94,9.738,TX_NG,0.942,0.1,0.9,TX,1
NG_4103_10,481,2,1,0,18.3,-1,-1,100900.0,25700.0,6.94,9.644,TX_NG,0.41,0.1,0.9,TX,1
NG_12643_1,1997,2,1,0,177.0,-1,-1,100900.0,25700.0,6.94,10.088,TX_NG,0.35,0.1,0.9,TX,1
NG_13253_4,2575,2,1,0,18.0,-1,-1,100900.0,25700.0,6.94,9.641,TX_NG,0.889,0.1,0.9,TX,1
NG_13376_1,2698,2,1,0,75.0,-1,-1,100900.0,25700.0,6.94,9.803,TX_NG,0.3,0.1,0.9,TX,1
DFO_4069_2,455,2,0,0,26.6,-1,-1,100900.0,25700.0,6.94,11.0,TX_oil,0.25,0.1,0.9,TX,1
DFO_4069_1,455,2,0,0,26.6,-1,-1,100900.0,25700.0,6.94,11.0,TX_oil,0.25,0.1,0.9,TX,1
DFO_5049_1,606,2,0,0,23.0,-1,-1,100900.0,25700.0,6.94,11.0,TX_oil,0.435,0.1,0.9,TX,1
DFO_12727_1,2076,2,0,0,65.0,-1,-1,100900.0,25700.0,6.94,11.0,TX_oil,0.462,0.1,0.9,TX,1
DFO_12726_1,2075,2,0,0,65.0,-1,-1,100900.0,25700.0,6.94,11.0,TX_oil,0.462,0.1,0.9,TX,1
DFO_12725_1,2074,2,0,0,66.0,-1,-1,100900.0,25700.0,6.94,11.0,TX_oil,0.455,0.1,0.9,TX,1
DFO_12723_1,2072,2,0,0,67.0,-1,-1,100900.0,25700.0,6.94,11.0,TX_oil,0.448,0.1,0.9,TX,1
DFO_12722_1,2071,2,0,0,67.0,-1,-1,100900.0,25700.0,6.94,11.0,TX_oil,0.448,0.1,0.9,TX,1
BIT_12525_1,1884,2,1,0,560.0,-1,-1,278300.0,85300.0,9.18,8.419,TX_coal,0.4,0.05,0.3,TX,1
BIT_12524_2,1883,2,1,0,785.0,-1,-1,278300.0,85300.0,9.18,8.419,TX_coal,0.4,0.05,0.3,TX,1
BIT_6080_3,1079,2,1,0,435.0,-1,-1,278300.0,85300.0,9.18,8.419,TX_coal,0.414,0.05,0.3,TX,1
BIT_6079_2,1078,2,1,0,590.0,-1,-1,278300.0,85300.0,9.18,8.419,TX_coal,0.4,0.05,0.3,TX,1
BIT_6078_1,1077,2,1,0,590.0,-1,-1,278300.0,85300.0,9.18,8.419,TX_coal,0.4,0.05,0.3,TX,1
BIT_12504_1,1863,2,1,0,800.0,-1,-1,278300.0,85300.0,9.18,8.419,TX_coal,0.4,0.05,0.3,TX,1
BIT_12503_3,1862,2,1,0,805.0,-1,-1,278300.0,85300.0,9.18,8.419,TX_coal,0.4,0.05,0.3,TX,1
BIT_12502_2,1861,2,1,0,805.0,-1,-1,278300.0,85300.0,9.18,8.419,TX_coal,0.4,0.05,0.3,TX,1
BIT_8088_1,1790,2,1,0,855.0,-1,-1,278300.0,85300.0,9.18,8.419,TX_coal,0.532,0.05,0.3,TX,1
BIT_8087_1,1789,2,1,0,855.0,-1,-1,278300.0,85300.0,9.18,8.419,TX_coal,0.407,0.05,0.3,TX,1
BIT_8071_1,1774,2,1,0,824.0,-1,-1,278300.0,85300.0,9.18,8.419,TX_coal,0.4,0.05,0.3,TX,1
BIT_8070_2,1773,2,1,0,836.0,-1,-1,278300.0,85300.0,9.18,8.419,TX_coal,0.4,0.05,0.3,TX,1
BIT_5360_1,898,2,1,0,932.6,-1,-1,278300.0,85300.0,9.18,8.419,TX_coal,0.4,0.05,0.3,TX,1
BIT_4030_1,419,2,1,0,655.0,-1,-1,278300.0,85300.0,9.18,8.419,TX_coal,0.4,0.05,0.3,TX,1
BIT_4026_1,415,2,1,0,391.0,-1,-1,278300.0,85300.0,9.18,8.419,TX_coal,0.639,0.05,0.3,TX,1
BIT_7349_5,1636,2,1,0,664.0,-1,-1,278300.0,85300.0,9.18,8.419,TX_coal,0.4,0.05,0.3,TX,1
BIT_12777_1,2118,2,1,0,152.0,-1,-1,278300.0,85300.0,9.18,8.419,TX_coal,0.625,0.05,0.3,TX,1
BIT_12776_2,2117,2,1,0,153.0,-1,-1,278300.0,85300.0,9.18,8.419,TX_coal,0.621,0.05,0.3,TX,1
