Region_description,Network_zones,CapRes_1
TX,z1,0.1375
TX,z2,0.1375
TX,z3,0.1375
TX,z4,0.1375
TX,z5,0.1375
TX,z6,0.1375
TX,z7,0.1375
TX,z8,0.1375
TX,z9,0.1375
TX,z10,0.1375
TX,z11,0.1375
TX,z12,0.1375
TX,z13,0.1375
TX,z14,0.1375
TX,z15,0.1375
TX,z16,0.1375
TX,z17,0.1375
TX,z18,0.1375
TX,z19,0.1375
TX,z20,0.1375
TX,z21,0.1375
TX,z22,0.1375
TX,z23,0.1375
TX,z24,0.1375
TX,z25,0.1375
TX,z26,0.1375
TX,z27,0.1375
TX,z28,0.1375
TX,z29,0.1375
TX,z30,0.1375
TX,z31,0.1375
TX,z32,0.1375
TX,z33,0.1375
TX,z34,0.1375
TX,z35,0.1375
TX,z36,0.1375
TX,z37,0.1375
TX,z38,0.1375
TX,z39,0.1375
TX,z40,0.1375
TX,z41,0.1375
TX,z42,0.1375
TX,z43,0.1375
TX,z44,0.1375
TX,z45,0.1375
TX,z46,0.1375
TX,z47,0.1375
TX,z48,0.1375
TX,z49,0.1375
TX,z50,0.1375
TX,z51,0.1375
TX,z52,0.1375
TX,z53,0.1375
TX,z54,0.1375
TX,z55,0.1375
TX,z56,0.1375
TX,z57,0.1375
TX,z58,0.1375
TX,z59,0.1375
TX,z60,0.1375
TX,z61,0.1375
TX,z62,0.1375
TX,z63,0.1375
TX,z64,0.1375
TX,z65,0.1375
TX,z66,0.1375
TX,z67,0.1375
TX,z68,0.1375
TX,z69,0.1375
TX,z70,0.1375
TX,z71,0.1375
TX,z72,0.1375
TX,z73,0.1375
TX,z74,0.1375
TX,z75,0.1375
TX,z76,0.1375
TX,z77,0.1375
TX,z78,0.1375
TX,z79,0.1375
TX,z80,0.1375
TX,z81,0.1375
TX,z82,0.1375
TX,z83,0.1375
TX,z84,0.1375
TX,z85,0.1375
TX,z86,0.1375
TX,z87,0.1375
TX,z88,0.1375
TX,z89,0.1375
TX,z90,0.1375
TX,z91,0.1375
TX,z92,0.1375
TX,z93,0.1375
TX,z94,0.1375
TX,z95,0.1375
TX,z96,0.1375
TX,z97,0.1375
TX,z98,0.1375
TX,z99,0.1375
TX,z100,0.1375
TX,z101,0.1375
TX,z102,0.1375
TX,z103,0.1375
TX,z104,0.1375
TX,z105,0.1375
TX,z106,0.1375
TX,z107,0.1375
TX,z108,0.1375
TX,z109,0.1375
TX,z110,0.1375
TX,z111,0.1375
TX,z112,0.1375
TX,z113,0.1375
TX,z114,0.1375
TX,z115,0.1375
TX,z116,0.1375
TX,z117,0.1375
TX,z118,0.1375
TX,z119,0.1375
TX,z120,0.1375
TX,z121,0.1375
TX,z122,0.1375
TX,z123,0.1375
TX,z124,0.1375
TX,z125,0.1375
TX,z126,0.1375
TX,z127,0.1375
TX,z128,0.1375
TX,z129,0.1375
TX,z130,0.1375
TX,z131,0.1375
TX,z132,0.1375
TX,z133,0.1375
TX,z134,0.1375
TX,z135,0.1375
TX,z136,0.1375
TX,z137,0.1375
TX,z138,0.1375
TX,z139,0.1375
TX,z140,0.1375
TX,z141,0.1375
TX,z142,0.1375
TX,z143,0.1375
TX,z144,0.1375
TX,z145,0.1375
TX,z146,0.1375
TX,z147,0.1375
TX,z148,0.1375
TX,z149,0.1375
TX,z150,0.1375
TX,z151,0.1375
TX,z152,0.1375
TX,z153,0.1375
TX,z154,0.1375
TX,z155,0.1375
TX,z156,0.1375
TX,z157,0.1375
TX,z158,0.1375
TX,z159,0.1375
TX,z160,0.1375
TX,z161,0.1375
TX,z162,0.1375
TX,z163,0.1375
TX,z164,0.1375
TX,z165,0.1375
TX,z166,0.1375
TX,z167,0.1375
TX,z168,0.1375
TX,z169,0.1375
TX,z170,0.1375
TX,z171,0.1375
TX,z172,0.1375
TX,z173,0.1375
TX,z174,0.1375
TX,z175,0.1375
TX,z176,0.1375
TX,z177,0.1375
TX,z178,0.1375
TX,z179,0.1375
TX,z180,0.1375
TX,z181,0.1375
TX,z182,0.1375
TX,z183,0.1375
TX,z184,0.1375
TX,z185,0.1375
TX,z186,0.1375
TX,z187,0.1375
TX,z188,0.1375
TX,z189,0.1375
TX,z190,0.1375
TX,z191,0.1375
TX,z192,0.1375
TX,z193,0.1375
TX,z194,0.1375
TX,z195,0.1375
TX,z196,0.1375
TX,z197,0.1375
TX,z198,0.1375
TX,z199,0.1375
TX,z200,0.1375
TX,z201,0.1375
TX,z202,0.1375
TX,z203,0.1375
TX,z204,0.1375
TX,z205,0.1375
TX,z206,0.1375
TX,z207,0.1375
TX,z208,0.1375
TX,z209,0.1375
TX,z210,0.1375
TX,z211,0.1375
TX,z212,0.1375
TX,z213,0.1375
TX,z214,0.1375
TX,z215,0.1375
TX,z216,0.1375
TX,z217,0.1375
TX,z218,0.1375
TX,z219,0.1375
TX,z220,0.1375
TX,z221,0.1375
TX,z222,0.1375
TX,z223,0.1375
TX,z224,0.1375
TX,z225,0.1375
TX,z226,0.1375
TX,z227,0.1375
TX,z228,0.1375
TX,z229,0.1375
TX,z230,0.1375
TX,z231,0.1375
TX,z232,0.1375
TX,z233,0.1375
TX,z234,0.1375
TX,z235,0.1375
TX,z236,0.1375
TX,z237,0.1375
TX,z238,0.1375
TX,z239,0.1375
TX,z240,0.1375
TX,z241,0.1375
TX,z242,0.1375
TX,z243,0.1375
TX,z244,0.1375
TX,z245,0.1375
TX,z246,0.1375
TX,z247,0.1375
TX,z248,0.1375
TX,z249,0.1375
TX,z250,0.1375
TX,z251,0.1375
TX,z252,0.1375
TX,z253,0.1375
TX,z254,0.1375
TX,z255,0.1375
TX,z256,0.1375
TX,z257,0.1375
TX,z258,0.1375
TX,z259,0.1375
TX,z260,0.1375
TX,z261,0.1375
TX,z262,0.1375
TX,z263,0.1375
TX,z264,0.1375
TX,z265,0.1375
TX,z266,0.1375
TX,z267,0.1375
TX,z268,0.1375
TX,z269,0.1375
TX,z270,0.1375
TX,z271,0.1375
TX,z272,0.1375
TX,z273,0.1375
TX,z274,0.1375
TX,z275,0.1375
TX,z276,0.1375
TX,z277,0.1375
TX,z278,0.1375
TX,z279,0.1375
TX,z280,0.1375
TX,z281,0.1375
TX,z282,0.1375
TX,z283,0.1375
TX,z284,0.1375
TX,z285,0.1375
TX,z286,0.1375
TX,z287,0.1375
TX,z288,0.1375
TX,z289,0.1375
TX,z290,0.1375
TX,z291,0.1375
TX,z292,0.1375
TX,z293,0.1375
TX,z294,0.1375
TX,z295,0.1375
TX,z296,0.1375
TX,z297,0.1375
TX,z298,0.1375
TX,z299,0.1375
TX,z300,0.1375
TX,z301,0.1375
TX,z302,0.1375
TX,z303,0.1375
TX,z304,0.1375
TX,z305,0.1375
TX,z306,0.1375
TX,z307,0.1375
TX,z308,0.1375
TX,z309,0.1375
TX,z310,0.1375
TX,z311,0.1375
TX,z312,0.1375
TX,z313,0.1375
TX,z314,0.1375
TX,z315,0.1375
TX,z316,0.1375
TX,z317,0.1375
TX,z318,0.1375
TX,z319,0.1375
TX,z320,0.1375
TX,z321,0.1375
TX,z322,0.1375
TX,z323,0.1375
TX,z324,0.1375
TX,z325,0.1375
TX,z326,0.1375
TX,z327,0.1375
TX,z328,0.1375
TX,z329,0.1375
TX,z330,0.1375
TX,z331,0.1375
TX,z332,0.1375
TX,z333,0.1375
TX,z334,0.1375
TX,z335,0.1375
TX,z336,0.1375
TX,z337,0.1375
TX,z338,0.1375
TX,z339,0.1375
TX,z340,0.1375
TX,z341,0.1375
TX,z342,0.1375
TX,z343,0.1375
TX,z344,0.1375
TX,z345,0.1375
TX,z346,0.1375
TX,z347,0.1375
TX,z348,0.1375
TX,z349,0.1375
TX,z350,0.1375
TX,z351,0.1375
TX,z352,0.1375
TX,z353,0.1375
TX,z354,0.1375
TX,z355,0.1375
TX,z356,0.1375
TX,z357,0.1375
TX,z358,0.1375
TX,z359,0.1375
TX,z360,0.1375
TX,z361,0.1375
TX,z362,0.1375
TX,z363,0.1375
TX,z364,0.1375
TX,z365,0.1375
TX,z366,0.1375
TX,z367,0.1375
TX,z368,0.1375
TX,z369,0.1375
TX,z370,0.1375
TX,z371,0.1375
TX,z372,0.1375
TX,z373,0.1375
TX,z374,0.1375
TX,z375,0.1375
TX,z376,0.1375
TX,z377,0.1375
TX,z378,0.1375
TX,z379,0.1375
TX,z380,0.1375
TX,z381,0.1375
TX,z382,0.1375
TX,z383,0.1375
TX,z384,0.1375
TX,z385,0.1375
TX,z386,0.1375
TX,z387,0.1375
TX,z388,0.1375
TX,z389,0.1375
TX,z390,0.1375
TX,z391,0.1375
TX,z392,0.1375
TX,z393,0.1375
TX,z394,0.1375
TX,z395,0.1375
TX,z396,0.1375
TX,z397,0.1375
TX,z398,0.1375
TX,z399,0.1375
TX,z400,0.1375
TX,z401,0.1375
TX,z402,0.1375
TX,z403,0.1375
TX,z404,0.1375
TX,z405,0.1375
TX,z406,0.1375
TX,z407,0.1375
TX,z408,0.1375
TX,z409,0.1375
TX,z410,0.1375
TX,z411,0.1375
TX,z412,0.1375
TX,z413,0.1375
TX,z414,0.1375
TX,z415,0.1375
TX,z416,0.1375
TX,z417,0.1375
TX,z418,0.1375
TX,z419,0.1375
TX,z420,0.1375
TX,z421,0.1375
TX,z422,0.1375
TX,z423,0.1375
TX,z424,0.1375
TX,z425,0.1375
TX,z426,0.1375
TX,z427,0.1375
TX,z428,0.1375
TX,z429,0.1375
TX,z430,0.1375
TX,z431,0.1375
TX,z432,0.1375
TX,z433,0.1375
TX,z434,0.1375
TX,z435,0.1375
TX,z436,0.1375
TX,z437,0.1375
TX,z438,0.1375
TX,z439,0.1375
TX,z440,0.1375
TX,z441,0.1375
TX,z442,0.1375
TX,z443,0.1375
TX,z444,0.1375
TX,z445,0.1375
TX,z446,0.1375
TX,z447,0.1375
TX,z448,0.1375
TX,z449,0.1375
TX,z450,0.1375
TX,z451,0.1375
TX,z452,0.1375
TX,z453,0.1375
TX,z454,0.1375
TX,z455,0.1375
TX,z456,0.1375
TX,z457,0.1375
TX,z458,0.1375
TX,z459,0.1375
TX,z460,0.1375
TX,z461,0.1375
TX,z462,0.1375
TX,z463,0.1375
TX,z464,0.1375
TX,z465,0.1375
TX,z466,0.1375
TX,z467,0.1375
TX,z468,0.1375
TX,z469,0.1375
TX,z470,0.1375
TX,z471,0.1375
TX,z472,0.1375
TX,z473,0.1375
TX,z474,0.1375
TX,z475,0.1375
TX,z476,0.1375
TX,z477,0.1375
TX,z478,0.1375
TX,z479,0.1375
TX,z480,0.1375
TX,z481,0.1375
TX,z482,0.1375
TX,z483,0.1375
TX,z484,0.1375
TX,z485,0.1375
TX,z486,0.1375
TX,z487,0.1375
TX,z488,0.1375
TX,z489,0.1375
TX,z490,0.1375
TX,z491,0.1375
TX,z492,0.1375
TX,z493,0.1375
TX,z494,0.1375
TX,z495,0.1375
TX,z496,0.1375
TX,z497,0.1375
TX,z498,0.1375
TX,z499,0.1375
TX,z500,0.1375
TX,z501,0.1375
TX,z502,0.1375
TX,z503,0.1375
TX,z504,0.1375
TX,z505,0.1375
TX,z506,0.1375
TX,z507,0.1375
TX,z508,0.1375
TX,z509,0.1375
TX,z510,0.1375
TX,z511,0.1375
TX,z512,0.1375
TX,z513,0.1375
TX,z514,0.1375
TX,z515,0.1375
TX,z516,0.1375
TX,z517,0.1375
TX,z518,0.1375
TX,z519,0.1375
TX,z520,0.1375
TX,z521,0.1375
TX,z522,0.1375
TX,z523,0.1375
TX,z524,0.1375
TX,z525,0.1375
TX,z526,0.1375
TX,z527,0.1375
TX,z528,0.1375
TX,z529,0.1375
TX,z530,0.1375
TX,z531,0.1375
TX,z532,0.1375
TX,z533,0.1375
TX,z534,0.1375
TX,z535,0.1375
TX,z536,0.1375
TX,z537,0.1375
TX,z538,0.1375
TX,z539,0.1375
TX,z540,0.1375
TX,z541,0.1375
TX,z542,0.1375
TX,z543,0.1375
TX,z544,0.1375
TX,z545,0.1375
TX,z546,0.1375
TX,z547,0.1375
TX,z548,0.1375
TX,z549,0.1375
TX,z550,0.1375
TX,z551,0.1375
TX,z552,0.1375
TX,z553,0.1375
TX,z554,0.1375
TX,z555,0.1375
TX,z556,0.1375
TX,z557,0.1375
TX,z558,0.1375
TX,z559,0.1375
TX,z560,0.1375
TX,z561,0.1375
TX,z562,0.1375
TX,z563,0.1375
TX,z564,0.1375
TX,z565,0.1375
TX,z566,0.1375
TX,z567,0.1375
TX,z568,0.1375
TX,z569,0.1375
TX,z570,0.1375
TX,z571,0.1375
TX,z572,0.1375
TX,z573,0.1375
TX,z574,0.1375
TX,z575,0.1375
TX,z576,0.1375
TX,z577,0.1375
TX,z578,0.1375
TX,z579,0.1375
TX,z580,0.1375
TX,z581,0.1375
TX,z582,0.1375
TX,z583,0.1375
TX,z584,0.1375
TX,z585,0.1375
TX,z586,0.1375
TX,z587,0.1375
TX,z588,0.1375
TX,z589,0.1375
TX,z590,0.1375
TX,z591,0.1375
TX,z592,0.1375
TX,z593,0.1375
TX,z594,0.1375
TX,z595,0.1375
TX,z596,0.1375
TX,z597,0.1375
TX,z598,0.1375
TX,z599,0.1375
TX,z600,0.1375
TX,z601,0.1375
TX,z602,0.1375
TX,z603,0.1375
TX,z604,0.1375
TX,z605,0.1375
TX,z606,0.1375
TX,z607,0.1375
TX,z608,0.1375
TX,z609,0.1375
TX,z610,0.1375
TX,z611,0.1375
TX,z612,0.1375
TX,z613,0.1375
TX,z614,0.1375
TX,z615,0.1375
TX,z616,0.1375
TX,z617,0.1375
TX,z618,0.1375
TX,z619,0.1375
TX,z620,0.1375
TX,z621,0.1375
TX,z622,0.1375
TX,z623,0.1375
TX,z624,0.1375
TX,z625,0.1375
TX,z626,0.1375
TX,z627,0.1375
TX,z628,0.1375
TX,z629,0.1375
TX,z630,0.1375
TX,z631,0.1375
TX,z632,0.1375
TX,z633,0.1375
TX,z634,0.1375
TX,z635,0.1375
TX,z636,0.1375
TX,z637,0.1375
TX,z638,0.1375
TX,z639,0.1375
TX,z640,0.1375
TX,z641,0.1375
TX,z642,0.1375
TX,z643,0.1375
TX,z644,0.1375
TX,z645,0.1375
TX,z646,0.1375
TX,z647,0.1375
TX,z648,0.1375
TX,z649,0.1375
TX,z650,0.1375
TX,z651,0.1375
TX,z652,0.1375
TX,z653,0.1375
TX,z654,0.1375
TX,z655,0.1375
TX,z656,0.1375
TX,z657,0.1375
TX,z658,0.1375
TX,z659,0.1375
TX,z660,0.1375
TX,z661,0.1375
TX,z662,0.1375
TX,z663,0.1375
TX,z664,0.1375
TX,z665,0.1375
TX,z666,0.1375
TX,z667,0.1375
TX,z668,0.1375
TX,z669,0.1375
TX,z670,0.1375
TX,z671,0.1375
TX,z672,0.1375
TX,z673,0.1375
TX,z674,0.1375
TX,z675,0.1375
TX,z676,0.1375
TX,z677,0.1375
TX,z678,0.1375
TX,z679,0.1375
TX,z680,0.1375
TX,z681,0.1375
TX,z682,0.1375
TX,z683,0.1375
TX,z684,0.1375
TX,z685,0.1375
TX,z686,0.1375
TX,z687,0.1375
TX,z688,0.1375
TX,z689,0.1375
TX,z690,0.1375
TX,z691,0.1375
TX,z692,0.1375
TX,z693,0.1375
TX,z694,0.1375
TX,z695,0.1375
TX,z696,0.1375
TX,z697,0.1375
TX,z698,0.1375
TX,z699,0.1375
TX,z700,0.1375
TX,z701,0.1375
TX,z702,0.1375
TX,z703,0.1375
TX,z704,0.1375
TX,z705,0.1375
TX,z706,0.1375
TX,z707,0.1375
TX,z708,0.1375
TX,z709,0.1375
TX,z710,0.1375
TX,z711,0.1375
TX,z712,0.1375
TX,z713,0.1375
TX,z714,0.1375
TX,z715,0.1375
TX,z716,0.1375
TX,z717,0.1375
TX,z718,0.1375
TX,z719,0.1375
TX,z720,0.1375
TX,z721,0.1375
TX,z722,0.1375
TX,z723,0.1375
TX,z724,0.1375
TX,z725,0.1375
TX,z726,0.1375
TX,z727,0.1375
TX,z728,0.1375
TX,z729,0.1375
TX,z730,0.1375
TX,z731,0.1375
TX,z732,0.1375
TX,z733,0.1375
TX,z734,0.1375
TX,z735,0.1375
TX,z736,0.1375
TX,z737,0.1375
TX,z738,0.1375
TX,z739,0.1375
TX,z740,0.1375
TX,z741,0.1375
TX,z742,0.1375
TX,z743,0.1375
TX,z744,0.1375
TX,z745,0.1375
TX,z746,0.1375
TX,z747,0.1375
TX,z748,0.1375
TX,z749,0.1375
TX,z750,0.1375
TX,z751,0.1375
TX,z752,0.1375
TX,z753,0.1375
TX,z754,0.1375
TX,z755,0.1375
TX,z756,0.1375
TX,z757,0.1375
TX,z758,0.1375
TX,z759,0.1375
TX,z760,0.1375
TX,z761,0.1375
TX,z762,0.1375
TX,z763,0.1375
TX,z764,0.1375
TX,z765,0.1375
TX,z766,0.1375
TX,z767,0.1375
TX,z768,0.1375
TX,z769,0.1375
TX,z770,0.1375
TX,z771,0.1375
TX,z772,0.1375
TX,z773,0.1375
TX,z774,0.1375
TX,z775,0.1375
TX,z776,0.1375
TX,z777,0.1375
TX,z778,0.1375
TX,z779,0.1375
TX,z780,0.1375
TX,z781,0.1375
TX,z782,0.1375
TX,z783,0.1375
TX,z784,0.1375
TX,z785,0.1375
TX,z786,0.1375
TX,z787,0.1375
TX,z788,0.1375
TX,z789,0.1375
TX,z790,0.1375
TX,z791,0.1375
TX,z792,0.1375
TX,z793,0.1375
TX,z794,0.1375
TX,z795,0.1375
TX,z796,0.1375
TX,z797,0.1375
TX,z798,0.1375
TX,z799,0.1375
TX,z800,0.1375
TX,z801,0.1375
TX,z802,0.1375
TX,z803,0.1375
TX,z804,0.1375
TX,z805,0.1375
TX,z806,0.1375
TX,z807,0.1375
TX,z808,0.1375
TX,z809,0.1375
TX,z810,0.1375
TX,z811,0.1375
TX,z812,0.1375
TX,z813,0.1375
TX,z814,0.1375
TX,z815,0.1375
TX,z816,0.1375
TX,z817,0.1375
TX,z818,0.1375
TX,z819,0.1375
TX,z820,0.1375
TX,z821,0.1375
TX,z822,0.1375
TX,z823,0.1375
TX,z824,0.1375
TX,z825,0.1375
TX,z826,0.1375
TX,z827,0.1375
TX,z828,0.1375
TX,z829,0.1375
TX,z830,0.1375
TX,z831,0.1375
TX,z832,0.1375
TX,z833,0.1375
TX,z834,0.1375
TX,z835,0.1375
TX,z836,0.1375
TX,z837,0.1375
TX,z838,0.1375
TX,z839,0.1375
TX,z840,0.1375
TX,z841,0.1375
TX,z842,0.1375
TX,z843,0.1375
TX,z844,0.1375
TX,z845,0.1375
TX,z846,0.1375
TX,z847,0.1375
TX,z848,0.1375
TX,z849,0.1375
TX,z850,0.1375
TX,z851,0.1375
TX,z852,0.1375
TX,z853,0.1375
TX,z854,0.1375
TX,z855,0.1375
TX,z856,0.1375
TX,z857,0.1375
TX,z858,0.1375
TX,z859,0.1375
TX,z860,0.1375
TX,z861,0.1375
TX,z862,0.1375
TX,z863,0.1375
TX,z864,0.1375
TX,z865,0.1375
TX,z866,0.1375
TX,z867,0.1375
TX,z868,0.1375
TX,z869,0.1375
TX,z870,0.1375
TX,z871,0.1375
TX,z872,0.1375
TX,z873,0.1375
TX,z874,0.1375
TX,z875,0.1375
TX,z876,0.1375
TX,z877,0.1375
TX,z878,0.1375
TX,z879,0.1375
TX,z880,0.1375
TX,z881,0.1375
TX,z882,0.1375
TX,z883,0.1375
TX,z884,0.1375
TX,z885,0.1375
TX,z886,0.1375
TX,z887,0.1375
TX,z888,0.1375
TX,z889,0.1375
TX,z890,0.1375
TX,z891,0.1375
TX,z892,0.1375
TX,z893,0.1375
TX,z894,0.1375
TX,z895,0.1375
TX,z896,0.1375
TX,z897,0.1375
TX,z898,0.1375
TX,z899,0.1375
TX,z900,0.1375
TX,z901,0.1375
TX,z902,0.1375
TX,z903,0.1375
TX,z904,0.1375
TX,z905,0.1375
TX,z906,0.1375
TX,z907,0.1375
TX,z908,0.1375
TX,z909,0.1375
TX,z910,0.1375
TX,z911,0.1375
TX,z912,0.1375
TX,z913,0.1375
TX,z914,0.1375
TX,z915,0.1375
TX,z916,0.1375
TX,z917,0.1375
TX,z918,0.1375
TX,z919,0.1375
TX,z920,0.1375
TX,z921,0.1375
TX,z922,0.1375
TX,z923,0.1375
TX,z924,0.1375
TX,z925,0.1375
TX,z926,0.1375
TX,z927,0.1375
TX,z928,0.1375
TX,z929,0.1375
TX,z930,0.1375
TX,z931,0.1375
TX,z932,0.1375
TX,z933,0.1375
TX,z934,0.1375
TX,z935,0.1375
TX,z936,0.1375
TX,z937,0.1375
TX,z938,0.1375
TX,z939,0.1375
TX,z940,0.1375
TX,z941,0.1375
TX,z942,0.1375
TX,z943,0.1375
TX,z944,0.1375
TX,z945,0.1375
TX,z946,0.1375
TX,z947,0.1375
TX,z948,0.1375
TX,z949,0.1375
TX,z950,0.1375
TX,z951,0.1375
TX,z952,0.1375
TX,z953,0.1375
TX,z954,0.1375
TX,z955,0.1375
TX,z956,0.1375
TX,z957,0.1375
TX,z958,0.1375
TX,z959,0.1375
TX,z960,0.1375
TX,z961,0.1375
TX,z962,0.1375
TX,z963,0.1375
TX,z964,0.1375
TX,z965,0.1375
TX,z966,0.1375
TX,z967,0.1375
TX,z968,0.1375
TX,z969,0.1375
TX,z970,0.1375
TX,z971,0.1375
TX,z972,0.1375
TX,z973,0.1375
TX,z974,0.1375
TX,z975,0.1375
TX,z976,0.1375
TX,z977,0.1375
TX,z978,0.1375
TX,z979,0.1375
TX,z980,0.1375
TX,z981,0.1375
TX,z982,0.1375
TX,z983,0.1375
TX,z984,0.1375
TX,z985,0.1375
TX,z986,0.1375
TX,z987,0.1375
TX,z988,0.1375
TX,z989,0.1375
TX,z990,0.1375
TX,z991,0.1375
TX,z992,0.1375
TX,z993,0.1375
TX,z994,0.1375
TX,z995,0.1375
TX,z996,0.1375
TX,z997,0.1375
TX,z998,0.1375
TX,z999,0.1375
TX,z1000,0.1375
TX,z1001,0.1375
TX,z1002,0.1375
TX,z1003,0.1375
TX,z1004,0.1375
TX,z1005,0.1375
TX,z1006,0.1375
TX,z1007,0.1375
TX,z1008,0.1375
TX,z1009,0.1375
TX,z1010,0.1375
TX,z1011,0.1375
TX,z1012,0.1375
TX,z1013,0.1375
TX,z1014,0.1375
TX,z1015,0.1375
TX,z1016,0.1375
TX,z1017,0.1375
TX,z1018,0.1375
TX,z1019,0.1375
TX,z1020,0.1375
TX,z1021,0.1375
TX,z1022,0.1375
TX,z1023,0.1375
TX,z1024,0.1375
TX,z1025,0.1375
TX,z1026,0.1375
TX,z1027,0.1375
TX,z1028,0.1375
TX,z1029,0.1375
TX,z1030,0.1375
TX,z1031,0.1375
TX,z1032,0.1375
TX,z1033,0.1375
TX,z1034,0.1375
TX,z1035,0.1375
TX,z1036,0.1375
TX,z1037,0.1375
TX,z1038,0.1375
TX,z1039,0.1375
TX,z1040,0.1375
TX,z1041,0.1375
TX,z1042,0.1375
TX,z1043,0.1375
TX,z1044,0.1375
TX,z1045,0.1375
TX,z1046,0.1375
TX,z1047,0.1375
TX,z1048,0.1375
TX,z1049,0.1375
TX,z1050,0.1375
TX,z1051,0.1375
TX,z1052,0.1375
TX,z1053,0.1375
TX,z1054,0.1375
TX,z1055,0.1375
TX,z1056,0.1375
TX,z1057,0.1375
TX,z1058,0.1375
TX,z1059,0.1375
TX,z1060,0.1375
TX,z1061,0.1375
TX,z1062,0.1375
TX,z1063,0.1375
TX,z1064,0.1375
TX,z1065,0.1375
TX,z1066,0.1375
TX,z1067,0.1375
TX,z1068,0.1375
TX,z1069,0.1375
TX,z1070,0.1375
TX,z1071,0.1375
TX,z1072,0.1375
TX,z1073,0.1375
TX,z1074,0.1375
TX,z1075,0.1375
TX,z1076,0.1375
TX,z1077,0.1375
TX,z1078,0.1375
TX,z1079,0.1375
TX,z1080,0.1375
TX,z1081,0.1375
TX,z1082,0.1375
TX,z1083,0.1375
TX,z1084,0.1375
TX,z1085,0.1375
TX,z1086,0.1375
TX,z1087,0.1375
TX,z1088,0.1375
TX,z1089,0.1375
TX,z1090,0.1375
TX,z1091,0.1375
TX,z1092,0.1375
TX,z1093,0.1375
TX,z1094,0.1375
TX,z1095,0.1375
TX,z1096,0.1375
TX,z1097,0.1375
TX,z1098,0.1375
TX,z1099,0.1375
TX,z1100,0.1375
TX,z1101,0.1375
TX,z1102,0.1375
TX,z1103,0.1375
TX,z1104,0.1375
TX,z1105,0.1375
TX,z1106,0.1375
TX,z1107,0.1375
TX,z1108,0.1375
TX,z1109,0.1375
TX,z1110,0.1375
TX,z1111,0.1375
TX,z1112,0.1375
TX,z1113,0.1375
TX,z1114,0.1375
TX,z1115,0.1375
TX,z1116,0.1375
TX,z1117,0.1375
TX,z1118,0.1375
TX,z1119,0.1375
TX,z1120,0.1375
TX,z1121,0.1375
TX,z1122,0.1375
TX,z1123,0.1375
TX,z1124,0.1375
TX,z1125,0.1375
TX,z1126,0.1375
TX,z1127,0.1375
TX,z1128,0.1375
TX,z1129,0.1375
TX,z1130,0.1375
TX,z1131,0.1375
TX,z1132,0.1375
TX,z1133,0.1375
TX,z1134,0.1375
TX,z1135,0.1375
TX,z1136,0.1375
TX,z1137,0.1375
TX,z1138,0.1375
TX,z1139,0.1375
TX,z1140,0.1375
TX,z1141,0.1375
TX,z1142,0.1375
TX,z1143,0.1375
TX,z1144,0.1375
TX,z1145,0.1375
TX,z1146,0.1375
TX,z1147,0.1375
TX,z1148,0.1375
TX,z1149,0.1375
TX,z1150,0.1375
TX,z1151,0.1375
TX,z1152,0.1375
TX,z1153,0.1375
TX,z1154,0.1375
TX,z1155,0.1375
TX,z1156,0.1375
TX,z1157,0.1375
TX,z1158,0.1375
TX,z1159,0.1375
TX,z1160,0.1375
TX,z1161,0.1375
TX,z1162,0.1375
TX,z1163,0.1375
TX,z1164,0.1375
TX,z1165,0.1375
TX,z1166,0.1375
TX,z1167,0.1375
TX,z1168,0.1375
TX,z1169,0.1375
TX,z1170,0.1375
TX,z1171,0.1375
TX,z1172,0.1375
TX,z1173,0.1375
TX,z1174,0.1375
TX,z1175,0.1375
TX,z1176,0.1375
TX,z1177,0.1375
TX,z1178,0.1375
TX,z1179,0.1375
TX,z1180,0.1375
TX,z1181,0.1375
TX,z1182,0.1375
TX,z1183,0.1375
TX,z1184,0.1375
TX,z1185,0.1375
TX,z1186,0.1375
TX,z1187,0.1375
TX,z1188,0.1375
TX,z1189,0.1375
TX,z1190,0.1375
TX,z1191,0.1375
TX,z1192,0.1375
TX,z1193,0.1375
TX,z1194,0.1375
TX,z1195,0.1375
TX,z1196,0.1375
TX,z1197,0.1375
TX,z1198,0.1375
TX,z1199,0.1375
TX,z1200,0.1375
TX,z1201,0.1375
TX,z1202,0.1375
TX,z1203,0.1375
TX,z1204,0.1375
TX,z1205,0.1375
TX,z1206,0.1375
TX,z1207,0.1375
TX,z1208,0.1375
TX,z1209,0.1375
TX,z1210,0.1375
TX,z1211,0.1375
TX,z1212,0.1375
TX,z1213,0.1375
TX,z1214,0.1375
TX,z1215,0.1375
TX,z1216,0.1375
TX,z1217,0.1375
TX,z1218,0.1375
TX,z1219,0.1375
TX,z1220,0.1375
TX,z1221,0.1375
TX,z1222,0.1375
TX,z1223,0.1375
TX,z1224,0.1375
TX,z1225,0.1375
TX,z1226,0.1375
TX,z1227,0.1375
TX,z1228,0.1375
TX,z1229,0.1375
TX,z1230,0.1375
TX,z1231,0.1375
TX,z1232,0.1375
TX,z1233,0.1375
TX,z1234,0.1375
TX,z1235,0.1375
TX,z1236,0.1375
TX,z1237,0.1375
TX,z1238,0.1375
TX,z1239,0.1375
TX,z1240,0.1375
TX,z1241,0.1375
TX,z1242,0.1375
TX,z1243,0.1375
TX,z1244,0.1375
TX,z1245,0.1375
TX,z1246,0.1375
TX,z1247,0.1375
TX,z1248,0.1375
TX,z1249,0.1375
TX,z1250,0.1375
TX,z1251,0.1375
TX,z1252,0.1375
TX,z1253,0.1375
TX,z1254,0.1375
TX,z1255,0.1375
TX,z1256,0.1375
TX,z1257,0.1375
TX,z1258,0.1375
TX,z1259,0.1375
TX,z1260,0.1375
TX,z1261,0.1375
TX,z1262,0.1375
TX,z1263,0.1375
TX,z1264,0.1375
TX,z1265,0.1375
TX,z1266,0.1375
TX,z1267,0.1375
TX,z1268,0.1375
TX,z1269,0.1375
TX,z1270,0.1375
TX,z1271,0.1375
TX,z1272,0.1375
TX,z1273,0.1375
TX,z1274,0.1375
TX,z1275,0.1375
TX,z1276,0.1375
TX,z1277,0.1375
TX,z1278,0.1375
TX,z1279,0.1375
TX,z1280,0.1375
TX,z1281,0.1375
TX,z1282,0.1375
TX,z1283,0.1375
TX,z1284,0.1375
TX,z1285,0.1375
TX,z1286,0.1375
TX,z1287,0.1375
TX,z1288,0.1375
TX,z1289,0.1375
TX,z1290,0.1375
TX,z1291,0.1375
TX,z1292,0.1375
TX,z1293,0.1375
TX,z1294,0.1375
TX,z1295,0.1375
TX,z1296,0.1375
TX,z1297,0.1375
TX,z1298,0.1375
TX,z1299,0.1375
TX,z1300,0.1375
TX,z1301,0.1375
TX,z1302,0.1375
TX,z1303,0.1375
TX,z1304,0.1375
TX,z1305,0.1375
TX,z1306,0.1375
TX,z1307,0.1375
TX,z1308,0.1375
TX,z1309,0.1375
TX,z1310,0.1375
TX,z1311,0.1375
TX,z1312,0.1375
TX,z1313,0.1375
TX,z1314,0.1375
TX,z1315,0.1375
TX,z1316,0.1375
TX,z1317,0.1375
TX,z1318,0.1375
TX,z1319,0.1375
TX,z1320,0.1375
TX,z1321,0.1375
TX,z1322,0.1375
TX,z1323,0.1375
TX,z1324,0.1375
TX,z1325,0.1375
TX,z1326,0.1375
TX,z1327,0.1375
TX,z1328,0.1375
TX,z1329,0.1375
TX,z1330,0.1375
TX,z1331,0.1375
TX,z1332,0.1375
TX,z1333,0.1375
TX,z1334,0.1375
TX,z1335,0.1375
TX,z1336,0.1375
TX,z1337,0.1375
TX,z1338,0.1375
TX,z1339,0.1375
TX,z1340,0.1375
TX,z1341,0.1375
TX,z1342,0.1375
TX,z1343,0.1375
TX,z1344,0.1375
TX,z1345,0.1375
TX,z1346,0.1375
TX,z1347,0.1375
TX,z1348,0.1375
TX,z1349,0.1375
TX,z1350,0.1375
TX,z1351,0.1375
TX,z1352,0.1375
TX,z1353,0.1375
TX,z1354,0.1375
TX,z1355,0.1375
TX,z1356,0.1375
TX,z1357,0.1375
TX,z1358,0.1375
TX,z1359,0.1375
TX,z1360,0.1375
TX,z1361,0.1375
TX,z1362,0.1375
TX,z1363,0.1375
TX,z1364,0.1375
TX,z1365,0.1375
TX,z1366,0.1375
TX,z1367,0.1375
TX,z1368,0.1375
TX,z1369,0.1375
TX,z1370,0.1375
TX,z1371,0.1375
TX,z1372,0.1375
TX,z1373,0.1375
TX,z1374,0.1375
TX,z1375,0.1375
TX,z1376,0.1375
TX,z1377,0.1375
TX,z1378,0.1375
TX,z1379,0.1375
TX,z1380,0.1375
TX,z1381,0.1375
TX,z1382,0.1375
TX,z1383,0.1375
TX,z1384,0.1375
TX,z1385,0.1375
TX,z1386,0.1375
TX,z1387,0.1375
TX,z1388,0.1375
TX,z1389,0.1375
TX,z1390,0.1375
TX,z1391,0.1375
TX,z1392,0.1375
TX,z1393,0.1375
TX,z1394,0.1375
TX,z1395,0.1375
TX,z1396,0.1375
TX,z1397,0.1375
TX,z1398,0.1375
TX,z1399,0.1375
TX,z1400,0.1375
TX,z1401,0.1375
TX,z1402,0.1375
TX,z1403,0.1375
TX,z1404,0.1375
TX,z1405,0.1375
TX,z1406,0.1375
TX,z1407,0.1375
TX,z1408,0.1375
TX,z1409,0.1375
TX,z1410,0.1375
TX,z1411,0.1375
TX,z1412,0.1375
TX,z1413,0.1375
TX,z1414,0.1375
TX,z1415,0.1375
TX,z1416,0.1375
TX,z1417,0.1375
TX,z1418,0.1375
TX,z1419,0.1375
TX,z1420,0.1375
TX,z1421,0.1375
TX,z1422,0.1375
TX,z1423,0.1375
TX,z1424,0.1375
TX,z1425,0.1375
TX,z1426,0.1375
TX,z1427,0.1375
TX,z1428,0.1375
TX,z1429,0.1375
TX,z1430,0.1375
TX,z1431,0.1375
TX,z1432,0.1375
TX,z1433,0.1375
TX,z1434,0.1375
TX,z1435,0.1375
TX,z1436,0.1375
TX,z1437,0.1375
TX,z1438,0.1375
TX,z1439,0.1375
TX,z1440,0.1375
TX,z1441,0.1375
TX,z1442,0.1375
TX,z1443,0.1375
TX,z1444,0.1375
TX,z1445,0.1375
TX,z1446,0.1375
TX,z1447,0.1375
TX,z1448,0.1375
TX,z1449,0.1375
TX,z1450,0.1375
TX,z1451,0.1375
TX,z1452,0.1375
TX,z1453,0.1375
TX,z1454,0.1375
TX,z1455,0.1375
TX,z1456,0.1375
TX,z1457,0.1375
TX,z1458,0.1375
TX,z1459,0.1375
TX,z1460,0.1375
TX,z1461,0.1375
TX,z1462,0.1375
TX,z1463,0.1375
TX,z1464,0.1375
TX,z1465,0.1375
TX,z1466,0.1375
TX,z1467,0.1375
TX,z1468,0.1375
TX,z1469,0.1375
TX,z1470,0.1375
TX,z1471,0.1375
TX,z1472,0.1375
TX,z1473,0.1375
TX,z1474,0.1375
TX,z1475,0.1375
TX,z1476,0.1375
TX,z1477,0.1375
TX,z1478,0.1375
TX,z1479,0.1375
TX,z1480,0.1375
TX,z1481,0.1375
TX,z1482,0.1375
TX,z1483,0.1375
TX,z1484,0.1375
TX,z1485,0.1375
TX,z1486,0.1375
TX,z1487,0.1375
TX,z1488,0.1375
TX,z1489,0.1375
TX,z1490,0.1375
TX,z1491,0.1375
TX,z1492,0.1375
TX,z1493,0.1375
TX,z1494,0.1375
TX,z1495,0.1375
TX,z1496,0.1375
TX,z1497,0.1375
TX,z1498,0.1375
TX,z1499,0.1375
TX,z1500,0.1375
TX,z1501,0.1375
TX,z1502,0.1375
TX,z1503,0.1375
TX,z1504,0.1375
TX,z1505,0.1375
TX,z1506,0.1375
TX,z1507,0.1375
TX,z1508,0.1375
TX,z1509,0.1375
TX,z1510,0.1375
TX,z1511,0.1375
TX,z1512,0.1375
TX,z1513,0.1375
TX,z1514,0.1375
TX,z1515,0.1375
TX,z1516,0.1375
TX,z1517,0.1375
TX,z1518,0.1375
TX,z1519,0.1375
TX,z1520,0.1375
TX,z1521,0.1375
TX,z1522,0.1375
TX,z1523,0.1375
TX,z1524,0.1375
TX,z1525,0.1375
TX,z1526,0.1375
TX,z1527,0.1375
TX,z1528,0.1375
TX,z1529,0.1375
TX,z1530,0.1375
TX,z1531,0.1375
TX,z1532,0.1375
TX,z1533,0.1375
TX,z1534,0.1375
TX,z1535,0.1375
TX,z1536,0.1375
TX,z1537,0.1375
TX,z1538,0.1375
TX,z1539,0.1375
TX,z1540,0.1375
TX,z1541,0.1375
TX,z1542,0.1375
TX,z1543,0.1375
TX,z1544,0.1375
TX,z1545,0.1375
TX,z1546,0.1375
TX,z1547,0.1375
TX,z1548,0.1375
TX,z1549,0.1375
TX,z1550,0.1375
TX,z1551,0.1375
TX,z1552,0.1375
TX,z1553,0.1375
TX,z1554,0.1375
TX,z1555,0.1375
TX,z1556,0.1375
TX,z1557,0.1375
TX,z1558,0.1375
TX,z1559,0.1375
TX,z1560,0.1375
TX,z1561,0.1375
TX,z1562,0.1375
TX,z1563,0.1375
TX,z1564,0.1375
TX,z1565,0.1375
TX,z1566,0.1375
TX,z1567,0.1375
TX,z1568,0.1375
TX,z1569,0.1375
TX,z1570,0.1375
TX,z1571,0.1375
TX,z1572,0.1375
TX,z1573,0.1375
TX,z1574,0.1375
TX,z1575,0.1375
TX,z1576,0.1375
TX,z1577,0.1375
TX,z1578,0.1375
TX,z1579,0.1375
TX,z1580,0.1375
TX,z1581,0.1375
TX,z1582,0.1375
TX,z1583,0.1375
TX,z1584,0.1375
TX,z1585,0.1375
TX,z1586,0.1375
TX,z1587,0.1375
TX,z1588,0.1375
TX,z1589,0.1375
TX,z1590,0.1375
TX,z1591,0.1375
TX,z1592,0.1375
TX,z1593,0.1375
TX,z1594,0.1375
TX,z1595,0.1375
TX,z1596,0.1375
TX,z1597,0.1375
TX,z1598,0.1375
TX,z1599,0.1375
TX,z1600,0.1375
TX,z1601,0.1375
TX,z1602,0.1375
TX,z1603,0.1375
TX,z1604,0.1375
TX,z1605,0.1375
TX,z1606,0.1375
TX,z1607,0.1375
TX,z1608,0.1375
TX,z1609,0.1375
TX,z1610,0.1375
TX,z1611,0.1375
TX,z1612,0.1375
TX,z1613,0.1375
TX,z1614,0.1375
TX,z1615,0.1375
TX,z1616,0.1375
TX,z1617,0.1375
TX,z1618,0.1375
TX,z1619,0.1375
TX,z1620,0.1375
TX,z1621,0.1375
TX,z1622,0.1375
TX,z1623,0.1375
TX,z1624,0.1375
TX,z1625,0.1375
TX,z1626,0.1375
TX,z1627,0.1375
TX,z1628,0.1375
TX,z1629,0.1375
TX,z1630,0.1375
TX,z1631,0.1375
TX,z1632,0.1375
TX,z1633,0.1375
TX,z1634,0.1375
TX,z1635,0.1375
TX,z1636,0.1375
TX,z1637,0.1375
TX,z1638,0.1375
TX,z1639,0.1375
TX,z1640,0.1375
TX,z1641,0.1375
TX,z1642,0.1375
TX,z1643,0.1375
TX,z1644,0.1375
TX,z1645,0.1375
TX,z1646,0.1375
TX,z1647,0.1375
TX,z1648,0.1375
TX,z1649,0.1375
TX,z1650,0.1375
TX,z1651,0.1375
TX,z1652,0.1375
TX,z1653,0.1375
TX,z1654,0.1375
TX,z1655,0.1375
TX,z1656,0.1375
TX,z1657,0.1375
TX,z1658,0.1375
TX,z1659,0.1375
TX,z1660,0.1375
TX,z1661,0.1375
TX,z1662,0.1375
TX,z1663,0.1375
TX,z1664,0.1375
TX,z1665,0.1375
TX,z1666,0.1375
TX,z1667,0.1375
TX,z1668,0.1375
TX,z1669,0.1375
TX,z1670,0.1375
TX,z1671,0.1375
TX,z1672,0.1375
TX,z1673,0.1375
TX,z1674,0.1375
TX,z1675,0.1375
TX,z1676,0.1375
TX,z1677,0.1375
TX,z1678,0.1375
TX,z1679,0.1375
TX,z1680,0.1375
TX,z1681,0.1375
TX,z1682,0.1375
TX,z1683,0.1375
TX,z1684,0.1375
TX,z1685,0.1375
TX,z1686,0.1375
TX,z1687,0.1375
TX,z1688,0.1375
TX,z1689,0.1375
TX,z1690,0.1375
TX,z1691,0.1375
TX,z1692,0.1375
TX,z1693,0.1375
TX,z1694,0.1375
TX,z1695,0.1375
TX,z1696,0.1375
TX,z1697,0.1375
TX,z1698,0.1375
TX,z1699,0.1375
TX,z1700,0.1375
TX,z1701,0.1375
TX,z1702,0.1375
TX,z1703,0.1375
TX,z1704,0.1375
TX,z1705,0.1375
TX,z1706,0.1375
TX,z1707,0.1375
TX,z1708,0.1375
TX,z1709,0.1375
TX,z1710,0.1375
TX,z1711,0.1375
TX,z1712,0.1375
TX,z1713,0.1375
TX,z1714,0.1375
TX,z1715,0.1375
TX,z1716,0.1375
TX,z1717,0.1375
TX,z1718,0.1375
TX,z1719,0.1375
TX,z1720,0.1375
TX,z1721,0.1375
TX,z1722,0.1375
TX,z1723,0.1375
TX,z1724,0.1375
TX,z1725,0.1375
TX,z1726,0.1375
TX,z1727,0.1375
TX,z1728,0.1375
TX,z1729,0.1375
TX,z1730,0.1375
TX,z1731,0.1375
TX,z1732,0.1375
TX,z1733,0.1375
TX,z1734,0.1375
TX,z1735,0.1375
TX,z1736,0.1375
TX,z1737,0.1375
TX,z1738,0.1375
TX,z1739,0.1375
TX,z1740,0.1375
TX,z1741,0.1375
TX,z1742,0.1375
TX,z1743,0.1375
TX,z1744,0.1375
TX,z1745,0.1375
TX,z1746,0.1375
TX,z1747,0.1375
TX,z1748,0.1375
TX,z1749,0.1375
TX,z1750,0.1375
TX,z1751,0.1375
TX,z1752,0.1375
TX,z1753,0.1375
TX,z1754,0.1375
TX,z1755,0.1375
TX,z1756,0.1375
TX,z1757,0.1375
TX,z1758,0.1375
TX,z1759,0.1375
TX,z1760,0.1375
TX,z1761,0.1375
TX,z1762,0.1375
TX,z1763,0.1375
TX,z1764,0.1375
TX,z1765,0.1375
TX,z1766,0.1375
TX,z1767,0.1375
TX,z1768,0.1375
TX,z1769,0.1375
TX,z1770,0.1375
TX,z1771,0.1375
TX,z1772,0.1375
TX,z1773,0.1375
TX,z1774,0.1375
TX,z1775,0.1375
TX,z1776,0.1375
TX,z1777,0.1375
TX,z1778,0.1375
TX,z1779,0.1375
TX,z1780,0.1375
TX,z1781,0.1375
TX,z1782,0.1375
TX,z1783,0.1375
TX,z1784,0.1375
TX,z1785,0.1375
TX,z1786,0.1375
TX,z1787,0.1375
TX,z1788,0.1375
TX,z1789,0.1375
TX,z1790,0.1375
TX,z1791,0.1375
TX,z1792,0.1375
TX,z1793,0.1375
TX,z1794,0.1375
TX,z1795,0.1375
TX,z1796,0.1375
TX,z1797,0.1375
TX,z1798,0.1375
TX,z1799,0.1375
TX,z1800,0.1375
TX,z1801,0.1375
TX,z1802,0.1375
TX,z1803,0.1375
TX,z1804,0.1375
TX,z1805,0.1375
TX,z1806,0.1375
TX,z1807,0.1375
TX,z1808,0.1375
TX,z1809,0.1375
TX,z1810,0.1375
TX,z1811,0.1375
TX,z1812,0.1375
TX,z1813,0.1375
TX,z1814,0.1375
TX,z1815,0.1375
TX,z1816,0.1375
TX,z1817,0.1375
TX,z1818,0.1375
TX,z1819,0.1375
TX,z1820,0.1375
TX,z1821,0.1375
TX,z1822,0.1375
TX,z1823,0.1375
TX,z1824,0.1375
TX,z1825,0.1375
TX,z1826,0.1375
TX,z1827,0.1375
TX,z1828,0.1375
TX,z1829,0.1375
TX,z1830,0.1375
TX,z1831,0.1375
TX,z1832,0.1375
TX,z1833,0.1375
TX,z1834,0.1375
TX,z1835,0.1375
TX,z1836,0.1375
TX,z1837,0.1375
TX,z1838,0.1375
TX,z1839,0.1375
TX,z1840,0.1375
TX,z1841,0.1375
TX,z1842,0.1375
TX,z1843,0.1375
TX,z1844,0.1375
TX,z1845,0.1375
TX,z1846,0.1375
TX,z1847,0.1375
TX,z1848,0.1375
TX,z1849,0.1375
TX,z1850,0.1375
TX,z1851,0.1375
TX,z1852,0.1375
TX,z1853,0.1375
TX,z1854,0.1375
TX,z1855,0.1375
TX,z1856,0.1375
TX,z1857,0.1375
TX,z1858,0.1375
TX,z1859,0.1375
TX,z1860,0.1375
TX,z1861,0.1375
TX,z1862,0.1375
TX,z1863,0.1375
TX,z1864,0.1375
TX,z1865,0.1375
TX,z1866,0.1375
TX,z1867,0.1375
TX,z1868,0.1375
TX,z1869,0.1375
TX,z1870,0.1375
TX,z1871,0.1375
TX,z1872,0.1375
TX,z1873,0.1375
TX,z1874,0.1375
TX,z1875,0.1375
TX,z1876,0.1375
TX,z1877,0.1375
TX,z1878,0.1375
TX,z1879,0.1375
TX,z1880,0.1375
TX,z1881,0.1375
TX,z1882,0.1375
TX,z1883,0.1375
TX,z1884,0.1375
TX,z1885,0.1375
TX,z1886,0.1375
TX,z1887,0.1375
TX,z1888,0.1375
TX,z1889,0.1375
TX,z1890,0.1375
TX,z1891,0.1375
TX,z1892,0.1375
TX,z1893,0.1375
TX,z1894,0.1375
TX,z1895,0.1375
TX,z1896,0.1375
TX,z1897,0.1375
TX,z1898,0.1375
TX,z1899,0.1375
TX,z1900,0.1375
TX,z1901,0.1375
TX,z1902,0.1375
TX,z1903,0.1375
TX,z1904,0.1375
TX,z1905,0.1375
TX,z1906,0.1375
TX,z1907,0.1375
TX,z1908,0.1375
TX,z1909,0.1375
TX,z1910,0.1375
TX,z1911,0.1375
TX,z1912,0.1375
TX,z1913,0.1375
TX,z1914,0.1375
TX,z1915,0.1375
TX,z1916,0.1375
TX,z1917,0.1375
TX,z1918,0.1375
TX,z1919,0.1375
TX,z1920,0.1375
TX,z1921,0.1375
TX,z1922,0.1375
TX,z1923,0.1375
TX,z1924,0.1375
TX,z1925,0.1375
TX,z1926,0.1375
TX,z1927,0.1375
TX,z1928,0.1375
TX,z1929,0.1375
TX,z1930,0.1375
TX,z1931,0.1375
TX,z1932,0.1375
TX,z1933,0.1375
TX,z1934,0.1375
TX,z1935,0.1375
TX,z1936,0.1375
TX,z1937,0.1375
TX,z1938,0.1375
TX,z1939,0.1375
TX,z1940,0.1375
TX,z1941,0.1375
TX,z1942,0.1375
TX,z1943,0.1375
TX,z1944,0.1375
TX,z1945,0.1375
TX,z1946,0.1375
TX,z1947,0.1375
TX,z1948,0.1375
TX,z1949,0.1375
TX,z1950,0.1375
TX,z1951,0.1375
TX,z1952,0.1375
TX,z1953,0.1375
TX,z1954,0.1375
TX,z1955,0.1375
TX,z1956,0.1375
TX,z1957,0.1375
TX,z1958,0.1375
TX,z1959,0.1375
TX,z1960,0.1375
TX,z1961,0.1375
TX,z1962,0.1375
TX,z1963,0.1375
TX,z1964,0.1375
TX,z1965,0.1375
TX,z1966,0.1375
TX,z1967,0.1375
TX,z1968,0.1375
TX,z1969,0.1375
TX,z1970,0.1375
TX,z1971,0.1375
TX,z1972,0.1375
TX,z1973,0.1375
TX,z1974,0.1375
TX,z1975,0.1375
TX,z1976,0.1375
TX,z1977,0.1375
TX,z1978,0.1375
TX,z1979,0.1375
TX,z1980,0.1375
TX,z1981,0.1375
TX,z1982,0.1375
TX,z1983,0.1375
TX,z1984,0.1375
TX,z1985,0.1375
TX,z1986,0.1375
TX,z1987,0.1375
TX,z1988,0.1375
TX,z1989,0.1375
TX,z1990,0.1375
TX,z1991,0.1375
TX,z1992,0.1375
TX,z1993,0.1375
TX,z1994,0.1375
TX,z1995,0.1375
TX,z1996,0.1375
TX,z1997,0.1375
TX,z1998,0.1375
TX,z1999,0.1375
TX,z2000,0.1375
TX,z2001,0.1375
TX,z2002,0.1375
TX,z2003,0.1375
TX,z2004,0.1375
TX,z2005,0.1375
TX,z2006,0.1375
TX,z2007,0.1375
TX,z2008,0.1375
TX,z2009,0.1375
TX,z2010,0.1375
TX,z2011,0.1375
TX,z2012,0.1375
TX,z2013,0.1375
TX,z2014,0.1375
TX,z2015,0.1375
TX,z2016,0.1375
TX,z2017,0.1375
TX,z2018,0.1375
TX,z2019,0.1375
TX,z2020,0.1375
TX,z2021,0.1375
TX,z2022,0.1375
TX,z2023,0.1375
TX,z2024,0.1375
TX,z2025,0.1375
TX,z2026,0.1375
TX,z2027,0.1375
TX,z2028,0.1375
TX,z2029,0.1375
TX,z2030,0.1375
TX,z2031,0.1375
TX,z2032,0.1375
TX,z2033,0.1375
TX,z2034,0.1375
TX,z2035,0.1375
TX,z2036,0.1375
TX,z2037,0.1375
TX,z2038,0.1375
TX,z2039,0.1375
TX,z2040,0.1375
TX,z2041,0.1375
TX,z2042,0.1375
TX,z2043,0.1375
TX,z2044,0.1375
TX,z2045,0.1375
TX,z2046,0.1375
TX,z2047,0.1375
TX,z2048,0.1375
TX,z2049,0.1375
TX,z2050,0.1375
TX,z2051,0.1375
TX,z2052,0.1375
TX,z2053,0.1375
TX,z2054,0.1375
TX,z2055,0.1375
TX,z2056,0.1375
TX,z2057,0.1375
TX,z2058,0.1375
TX,z2059,0.1375
TX,z2060,0.1375
TX,z2061,0.1375
TX,z2062,0.1375
TX,z2063,0.1375
TX,z2064,0.1375
TX,z2065,0.1375
TX,z2066,0.1375
TX,z2067,0.1375
TX,z2068,0.1375
TX,z2069,0.1375
TX,z2070,0.1375
TX,z2071,0.1375
TX,z2072,0.1375
TX,z2073,0.1375
TX,z2074,0.1375
TX,z2075,0.1375
TX,z2076,0.1375
TX,z2077,0.1375
TX,z2078,0.1375
TX,z2079,0.1375
TX,z2080,0.1375
TX,z2081,0.1375
TX,z2082,0.1375
TX,z2083,0.1375
TX,z2084,0.1375
TX,z2085,0.1375
TX,z2086,0.1375
TX,z2087,0.1375
TX,z2088,0.1375
TX,z2089,0.1375
TX,z2090,0.1375
TX,z2091,0.1375
TX,z2092,0.1375
TX,z2093,0.1375
TX,z2094,0.1375
TX,z2095,0.1375
TX,z2096,0.1375
TX,z2097,0.1375
TX,z2098,0.1375
TX,z2099,0.1375
TX,z2100,0.1375
TX,z2101,0.1375
TX,z2102,0.1375
TX,z2103,0.1375
TX,z2104,0.1375
TX,z2105,0.1375
TX,z2106,0.1375
TX,z2107,0.1375
TX,z2108,0.1375
TX,z2109,0.1375
TX,z2110,0.1375
TX,z2111,0.1375
TX,z2112,0.1375
TX,z2113,0.1375
TX,z2114,0.1375
TX,z2115,0.1375
TX,z2116,0.1375
TX,z2117,0.1375
TX,z2118,0.1375
TX,z2119,0.1375
TX,z2120,0.1375
TX,z2121,0.1375
TX,z2122,0.1375
TX,z2123,0.1375
TX,z2124,0.1375
TX,z2125,0.1375
TX,z2126,0.1375
TX,z2127,0.1375
TX,z2128,0.1375
TX,z2129,0.1375
TX,z2130,0.1375
TX,z2131,0.1375
TX,z2132,0.1375
TX,z2133,0.1375
TX,z2134,0.1375
TX,z2135,0.1375
TX,z2136,0.1375
TX,z2137,0.1375
TX,z2138,0.1375
TX,z2139,0.1375
TX,z2140,0.1375
TX,z2141,0.1375
TX,z2142,0.1375
TX,z2143,0.1375
TX,z2144,0.1375
TX,z2145,0.1375
TX,z2146,0.1375
TX,z2147,0.1375
TX,z2148,0.1375
TX,z2149,0.1375
TX,z2150,0.1375
TX,z2151,0.1375
TX,z2152,0.1375
TX,z2153,0.1375
TX,z2154,0.1375
TX,z2155,0.1375
TX,z2156,0.1375
TX,z2157,0.1375
TX,z2158,0.1375
TX,z2159,0.1375
TX,z2160,0.1375
TX,z2161,0.1375
TX,z2162,0.1375
TX,z2163,0.1375
TX,z2164,0.1375
TX,z2165,0.1375
TX,z2166,0.1375
TX,z2167,0.1375
TX,z2168,0.1375
TX,z2169,0.1375
TX,z2170,0.1375
TX,z2171,0.1375
TX,z2172,0.1375
TX,z2173,0.1375
TX,z2174,0.1375
TX,z2175,0.1375
TX,z2176,0.1375
TX,z2177,0.1375
TX,z2178,0.1375
TX,z2179,0.1375
TX,z2180,0.1375
TX,z2181,0.1375
TX,z2182,0.1375
TX,z2183,0.1375
TX,z2184,0.1375
TX,z2185,0.1375
TX,z2186,0.1375
TX,z2187,0.1375
TX,z2188,0.1375
TX,z2189,0.1375
TX,z2190,0.1375
TX,z2191,0.1375
TX,z2192,0.1375
TX,z2193,0.1375
TX,z2194,0.1375
TX,z2195,0.1375
TX,z2196,0.1375
TX,z2197,0.1375
TX,z2198,0.1375
TX,z2199,0.1375
TX,z2200,0.1375
TX,z2201,0.1375
TX,z2202,0.1375
TX,z2203,0.1375
TX,z2204,0.1375
TX,z2205,0.1375
TX,z2206,0.1375
TX,z2207,0.1375
TX,z2208,0.1375
TX,z2209,0.1375
TX,z2210,0.1375
TX,z2211,0.1375
TX,z2212,0.1375
TX,z2213,0.1375
TX,z2214,0.1375
TX,z2215,0.1375
TX,z2216,0.1375
TX,z2217,0.1375
TX,z2218,0.1375
TX,z2219,0.1375
TX,z2220,0.1375
TX,z2221,0.1375
TX,z2222,0.1375
TX,z2223,0.1375
TX,z2224,0.1375
TX,z2225,0.1375
TX,z2226,0.1375
TX,z2227,0.1375
TX,z2228,0.1375
TX,z2229,0.1375
TX,z2230,0.1375
TX,z2231,0.1375
TX,z2232,0.1375
TX,z2233,0.1375
TX,z2234,0.1375
TX,z2235,0.1375
TX,z2236,0.1375
TX,z2237,0.1375
TX,z2238,0.1375
TX,z2239,0.1375
TX,z2240,0.1375
TX,z2241,0.1375
TX,z2242,0.1375
TX,z2243,0.1375
TX,z2244,0.1375
TX,z2245,0.1375
TX,z2246,0.1375
TX,z2247,0.1375
TX,z2248,0.1375
TX,z2249,0.1375
TX,z2250,0.1375
TX,z2251,0.1375
TX,z2252,0.1375
TX,z2253,0.1375
TX,z2254,0.1375
TX,z2255,0.1375
TX,z2256,0.1375
TX,z2257,0.1375
TX,z2258,0.1375
TX,z2259,0.1375
TX,z2260,0.1375
TX,z2261,0.1375
TX,z2262,0.1375
TX,z2263,0.1375
TX,z2264,0.1375
TX,z2265,0.1375
TX,z2266,0.1375
TX,z2267,0.1375
TX,z2268,0.1375
TX,z2269,0.1375
TX,z2270,0.1375
TX,z2271,0.1375
TX,z2272,0.1375
TX,z2273,0.1375
TX,z2274,0.1375
TX,z2275,0.1375
TX,z2276,0.1375
TX,z2277,0.1375
TX,z2278,0.1375
TX,z2279,0.1375
TX,z2280,0.1375
TX,z2281,0.1375
TX,z2282,0.1375
TX,z2283,0.1375
TX,z2284,0.1375
TX,z2285,0.1375
TX,z2286,0.1375
TX,z2287,0.1375
TX,z2288,0.1375
TX,z2289,0.1375
TX,z2290,0.1375
TX,z2291,0.1375
TX,z2292,0.1375
TX,z2293,0.1375
TX,z2294,0.1375
TX,z2295,0.1375
TX,z2296,0.1375
TX,z2297,0.1375
TX,z2298,0.1375
TX,z2299,0.1375
TX,z2300,0.1375
TX,z2301,0.1375
TX,z2302,0.1375
TX,z2303,0.1375
TX,z2304,0.1375
TX,z2305,0.1375
TX,z2306,0.1375
TX,z2307,0.1375
TX,z2308,0.1375
TX,z2309,0.1375
TX,z2310,0.1375
TX,z2311,0.1375
TX,z2312,0.1375
TX,z2313,0.1375
TX,z2314,0.1375
TX,z2315,0.1375
TX,z2316,0.1375
TX,z2317,0.1375
TX,z2318,0.1375
TX,z2319,0.1375
TX,z2320,0.1375
TX,z2321,0.1375
TX,z2322,0.1375
TX,z2323,0.1375
TX,z2324,0.1375
TX,z2325,0.1375
TX,z2326,0.1375
TX,z2327,0.1375
TX,z2328,0.1375
TX,z2329,0.1375
TX,z2330,0.1375
TX,z2331,0.1375
TX,z2332,0.1375
TX,z2333,0.1375
TX,z2334,0.1375
TX,z2335,0.1375
TX,z2336,0.1375
TX,z2337,0.1375
TX,z2338,0.1375
TX,z2339,0.1375
TX,z2340,0.1375
TX,z2341,0.1375
TX,z2342,0.1375
TX,z2343,0.1375
TX,z2344,0.1375
TX,z2345,0.1375
TX,z2346,0.1375
TX,z2347,0.1375
TX,z2348,0.1375
TX,z2349,0.1375
TX,z2350,0.1375
TX,z2351,0.1375
TX,z2352,0.1375
TX,z2353,0.1375
TX,z2354,0.1375
TX,z2355,0.1375
TX,z2356,0.1375
TX,z2357,0.1375
TX,z2358,0.1375
TX,z2359,0.1375
TX,z2360,0.1375
TX,z2361,0.1375
TX,z2362,0.1375
TX,z2363,0.1375
TX,z2364,0.1375
TX,z2365,0.1375
TX,z2366,0.1375
TX,z2367,0.1375
TX,z2368,0.1375
TX,z2369,0.1375
TX,z2370,0.1375
TX,z2371,0.1375
TX,z2372,0.1375
TX,z2373,0.1375
TX,z2374,0.1375
TX,z2375,0.1375
TX,z2376,0.1375
TX,z2377,0.1375
TX,z2378,0.1375
TX,z2379,0.1375
TX,z2380,0.1375
TX,z2381,0.1375
TX,z2382,0.1375
TX,z2383,0.1375
TX,z2384,0.1375
TX,z2385,0.1375
TX,z2386,0.1375
TX,z2387,0.1375
TX,z2388,0.1375
TX,z2389,0.1375
TX,z2390,0.1375
TX,z2391,0.1375
TX,z2392,0.1375
TX,z2393,0.1375
TX,z2394,0.1375
TX,z2395,0.1375
TX,z2396,0.1375
TX,z2397,0.1375
TX,z2398,0.1375
TX,z2399,0.1375
TX,z2400,0.1375
TX,z2401,0.1375
TX,z2402,0.1375
TX,z2403,0.1375
TX,z2404,0.1375
TX,z2405,0.1375
TX,z2406,0.1375
TX,z2407,0.1375
TX,z2408,0.1375
TX,z2409,0.1375
TX,z2410,0.1375
TX,z2411,0.1375
TX,z2412,0.1375
TX,z2413,0.1375
TX,z2414,0.1375
TX,z2415,0.1375
TX,z2416,0.1375
TX,z2417,0.1375
TX,z2418,0.1375
TX,z2419,0.1375
TX,z2420,0.1375
TX,z2421,0.1375
TX,z2422,0.1375
TX,z2423,0.1375
TX,z2424,0.1375
TX,z2425,0.1375
TX,z2426,0.1375
TX,z2427,0.1375
TX,z2428,0.1375
TX,z2429,0.1375
TX,z2430,0.1375
TX,z2431,0.1375
TX,z2432,0.1375
TX,z2433,0.1375
TX,z2434,0.1375
TX,z2435,0.1375
TX,z2436,0.1375
TX,z2437,0.1375
TX,z2438,0.1375
TX,z2439,0.1375
TX,z2440,0.1375
TX,z2441,0.1375
TX,z2442,0.1375
TX,z2443,0.1375
TX,z2444,0.1375
TX,z2445,0.1375
TX,z2446,0.1375
TX,z2447,0.1375
TX,z2448,0.1375
TX,z2449,0.1375
TX,z2450,0.1375
TX,z2451,0.1375
TX,z2452,0.1375
TX,z2453,0.1375
TX,z2454,0.1375
TX,z2455,0.1375
TX,z2456,0.1375
TX,z2457,0.1375
TX,z2458,0.1375
TX,z2459,0.1375
TX,z2460,0.1375
TX,z2461,0.1375
TX,z2462,0.1375
TX,z2463,0.1375
TX,z2464,0.1375
TX,z2465,0.1375
TX,z2466,0.1375
TX,z2467,0.1375
TX,z2468,0.1375
TX,z2469,0.1375
TX,z2470,0.1375
TX,z2471,0.1375
TX,z2472,0.1375
TX,z2473,0.1375
TX,z2474,0.1375
TX,z2475,0.1375
TX,z2476,0.1375
TX,z2477,0.1375
TX,z2478,0.1375
TX,z2479,0.1375
TX,z2480,0.1375
TX,z2481,0.1375
TX,z2482,0.1375
TX,z2483,0.1375
TX,z2484,0.1375
TX,z2485,0.1375
TX,z2486,0.1375
TX,z2487,0.1375
TX,z2488,0.1375
TX,z2489,0.1375
TX,z2490,0.1375
TX,z2491,0.1375
TX,z2492,0.1375
TX,z2493,0.1375
TX,z2494,0.1375
TX,z2495,0.1375
TX,z2496,0.1375
TX,z2497,0.1375
TX,z2498,0.1375
TX,z2499,0.1375
TX,z2500,0.1375
TX,z2501,0.1375
TX,z2502,0.1375
TX,z2503,0.1375
TX,z2504,0.1375
TX,z2505,0.1375
TX,z2506,0.1375
TX,z2507,0.1375
TX,z2508,0.1375
TX,z2509,0.1375
TX,z2510,0.1375
TX,z2511,0.1375
TX,z2512,0.1375
TX,z2513,0.1375
TX,z2514,0.1375
TX,z2515,0.1375
TX,z2516,0.1375
TX,z2517,0.1375
TX,z2518,0.1375
TX,z2519,0.1375
TX,z2520,0.1375
TX,z2521,0.1375
TX,z2522,0.1375
TX,z2523,0.1375
TX,z2524,0.1375
TX,z2525,0.1375
TX,z2526,0.1375
TX,z2527,0.1375
TX,z2528,0.1375
TX,z2529,0.1375
TX,z2530,0.1375
TX,z2531,0.1375
TX,z2532,0.1375
TX,z2533,0.1375
TX,z2534,0.1375
TX,z2535,0.1375
TX,z2536,0.1375
TX,z2537,0.1375
TX,z2538,0.1375
TX,z2539,0.1375
TX,z2540,0.1375
TX,z2541,0.1375
TX,z2542,0.1375
TX,z2543,0.1375
TX,z2544,0.1375
TX,z2545,0.1375
TX,z2546,0.1375
TX,z2547,0.1375
TX,z2548,0.1375
TX,z2549,0.1375
TX,z2550,0.1375
TX,z2551,0.1375
TX,z2552,0.1375
TX,z2553,0.1375
TX,z2554,0.1375
TX,z2555,0.1375
TX,z2556,0.1375
TX,z2557,0.1375
TX,z2558,0.1375
TX,z2559,0.1375
TX,z2560,0.1375
TX,z2561,0.1375
TX,z2562,0.1375
TX,z2563,0.1375
TX,z2564,0.1375
TX,z2565,0.1375
TX,z2566,0.1375
TX,z2567,0.1375
TX,z2568,0.1375
TX,z2569,0.1375
TX,z2570,0.1375
TX,z2571,0.1375
TX,z2572,0.1375
TX,z2573,0.1375
TX,z2574,0.1375
TX,z2575,0.1375
TX,z2576,0.1375
TX,z2577,0.1375
TX,z2578,0.1375
TX,z2579,0.1375
TX,z2580,0.1375
TX,z2581,0.1375
TX,z2582,0.1375
TX,z2583,0.1375
TX,z2584,0.1375
TX,z2585,0.1375
TX,z2586,0.1375
TX,z2587,0.1375
TX,z2588,0.1375
TX,z2589,0.1375
TX,z2590,0.1375
TX,z2591,0.1375
TX,z2592,0.1375
TX,z2593,0.1375
TX,z2594,0.1375
TX,z2595,0.1375
TX,z2596,0.1375
TX,z2597,0.1375
TX,z2598,0.1375
TX,z2599,0.1375
TX,z2600,0.1375
TX,z2601,0.1375
TX,z2602,0.1375
TX,z2603,0.1375
TX,z2604,0.1375
TX,z2605,0.1375
TX,z2606,0.1375
TX,z2607,0.1375
TX,z2608,0.1375
TX,z2609,0.1375
TX,z2610,0.1375
TX,z2611,0.1375
TX,z2612,0.1375
TX,z2613,0.1375
TX,z2614,0.1375
TX,z2615,0.1375
TX,z2616,0.1375
TX,z2617,0.1375
TX,z2618,0.1375
TX,z2619,0.1375
TX,z2620,0.1375
TX,z2621,0.1375
TX,z2622,0.1375
TX,z2623,0.1375
TX,z2624,0.1375
TX,z2625,0.1375
TX,z2626,0.1375
TX,z2627,0.1375
TX,z2628,0.1375
TX,z2629,0.1375
TX,z2630,0.1375
TX,z2631,0.1375
TX,z2632,0.1375
TX,z2633,0.1375
TX,z2634,0.1375
TX,z2635,0.1375
TX,z2636,0.1375
TX,z2637,0.1375
TX,z2638,0.1375
TX,z2639,0.1375
TX,z2640,0.1375
TX,z2641,0.1375
TX,z2642,0.1375
TX,z2643,0.1375
TX,z2644,0.1375
TX,z2645,0.1375
TX,z2646,0.1375
TX,z2647,0.1375
TX,z2648,0.1375
TX,z2649,0.1375
TX,z2650,0.1375
TX,z2651,0.1375
TX,z2652,0.1375
TX,z2653,0.1375
TX,z2654,0.1375
TX,z2655,0.1375
TX,z2656,0.1375
TX,z2657,0.1375
TX,z2658,0.1375
TX,z2659,0.1375
TX,z2660,0.1375
TX,z2661,0.1375
TX,z2662,0.1375
TX,z2663,0.1375
TX,z2664,0.1375
TX,z2665,0.1375
TX,z2666,0.1375
TX,z2667,0.1375
TX,z2668,0.1375
TX,z2669,0.1375
TX,z2670,0.1375
TX,z2671,0.1375
TX,z2672,0.1375
TX,z2673,0.1375
TX,z2674,0.1375
TX,z2675,0.1375
TX,z2676,0.1375
TX,z2677,0.1375
TX,z2678,0.1375
TX,z2679,0.1375
TX,z2680,0.1375
TX,z2681,0.1375
TX,z2682,0.1375
TX,z2683,0.1375
TX,z2684,0.1375
TX,z2685,0.1375
TX,z2686,0.1375
TX,z2687,0.1375
TX,z2688,0.1375
TX,z2689,0.1375
TX,z2690,0.1375
TX,z2691,0.1375
TX,z2692,0.1375
TX,z2693,0.1375
TX,z2694,0.1375
TX,z2695,0.1375
TX,z2696,0.1375
TX,z2697,0.1375
TX,z2698,0.1375
TX,z2699,0.1375
TX,z2700,0.1375
TX,z2701,0.1375
TX,z2702,0.1375
TX,z2703,0.1375
TX,z2704,0.1375
TX,z2705,0.1375
TX,z2706,0.1375
TX,z2707,0.1375
TX,z2708,0.1375
TX,z2709,0.1375
TX,z2710,0.1375
TX,z2711,0.1375
TX,z2712,0.1375
TX,z2713,0.1375
TX,z2714,0.1375
TX,z2715,0.1375
TX,z2716,0.1375
TX,z2717,0.1375
TX,z2718,0.1375
TX,z2719,0.1375
TX,z2720,0.1375
TX,z2721,0.1375
TX,z2722,0.1375
TX,z2723,0.1375
TX,z2724,0.1375
TX,z2725,0.1375
TX,z2726,0.1375
TX,z2727,0.1375
TX,z2728,0.1375
TX,z2729,0.1375
TX,z2730,0.1375
TX,z2731,0.1375
TX,z2732,0.1375
TX,z2733,0.1375
TX,z2734,0.1375
TX,z2735,0.1375
TX,z2736,0.1375
TX,z2737,0.1375
TX,z2738,0.1375
TX,z2739,0.1375
TX,z2740,0.1375
TX,z2741,0.1375
TX,z2742,0.1375
TX,z2743,0.1375
TX,z2744,0.1375
TX,z2745,0.1375
TX,z2746,0.1375
TX,z2747,0.1375
TX,z2748,0.1375
TX,z2749,0.1375
TX,z2750,0.1375
TX,z2751,0.1375
