Resource,Zone,Model,New_Build,Can_Retire,Existing_Cap_MW,Existing_Cap_MWh,Max_Cap_MW,Max_Cap_MWh,Min_Cap_MW,Min_Cap_MWh,Inv_Cost_per_MWyr,Inv_Cost_per_MWhyr,Fixed_OM_Cost_per_MWyr,Fixed_OM_Cost_per_MWhyr,Var_OM_Cost_per_MWh,Var_OM_Cost_per_MWh_In,Self_Disch,Eff_Up,Eff_Down,Min_Duration,Max_Duration,region,cluster
BESS_13345_1,2667,1,0,0,100.0,400.0,-1,-1,-1,-1,55400.0,37300.0,7780.0,7750.0,0.0,0.0,0.0,0.92,0.92,1,10,TX,1
BESS_13344_1,2666,1,0,0,100.0,400.0,-1,-1,-1,-1,55400.0,37300.0,7780.0,7750.0,0.0,0.0,0.0,0.92,0.92,1,10,TX,1
BESS_12594_BA,1951,1,0,0,51.1,204.4,-1,-1,-1,-1,55400.0,37300.0,7780.0,7750.0,0.0,0.0,0.0,0.92,0.92,1,10,TX,1
BESS_13336_1,2658,1,0,0,100.0,400.0,-1,-1,-1,-1,55400.0,37300.0,7780.0,7750.0,0.0,0.0,0.0,0.92,0.92,1,10,TX,1
BESS_13327_NF,2649,1,0,0,100.0,400.0,-1,-1,-1,-1,55400.0,37300.0,7780.0,7750.0,0.0,0.0,0.0,0.92,0.92,1,10,TX,1
BESS_4102_1,480,1,0,0,10.0,40.0,-1,-1,-1,-1,55400.0,37300.0,7780.0,7750.0,0.0,0.0,0.0,0.92,0.92,1,10,TX,1
BESS_13324_1,2646,1,0,0,100.0,400.0,-1,-1,-1,-1,55400.0,37300.0,7780.0,7750.0,0.0,0.0,0.0,0.92,0.92,1,10,TX,1
BESS_12589_1,1946,1,0,0,259.0,1036.0,-1,-1,-1,-1,55400.0,37300.0,7780.0,7750.0,0.0,0.0,0.0,0.92,0.92,1,10,TX,1
BESS_13323_1,2645,1,0,0,100.0,400.0,-1,-1,-1,-1,55400.0,37300.0,7780.0,7750.0,0.0,0.0,0.0,0.92,0.92,1,10,TX,1
BESS_13307_1,2629,1,0,0,100.8,403.2,-1,-1,-1,-1,55400.0,37300.0,7780.0,7750.0,0.0,0.0,0.0,0.92,0.92,1,10,TX,1
BESS_13305_BA,2627,1,0,0,101.0,404.0,-1,-1,-1,-1,55400.0,37300.0,7780.0,7750.0,0.0,0.0,0.0,0.92,0.92,1,10,TX,1
BESS_13303_BA,2625,1,0,0,101.0,404.0,-1,-1,-1,-1,55400.0,37300.0,7780.0,7750.0,0.0,0.0,0.0,0.92,0.92,1,10,TX,1
BESS_13298_1,2620,1,0,0,102.6,410.4,-1,-1,-1,-1,55400.0,37300.0,7780.0,7750.0,0.0,0.0,0.0,0.92,0.92,1,10,TX,1
BESS_6168_1,1153,1,0,0,10.0,40.0,-1,-1,-1,-1,55400.0,37300.0,7780.0,7750.0,0.0,0.0,0.0,0.92,0.92,1,10,TX,1
BESS_1090_2,85,1,0,0,36.0,144.0,-1,-1,-1,-1,55400.0,37300.0,7780.0,7750.0,0.0,0.0,0.0,0.92,0.92,1,10,TX,1
BESS_6116_1,1107,1,0,0,50.0,200.0,-1,-1,-1,-1,55400.0,37300.0,7780.0,7750.0,0.0,0.0,0.0,0.92,0.92,1,10,TX,1
BESS_13233_1,2555,1,0,0,150.0,600.0,-1,-1,-1,-1,55400.0,37300.0,7780.0,7750.0,0.0,0.0,0.0,0.92,0.92,1,10,TX,1
BESS_13231_1,2553,1,0,0,150.0,600.0,-1,-1,-1,-1,55400.0,37300.0,7780.0,7750.0,0.0,0.0,0.0,0.92,0.92,1,10,TX,1
BESS_13229_1,2551,1,0,0,150.0,600.0,-1,-1,-1,-1,55400.0,37300.0,7780.0,7750.0,0.0,0.0,0.0,0.92,0.92,1,10,TX,1
BESS_13227_1,2549,1,0,0,150.0,600.0,-1,-1,-1,-1,55400.0,37300.0,7780.0,7750.0,0.0,0.0,0.0,0.92,0.92,1,10,TX,1
BESS_13225_1,2547,1,0,0,150.0,600.0,-1,-1,-1,-1,55400.0,37300.0,7780.0,7750.0,0.0,0.0,0.0,0.92,0.92,1,10,TX,1
BESS_13223_1,2545,1,0,0,150.0,600.0,-1,-1,-1,-1,55400.0,37300.0,7780.0,7750.0,0.0,0.0,0.0,0.92,0.92,1,10,TX,1
BESS_13221_1,2543,1,0,0,150.0,600.0,-1,-1,-1,-1,55400.0,37300.0,7780.0,7750.0,0.0,0.0,0.0,0.92,0.92,1,10,TX,1
BESS_13219_1,2541,1,0,0,150.0,600.0,-1,-1,-1,-1,55400.0,37300.0,7780.0,7750.0,0.0,0.0,0.0,0.92,0.92,1,10,TX,1
BESS_13182_1,2504,1,0,0,160.0,640.0,-1,-1,-1,-1,55400.0,37300.0,7780.0,7750.0,0.0,0.0,0.0,0.92,0.92,1,10,TX,1
BESS_4068_1,454,1,0,0,10.0,40.0,-1,-1,-1,-1,55400.0,37300.0,7780.0,7750.0,0.0,0.0,0.0,0.92,0.92,1,10,TX,1
BESS_4067_1,453,1,0,0,10.0,40.0,-1,-1,-1,-1,55400.0,37300.0,7780.0,7750.0,0.0,0.0,0.0,0.92,0.92,1,10,TX,1
BESS_4065_1,451,1,0,0,150.0,600.0,-1,-1,-1,-1,55400.0,37300.0,7780.0,7750.0,0.0,0.0,0.0,0.92,0.92,1,10,TX,1
BESS_13128_1,2450,1,0,0,24.0,96.0,-1,-1,-1,-1,55400.0,37300.0,7780.0,7750.0,0.0,0.0,0.0,0.92,0.92,1,10,TX,1
BESS_6027_1,1035,1,0,0,50.0,200.0,-1,-1,-1,-1,55400.0,37300.0,7780.0,7750.0,0.0,0.0,0.0,0.92,0.92,1,10,TX,1
BESS_8141_1,1839,1,0,0,50.0,200.0,-1,-1,-1,-1,55400.0,37300.0,7780.0,7750.0,0.0,0.0,0.0,0.92,0.92,1,10,TX,1
BESS_13094_1,2416,1,0,0,200.0,800.0,-1,-1,-1,-1,55400.0,37300.0,7780.0,7750.0,0.0,0.0,0.0,0.92,0.92,1,10,TX,1
BESS_13090_1,2412,1,0,0,200.0,800.0,-1,-1,-1,-1,55400.0,37300.0,7780.0,7750.0,0.0,0.0,0.0,0.92,0.92,1,10,TX,1
BESS_13088_1,2410,1,0,0,200.0,800.0,-1,-1,-1,-1,55400.0,37300.0,7780.0,7750.0,0.0,0.0,0.0,0.92,0.92,1,10,TX,1
BESS_13086_1,2408,1,0,0,200.0,800.0,-1,-1,-1,-1,55400.0,37300.0,7780.0,7750.0,0.0,0.0,0.0,0.92,0.92,1,10,TX,1
BESS_13332_1,2654,1,0,0,100.0,400.0,-1,-1,-1,-1,55400.0,37300.0,7780.0,7750.0,0.0,0.0,0.0,0.92,0.92,1,10,TX,1
BESS_13338_1,2660,1,0,0,100.0,400.0,-1,-1,-1,-1,55400.0,37300.0,7780.0,7750.0,0.0,0.0,0.0,0.92,0.92,1,10,TX,1
BESS_13340_1,2662,1,0,0,100.0,400.0,-1,-1,-1,-1,55400.0,37300.0,7780.0,7750.0,0.0,0.0,0.0,0.92,0.92,1,10,TX,1
BESS_13028_BA,2350,1,0,0,203.0,812.0,-1,-1,-1,-1,55400.0,37300.0,7780.0,7750.0,0.0,0.0,0.0,0.92,0.92,1,10,TX,1
BESS_12993_1,2315,1,0,0,75.0,300.0,-1,-1,-1,-1,55400.0,37300.0,7780.0,7750.0,0.0,0.0,0.0,0.92,0.92,1,10,TX,1
BESS_4007_1,396,1,0,0,10.0,40.0,-1,-1,-1,-1,55400.0,37300.0,7780.0,7750.0,0.0,0.0,0.0,0.92,0.92,1,10,TX,1
BESS_12969_1,2291,1,0,0,76.8,307.2,-1,-1,-1,-1,55400.0,37300.0,7780.0,7750.0,0.0,0.0,0.0,0.92,0.92,1,10,TX,1
BESS_3120_1,364,1,0,0,100.0,400.0,-1,-1,-1,-1,55400.0,37300.0,7780.0,7750.0,0.0,0.0,0.0,0.92,0.92,1,10,TX,1
BESS_12944_1,2266,1,0,0,61.0,244.0,-1,-1,-1,-1,55400.0,37300.0,7780.0,7750.0,0.0,0.0,0.0,0.92,0.92,1,10,TX,1
BESS_12881_1,2206,1,0,0,260.0,1040.0,-1,-1,-1,-1,55400.0,37300.0,7780.0,7750.0,0.0,0.0,0.0,0.92,0.92,1,10,TX,1
BESS_12786_1,2124,1,0,0,77.6,310.4,-1,-1,-1,-1,55400.0,37300.0,7780.0,7750.0,0.0,0.0,0.0,0.92,0.92,1,10,TX,1
BESS_12782_1,2121,1,0,0,304.0,1216.0,-1,-1,-1,-1,55400.0,37300.0,7780.0,7750.0,0.0,0.0,0.0,0.92,0.92,1,10,TX,1
BESS_12759_1,2105,1,0,0,72.2,288.8,-1,-1,-1,-1,55400.0,37300.0,7780.0,7750.0,0.0,0.0,0.0,0.92,0.92,1,10,TX,1
BESS_1033_BA,33,1,0,0,50.0,200.0,-1,-1,-1,-1,55400.0,37300.0,7780.0,7750.0,0.0,0.0,0.0,0.92,0.92,1,10,TX,1
BESS_12720_1,2069,1,0,0,400.0,1600.0,-1,-1,-1,-1,55400.0,37300.0,7780.0,7750.0,0.0,0.0,0.0,0.92,0.92,1,10,TX,1
BESS_12711_1,2061,1,0,0,125.0,500.0,-1,-1,-1,-1,55400.0,37300.0,7780.0,7750.0,0.0,0.0,0.0,0.92,0.92,1,10,TX,1
BESS_12680_1,2032,1,0,0,40.0,160.0,-1,-1,-1,-1,55400.0,37300.0,7780.0,7750.0,0.0,0.0,0.0,0.92,0.92,1,10,TX,1
BESS_4111_1,489,1,0,0,10.0,40.0,-1,-1,-1,-1,55400.0,37300.0,7780.0,7750.0,0.0,0.0,0.0,0.92,0.92,1,10,TX,1
BESS_12666_1,2019,1,0,0,160.0,640.0,-1,-1,-1,-1,55400.0,37300.0,7780.0,7750.0,0.0,0.0,0.0,0.92,0.92,1,10,TX,1
BESS_12662_1,2015,1,0,0,160.0,640.0,-1,-1,-1,-1,55400.0,37300.0,7780.0,7750.0,0.0,0.0,0.0,0.92,0.92,1,10,TX,1
BESS_13428_1,2750,1,0,0,10.0,40.0,-1,-1,-1,-1,55400.0,37300.0,7780.0,7750.0,0.0,0.0,0.0,0.92,0.92,1,10,TX,1
BESS_13427_1,2749,1,0,0,10.0,40.0,-1,-1,-1,-1,55400.0,37300.0,7780.0,7750.0,0.0,0.0,0.0,0.92,0.92,1,10,TX,1
BESS_13425_1,2747,1,0,0,10.0,40.0,-1,-1,-1,-1,55400.0,37300.0,7780.0,7750.0,0.0,0.0,0.0,0.92,0.92,1,10,TX,1
BESS_12658_1,2012,1,0,0,160.0,640.0,-1,-1,-1,-1,55400.0,37300.0,7780.0,7750.0,0.0,0.0,0.0,0.92,0.92,1,10,TX,1
BESS_13415_1,2737,1,0,0,24.8,99.2,-1,-1,-1,-1,55400.0,37300.0,7780.0,7750.0,0.0,0.0,0.0,0.92,0.92,1,10,TX,1
BESS_13412_1,2734,1,0,0,30.0,120.0,-1,-1,-1,-1,55400.0,37300.0,7780.0,7750.0,0.0,0.0,0.0,0.92,0.92,1,10,TX,1
BESS_13403_1,2725,1,0,0,50.0,200.0,-1,-1,-1,-1,55400.0,37300.0,7780.0,7750.0,0.0,0.0,0.0,0.92,0.92,1,10,TX,1
BESS_12641_1,1996,1,0,0,500.0,2000.0,-1,-1,-1,-1,55400.0,37300.0,7780.0,7750.0,0.0,0.0,0.0,0.92,0.92,1,10,TX,1
BESS_13397_2,2719,1,0,0,20.0,80.0,-1,-1,-1,-1,55400.0,37300.0,7780.0,7750.0,0.0,0.0,0.0,0.92,0.92,1,10,TX,1
BESS_13389_BA,2711,1,0,0,60.0,240.0,-1,-1,-1,-1,55400.0,37300.0,7780.0,7750.0,0.0,0.0,0.0,0.92,0.92,1,10,TX,1
BESS_13386_1,2708,1,0,0,70.0,280.0,-1,-1,-1,-1,55400.0,37300.0,7780.0,7750.0,0.0,0.0,0.0,0.92,0.92,1,10,TX,1
BESS_13246_GF,2568,1,1,0,0.0,0.0,-1,-1,-1,-1,55400.0,37300.0,7780.0,7750.0,0.0,0.0,0.0,0.92,0.92,1,10,TX,1
BESS_13205_GF,2527,1,1,0,0.0,0.0,-1,-1,-1,-1,55400.0,37300.0,7780.0,7750.0,0.0,0.0,0.0,0.92,0.92,1,10,TX,1
BESS_3017_GF,266,1,1,0,0.0,0.0,-1,-1,-1,-1,55400.0,37300.0,7780.0,7750.0,0.0,0.0,0.0,0.92,0.92,1,10,TX,1
BESS_13248_GF,2570,1,1,0,0.0,0.0,-1,-1,-1,-1,55400.0,37300.0,7780.0,7750.0,0.0,0.0,0.0,0.92,0.92,1,10,TX,1
BESS_13195_GF,2517,1,1,0,0.0,0.0,-1,-1,-1,-1,55400.0,37300.0,7780.0,7750.0,0.0,0.0,0.0,0.92,0.92,1,10,TX,1
BESS_13143_GF,2465,1,1,0,0.0,0.0,-1,-1,-1,-1,55400.0,37300.0,7780.0,7750.0,0.0,0.0,0.0,0.92,0.92,1,10,TX,1
BESS_13076_GF,2398,1,1,0,0.0,0.0,-1,-1,-1,-1,55400.0,37300.0,7780.0,7750.0,0.0,0.0,0.0,0.92,0.92,1,10,TX,1
BESS_13288_GF,2610,1,1,0,0.0,0.0,-1,-1,-1,-1,55400.0,37300.0,7780.0,7750.0,0.0,0.0,0.0,0.92,0.92,1,10,TX,1
BESS_3020_GF,269,1,1,0,0.0,0.0,-1,-1,-1,-1,55400.0,37300.0,7780.0,7750.0,0.0,0.0,0.0,0.92,0.92,1,10,TX,1
BESS_13396_GF,2718,1,1,0,0.0,0.0,-1,-1,-1,-1,55400.0,37300.0,7780.0,7750.0,0.0,0.0,0.0,0.92,0.92,1,10,TX,1
BESS_13035_GF,2357,1,1,0,0.0,0.0,-1,-1,-1,-1,55400.0,37300.0,7780.0,7750.0,0.0,0.0,0.0,0.92,0.92,1,10,TX,1
BESS_13132_GF,2454,1,1,0,0.0,0.0,-1,-1,-1,-1,55400.0,37300.0,7780.0,7750.0,0.0,0.0,0.0,0.92,0.92,1,10,TX,1
BESS_13258_GF,2580,1,1,0,0.0,0.0,-1,-1,-1,-1,55400.0,37300.0,7780.0,7750.0,0.0,0.0,0.0,0.92,0.92,1,10,TX,1
BESS_3062_GF,308,1,1,0,0.0,0.0,-1,-1,-1,-1,55400.0,37300.0,7780.0,7750.0,0.0,0.0,0.0,0.92,0.92,1,10,TX,1
BESS_5170_GF,718,1,1,0,0.0,0.0,-1,-1,-1,-1,55400.0,37300.0,7780.0,7750.0,0.0,0.0,0.0,0.92,0.92,1,10,TX,1
BESS_13033_GF,2355,1,1,0,0.0,0.0,-1,-1,-1,-1,55400.0,37300.0,7780.0,7750.0,0.0,0.0,0.0,0.92,0.92,1,10,TX,1
BESS_12595_GF,1952,1,1,0,0.0,0.0,-1,-1,-1,-1,55400.0,37300.0,7780.0,7750.0,0.0,0.0,0.0,0.92,0.92,1,10,TX,1
BESS_4010_GF,399,1,1,0,0.0,0.0,-1,-1,-1,-1,55400.0,37300.0,7780.0,7750.0,0.0,0.0,0.0,0.92,0.92,1,10,TX,1
BESS_2062_GF,183,1,1,0,0.0,0.0,-1,-1,-1,-1,55400.0,37300.0,7780.0,7750.0,0.0,0.0,0.0,0.92,0.92,1,10,TX,1
BESS_4166_GF,537,1,1,0,0.0,0.0,-1,-1,-1,-1,55400.0,37300.0,7780.0,7750.0,0.0,0.0,0.0,0.92,0.92,1,10,TX,1
BESS_13240_GF,2562,1,1,0,0.0,0.0,-1,-1,-1,-1,55400.0,37300.0,7780.0,7750.0,0.0,0.0,0.0,0.92,0.92,1,10,TX,1
BESS_2013_GF,137,1,1,0,0.0,0.0,-1,-1,-1,-1,55400.0,37300.0,7780.0,7750.0,0.0,0.0,0.0,0.92,0.92,1,10,TX,1
BESS_13208_GF,2530,1,1,0,0.0,0.0,-1,-1,-1,-1,55400.0,37300.0,7780.0,7750.0,0.0,0.0,0.0,0.92,0.92,1,10,TX,1
BESS_13042_GF,2364,1,1,0,0.0,0.0,-1,-1,-1,-1,55400.0,37300.0,7780.0,7750.0,0.0,0.0,0.0,0.92,0.92,1,10,TX,1
BESS_13262_GF,2584,1,1,0,0.0,0.0,-1,-1,-1,-1,55400.0,37300.0,7780.0,7750.0,0.0,0.0,0.0,0.92,0.92,1,10,TX,1
BESS_13284_GF,2606,1,1,0,0.0,0.0,-1,-1,-1,-1,55400.0,37300.0,7780.0,7750.0,0.0,0.0,0.0,0.92,0.92,1,10,TX,1
BESS_13283_GF,2605,1,1,0,0.0,0.0,-1,-1,-1,-1,55400.0,37300.0,7780.0,7750.0,0.0,0.0,0.0,0.92,0.92,1,10,TX,1
BESS_3113_GF,358,1,1,0,0.0,0.0,-1,-1,-1,-1,55400.0,37300.0,7780.0,7750.0,0.0,0.0,0.0,0.92,0.92,1,10,TX,1
BESS_12907_GF,2229,1,1,0,0.0,0.0,-1,-1,-1,-1,55400.0,37300.0,7780.0,7750.0,0.0,0.0,0.0,0.92,0.92,1,10,TX,1
BESS_13405_GF,2727,1,1,0,0.0,0.0,-1,-1,-1,-1,55400.0,37300.0,7780.0,7750.0,0.0,0.0,0.0,0.92,0.92,1,10,TX,1
BESS_1067_GF,64,1,1,0,0.0,0.0,-1,-1,-1,-1,55400.0,37300.0,7780.0,7750.0,0.0,0.0,0.0,0.92,0.92,1,10,TX,1
BESS_12631_GF,1986,1,1,0,0.0,0.0,-1,-1,-1,-1,55400.0,37300.0,7780.0,7750.0,0.0,0.0,0.0,0.92,0.92,1,10,TX,1
BESS_12960_GF,2282,1,1,0,0.0,0.0,-1,-1,-1,-1,55400.0,37300.0,7780.0,7750.0,0.0,0.0,0.0,0.92,0.92,1,10,TX,1
BESS_12985_GF,2307,1,1,0,0.0,0.0,-1,-1,-1,-1,55400.0,37300.0,7780.0,7750.0,0.0,0.0,0.0,0.92,0.92,1,10,TX,1
BESS_2099_GF,217,1,1,0,0.0,0.0,-1,-1,-1,-1,55400.0,37300.0,7780.0,7750.0,0.0,0.0,0.0,0.92,0.92,1,10,TX,1
BESS_3122_GF,366,1,1,0,0.0,0.0,-1,-1,-1,-1,55400.0,37300.0,7780.0,7750.0,0.0,0.0,0.0,0.92,0.92,1,10,TX,1
BESS_13066_GF,2388,1,1,0,0.0,0.0,-1,-1,-1,-1,55400.0,37300.0,7780.0,7750.0,0.0,0.0,0.0,0.92,0.92,1,10,TX,1
BESS_4153_GF,525,1,1,0,0.0,0.0,-1,-1,-1,-1,55400.0,37300.0,7780.0,7750.0,0.0,0.0,0.0,0.92,0.92,1,10,TX,1
BESS_3117_GF,362,1,1,0,0.0,0.0,-1,-1,-1,-1,55400.0,37300.0,7780.0,7750.0,0.0,0.0,0.0,0.92,0.92,1,10,TX,1
BESS_13419_GF,2741,1,1,0,0.0,0.0,-1,-1,-1,-1,55400.0,37300.0,7780.0,7750.0,0.0,0.0,0.0,0.92,0.92,1,10,TX,1
BESS_12964_GF,2286,1,1,0,0.0,0.0,-1,-1,-1,-1,55400.0,37300.0,7780.0,7750.0,0.0,0.0,0.0,0.92,0.92,1,10,TX,1
BESS_13150_GF,2472,1,1,0,0.0,0.0,-1,-1,-1,-1,55400.0,37300.0,7780.0,7750.0,0.0,0.0,0.0,0.92,0.92,1,10,TX,1
BESS_12737_GF,2086,1,1,0,0.0,0.0,-1,-1,-1,-1,55400.0,37300.0,7780.0,7750.0,0.0,0.0,0.0,0.92,0.92,1,10,TX,1
BESS_12753_GF,2100,1,1,0,0.0,0.0,-1,-1,-1,-1,55400.0,37300.0,7780.0,7750.0,0.0,0.0,0.0,0.92,0.92,1,10,TX,1
BESS_12638_GF,1993,1,1,0,0.0,0.0,-1,-1,-1,-1,55400.0,37300.0,7780.0,7750.0,0.0,0.0,0.0,0.92,0.92,1,10,TX,1
BESS_1090_GF,85,1,1,0,0.0,0.0,-1,-1,-1,-1,55400.0,37300.0,7780.0,7750.0,0.0,0.0,0.0,0.92,0.92,1,10,TX,1
BESS_13172_GF,2494,1,1,0,0.0,0.0,-1,-1,-1,-1,55400.0,37300.0,7780.0,7750.0,0.0,0.0,0.0,0.92,0.92,1,10,TX,1
BESS_13201_GF,2523,1,1,0,0.0,0.0,-1,-1,-1,-1,55400.0,37300.0,7780.0,7750.0,0.0,0.0,0.0,0.92,0.92,1,10,TX,1
BESS_13299_GF,2621,1,1,0,0.0,0.0,-1,-1,-1,-1,55400.0,37300.0,7780.0,7750.0,0.0,0.0,0.0,0.92,0.92,1,10,TX,1
BESS_13130_GF,2452,1,1,0,0.0,0.0,-1,-1,-1,-1,55400.0,37300.0,7780.0,7750.0,0.0,0.0,0.0,0.92,0.92,1,10,TX,1
BESS_13180_GF,2502,1,1,0,0.0,0.0,-1,-1,-1,-1,55400.0,37300.0,7780.0,7750.0,0.0,0.0,0.0,0.92,0.92,1,10,TX,1
BESS_12594_GF,1951,1,1,0,0.0,0.0,-1,-1,-1,-1,55400.0,37300.0,7780.0,7750.0,0.0,0.0,0.0,0.92,0.92,1,10,TX,1
BESS_13048_GF,2370,1,1,0,0.0,0.0,-1,-1,-1,-1,55400.0,37300.0,7780.0,7750.0,0.0,0.0,0.0,0.92,0.92,1,10,TX,1
BESS_12868_GF,2195,1,1,0,0.0,0.0,-1,-1,-1,-1,55400.0,37300.0,7780.0,7750.0,0.0,0.0,0.0,0.92,0.92,1,10,TX,1
BESS_3068_GF,314,1,1,0,0.0,0.0,-1,-1,-1,-1,55400.0,37300.0,7780.0,7750.0,0.0,0.0,0.0,0.92,0.92,1,10,TX,1
BESS_13365_GF,2687,1,1,0,0.0,0.0,-1,-1,-1,-1,55400.0,37300.0,7780.0,7750.0,0.0,0.0,0.0,0.92,0.92,1,10,TX,1
BESS_13353_GF,2675,1,1,0,0.0,0.0,-1,-1,-1,-1,55400.0,37300.0,7780.0,7750.0,0.0,0.0,0.0,0.92,0.92,1,10,TX,1
BESS_1035_GF,35,1,1,0,0.0,0.0,-1,-1,-1,-1,55400.0,37300.0,7780.0,7750.0,0.0,0.0,0.0,0.92,0.92,1,10,TX,1
BESS_13263_GF,2585,1,1,0,0.0,0.0,-1,-1,-1,-1,55400.0,37300.0,7780.0,7750.0,0.0,0.0,0.0,0.92,0.92,1,10,TX,1
BESS_5020_GF,586,1,1,0,0.0,0.0,-1,-1,-1,-1,55400.0,37300.0,7780.0,7750.0,0.0,0.0,0.0,0.92,0.92,1,10,TX,1
BESS_12609_GF,1965,1,1,0,0.0,0.0,-1,-1,-1,-1,55400.0,37300.0,7780.0,7750.0,0.0,0.0,0.0,0.92,0.92,1,10,TX,1
BESS_12792_GF,2129,1,1,0,0.0,0.0,-1,-1,-1,-1,55400.0,37300.0,7780.0,7750.0,0.0,0.0,0.0,0.92,0.92,1,10,TX,1
BESS_3092_GF,337,1,1,0,0.0,0.0,-1,-1,-1,-1,55400.0,37300.0,7780.0,7750.0,0.0,0.0,0.0,0.92,0.92,1,10,TX,1
BESS_12821_GF,2154,1,1,0,0.0,0.0,-1,-1,-1,-1,55400.0,37300.0,7780.0,7750.0,0.0,0.0,0.0,0.92,0.92,1,10,TX,1
BESS_13308_GF,2630,1,1,0,0.0,0.0,-1,-1,-1,-1,55400.0,37300.0,7780.0,7750.0,0.0,0.0,0.0,0.92,0.92,1,10,TX,1
BESS_12848_GF,2177,1,1,0,0.0,0.0,-1,-1,-1,-1,55400.0,37300.0,7780.0,7750.0,0.0,0.0,0.0,0.92,0.92,1,10,TX,1
BESS_12884_GF,2209,1,1,0,0.0,0.0,-1,-1,-1,-1,55400.0,37300.0,7780.0,7750.0,0.0,0.0,0.0,0.92,0.92,1,10,TX,1
BESS_12930_GF,2252,1,1,0,0.0,0.0,-1,-1,-1,-1,55400.0,37300.0,7780.0,7750.0,0.0,0.0,0.0,0.92,0.92,1,10,TX,1
BESS_13367_GF,2689,1,1,0,0.0,0.0,-1,-1,-1,-1,55400.0,37300.0,7780.0,7750.0,0.0,0.0,0.0,0.92,0.92,1,10,TX,1
BESS_2078_GF,198,1,1,0,0.0,0.0,-1,-1,-1,-1,55400.0,37300.0,7780.0,7750.0,0.0,0.0,0.0,0.92,0.92,1,10,TX,1
BESS_3115_GF,360,1,1,0,0.0,0.0,-1,-1,-1,-1,55400.0,37300.0,7780.0,7750.0,0.0,0.0,0.0,0.92,0.92,1,10,TX,1
BESS_1039_GF,39,1,1,0,0.0,0.0,-1,-1,-1,-1,55400.0,37300.0,7780.0,7750.0,0.0,0.0,0.0,0.92,0.92,1,10,TX,1
BESS_13054_GF,2376,1,1,0,0.0,0.0,-1,-1,-1,-1,55400.0,37300.0,7780.0,7750.0,0.0,0.0,0.0,0.92,0.92,1,10,TX,1
BESS_12971_GF,2293,1,1,0,0.0,0.0,-1,-1,-1,-1,55400.0,37300.0,7780.0,7750.0,0.0,0.0,0.0,0.92,0.92,1,10,TX,1
BESS_12818_GF,2151,1,1,0,0.0,0.0,-1,-1,-1,-1,55400.0,37300.0,7780.0,7750.0,0.0,0.0,0.0,0.92,0.92,1,10,TX,1
BESS_13158_GF,2480,1,1,0,0.0,0.0,-1,-1,-1,-1,55400.0,37300.0,7780.0,7750.0,0.0,0.0,0.0,0.92,0.92,1,10,TX,1
BESS_3060_GF,306,1,1,0,0.0,0.0,-1,-1,-1,-1,55400.0,37300.0,7780.0,7750.0,0.0,0.0,0.0,0.92,0.92,1,10,TX,1
BESS_3081_GF,327,1,1,0,0.0,0.0,-1,-1,-1,-1,55400.0,37300.0,7780.0,7750.0,0.0,0.0,0.0,0.92,0.92,1,10,TX,1
BESS_12956_GF,2278,1,1,0,0.0,0.0,-1,-1,-1,-1,55400.0,37300.0,7780.0,7750.0,0.0,0.0,0.0,0.92,0.92,1,10,TX,1
BESS_13374_GF,2696,1,1,0,0.0,0.0,-1,-1,-1,-1,55400.0,37300.0,7780.0,7750.0,0.0,0.0,0.0,0.92,0.92,1,10,TX,1
BESS_13047_GF,2369,1,1,0,0.0,0.0,-1,-1,-1,-1,55400.0,37300.0,7780.0,7750.0,0.0,0.0,0.0,0.92,0.92,1,10,TX,1
BESS_13060_GF,2382,1,1,0,0.0,0.0,-1,-1,-1,-1,55400.0,37300.0,7780.0,7750.0,0.0,0.0,0.0,0.92,0.92,1,10,TX,1
BESS_13030_GF,2352,1,1,0,0.0,0.0,-1,-1,-1,-1,55400.0,37300.0,7780.0,7750.0,0.0,0.0,0.0,0.92,0.92,1,10,TX,1
BESS_2042_GF,166,1,1,0,0.0,0.0,-1,-1,-1,-1,55400.0,37300.0,7780.0,7750.0,0.0,0.0,0.0,0.92,0.92,1,10,TX,1
BESS_1006_GF,6,1,1,0,0.0,0.0,-1,-1,-1,-1,55400.0,37300.0,7780.0,7750.0,0.0,0.0,0.0,0.92,0.92,1,10,TX,1
BESS_3056_GF,302,1,1,0,0.0,0.0,-1,-1,-1,-1,55400.0,37300.0,7780.0,7750.0,0.0,0.0,0.0,0.92,0.92,1,10,TX,1
BESS_12745_GF,2092,1,1,0,0.0,0.0,-1,-1,-1,-1,55400.0,37300.0,7780.0,7750.0,0.0,0.0,0.0,0.92,0.92,1,10,TX,1
BESS_13129_GF,2451,1,1,0,0.0,0.0,-1,-1,-1,-1,55400.0,37300.0,7780.0,7750.0,0.0,0.0,0.0,0.92,0.92,1,10,TX,1
BESS_13156_GF,2478,1,1,0,0.0,0.0,-1,-1,-1,-1,55400.0,37300.0,7780.0,7750.0,0.0,0.0,0.0,0.92,0.92,1,10,TX,1
BESS_13392_GF,2714,1,1,0,0.0,0.0,-1,-1,-1,-1,55400.0,37300.0,7780.0,7750.0,0.0,0.0,0.0,0.92,0.92,1,10,TX,1
BESS_13011_GF,2333,1,1,0,0.0,0.0,-1,-1,-1,-1,55400.0,37300.0,7780.0,7750.0,0.0,0.0,0.0,0.92,0.92,1,10,TX,1
BESS_13168_GF,2490,1,1,0,0.0,0.0,-1,-1,-1,-1,55400.0,37300.0,7780.0,7750.0,0.0,0.0,0.0,0.92,0.92,1,10,TX,1
BESS_3061_GF,307,1,1,0,0.0,0.0,-1,-1,-1,-1,55400.0,37300.0,7780.0,7750.0,0.0,0.0,0.0,0.92,0.92,1,10,TX,1
BESS_3065_GF,311,1,1,0,0.0,0.0,-1,-1,-1,-1,55400.0,37300.0,7780.0,7750.0,0.0,0.0,0.0,0.92,0.92,1,10,TX,1
BESS_1026_GF,26,1,1,0,0.0,0.0,-1,-1,-1,-1,55400.0,37300.0,7780.0,7750.0,0.0,0.0,0.0,0.92,0.92,1,10,TX,1
BESS_13279_GF,2601,1,1,0,0.0,0.0,-1,-1,-1,-1,55400.0,37300.0,7780.0,7750.0,0.0,0.0,0.0,0.92,0.92,1,10,TX,1
BESS_13068_GF,2390,1,1,0,0.0,0.0,-1,-1,-1,-1,55400.0,37300.0,7780.0,7750.0,0.0,0.0,0.0,0.92,0.92,1,10,TX,1
BESS_13112_GF,2434,1,1,0,0.0,0.0,-1,-1,-1,-1,55400.0,37300.0,7780.0,7750.0,0.0,0.0,0.0,0.92,0.92,1,10,TX,1
BESS_13290_GF,2612,1,1,0,0.0,0.0,-1,-1,-1,-1,55400.0,37300.0,7780.0,7750.0,0.0,0.0,0.0,0.92,0.92,1,10,TX,1
BESS_13199_GF,2521,1,1,0,0.0,0.0,-1,-1,-1,-1,55400.0,37300.0,7780.0,7750.0,0.0,0.0,0.0,0.92,0.92,1,10,TX,1
BESS_3004_GF,253,1,1,0,0.0,0.0,-1,-1,-1,-1,55400.0,37300.0,7780.0,7750.0,0.0,0.0,0.0,0.92,0.92,1,10,TX,1
BESS_13409_GF,2731,1,1,0,0.0,0.0,-1,-1,-1,-1,55400.0,37300.0,7780.0,7750.0,0.0,0.0,0.0,0.92,0.92,1,10,TX,1
BESS_13170_GF,2492,1,1,0,0.0,0.0,-1,-1,-1,-1,55400.0,37300.0,7780.0,7750.0,0.0,0.0,0.0,0.92,0.92,1,10,TX,1
BESS_13197_GF,2519,1,1,0,0.0,0.0,-1,-1,-1,-1,55400.0,37300.0,7780.0,7750.0,0.0,0.0,0.0,0.92,0.92,1,10,TX,1
BESS_13056_GF,2378,1,1,0,0.0,0.0,-1,-1,-1,-1,55400.0,37300.0,7780.0,7750.0,0.0,0.0,0.0,0.92,0.92,1,10,TX,1
BESS_3063_GF,309,1,1,0,0.0,0.0,-1,-1,-1,-1,55400.0,37300.0,7780.0,7750.0,0.0,0.0,0.0,0.92,0.92,1,10,TX,1
BESS_12733_GF,2082,1,1,0,0.0,0.0,-1,-1,-1,-1,55400.0,37300.0,7780.0,7750.0,0.0,0.0,0.0,0.92,0.92,1,10,TX,1
BESS_4177_GF,548,1,1,0,0.0,0.0,-1,-1,-1,-1,55400.0,37300.0,7780.0,7750.0,0.0,0.0,0.0,0.92,0.92,1,10,TX,1
BESS_13185_GF,2507,1,1,0,0.0,0.0,-1,-1,-1,-1,55400.0,37300.0,7780.0,7750.0,0.0,0.0,0.0,0.92,0.92,1,10,TX,1
BESS_13043_GF,2365,1,1,0,0.0,0.0,-1,-1,-1,-1,55400.0,37300.0,7780.0,7750.0,0.0,0.0,0.0,0.92,0.92,1,10,TX,1
BESS_13017_GF,2339,1,1,0,0.0,0.0,-1,-1,-1,-1,55400.0,37300.0,7780.0,7750.0,0.0,0.0,0.0,0.92,0.92,1,10,TX,1
BESS_3074_GF,320,1,1,0,0.0,0.0,-1,-1,-1,-1,55400.0,37300.0,7780.0,7750.0,0.0,0.0,0.0,0.92,0.92,1,10,TX,1
BESS_2091_GF,211,1,1,0,0.0,0.0,-1,-1,-1,-1,55400.0,37300.0,7780.0,7750.0,0.0,0.0,0.0,0.92,0.92,1,10,TX,1
BESS_2089_GF,209,1,1,0,0.0,0.0,-1,-1,-1,-1,55400.0,37300.0,7780.0,7750.0,0.0,0.0,0.0,0.92,0.92,1,10,TX,1
BESS_1023_GF,23,1,1,0,0.0,0.0,-1,-1,-1,-1,55400.0,37300.0,7780.0,7750.0,0.0,0.0,0.0,0.92,0.92,1,10,TX,1
BESS_12966_GF,2288,1,1,0,0.0,0.0,-1,-1,-1,-1,55400.0,37300.0,7780.0,7750.0,0.0,0.0,0.0,0.92,0.92,1,10,TX,1
BESS_13014_GF,2336,1,1,0,0.0,0.0,-1,-1,-1,-1,55400.0,37300.0,7780.0,7750.0,0.0,0.0,0.0,0.92,0.92,1,10,TX,1
BESS_12940_GF,2262,1,1,0,0.0,0.0,-1,-1,-1,-1,55400.0,37300.0,7780.0,7750.0,0.0,0.0,0.0,0.92,0.92,1,10,TX,1
BESS_12773_GF,2114,1,1,0,0.0,0.0,-1,-1,-1,-1,55400.0,37300.0,7780.0,7750.0,0.0,0.0,0.0,0.92,0.92,1,10,TX,1
BESS_12802_GF,2136,1,1,0,0.0,0.0,-1,-1,-1,-1,55400.0,37300.0,7780.0,7750.0,0.0,0.0,0.0,0.92,0.92,1,10,TX,1
BESS_13058_GF,2380,1,1,0,0.0,0.0,-1,-1,-1,-1,55400.0,37300.0,7780.0,7750.0,0.0,0.0,0.0,0.92,0.92,1,10,TX,1
BESS_3086_GF,332,1,1,0,0.0,0.0,-1,-1,-1,-1,55400.0,37300.0,7780.0,7750.0,0.0,0.0,0.0,0.92,0.92,1,10,TX,1
BESS_3087_GF,333,1,1,0,0.0,0.0,-1,-1,-1,-1,55400.0,37300.0,7780.0,7750.0,0.0,0.0,0.0,0.92,0.92,1,10,TX,1
BESS_12809_GF,2143,1,1,0,0.0,0.0,-1,-1,-1,-1,55400.0,37300.0,7780.0,7750.0,0.0,0.0,0.0,0.92,0.92,1,10,TX,1
BESS_12815_GF,2149,1,1,0,0.0,0.0,-1,-1,-1,-1,55400.0,37300.0,7780.0,7750.0,0.0,0.0,0.0,0.92,0.92,1,10,TX,1
BESS_1066_GF,63,1,1,0,0.0,0.0,-1,-1,-1,-1,55400.0,37300.0,7780.0,7750.0,0.0,0.0,0.0,0.92,0.92,1,10,TX,1
BESS_13352_GF,2674,1,1,0,0.0,0.0,-1,-1,-1,-1,55400.0,37300.0,7780.0,7750.0,0.0,0.0,0.0,0.92,0.92,1,10,TX,1
BESS_12959_GF,2281,1,1,0,0.0,0.0,-1,-1,-1,-1,55400.0,37300.0,7780.0,7750.0,0.0,0.0,0.0,0.92,0.92,1,10,TX,1
BESS_12908_GF,2230,1,1,0,0.0,0.0,-1,-1,-1,-1,55400.0,37300.0,7780.0,7750.0,0.0,0.0,0.0,0.92,0.92,1,10,TX,1
BESS_12756_GF,2103,1,1,0,0.0,0.0,-1,-1,-1,-1,55400.0,37300.0,7780.0,7750.0,0.0,0.0,0.0,0.92,0.92,1,10,TX,1
BESS_12899_GF,2222,1,1,0,0.0,0.0,-1,-1,-1,-1,55400.0,37300.0,7780.0,7750.0,0.0,0.0,0.0,0.92,0.92,1,10,TX,1
BESS_3098_GF,343,1,1,0,0.0,0.0,-1,-1,-1,-1,55400.0,37300.0,7780.0,7750.0,0.0,0.0,0.0,0.92,0.92,1,10,TX,1
BESS_13362_GF,2684,1,1,0,0.0,0.0,-1,-1,-1,-1,55400.0,37300.0,7780.0,7750.0,0.0,0.0,0.0,0.92,0.92,1,10,TX,1
BESS_1021_GF,21,1,1,0,0.0,0.0,-1,-1,-1,-1,55400.0,37300.0,7780.0,7750.0,0.0,0.0,0.0,0.92,0.92,1,10,TX,1
BESS_13360_GF,2682,1,1,0,0.0,0.0,-1,-1,-1,-1,55400.0,37300.0,7780.0,7750.0,0.0,0.0,0.0,0.92,0.92,1,10,TX,1
BESS_3112_GF,357,1,1,0,0.0,0.0,-1,-1,-1,-1,55400.0,37300.0,7780.0,7750.0,0.0,0.0,0.0,0.92,0.92,1,10,TX,1
BESS_13160_GF,2482,1,1,0,0.0,0.0,-1,-1,-1,-1,55400.0,37300.0,7780.0,7750.0,0.0,0.0,0.0,0.92,0.92,1,10,TX,1
BESS_12845_GF,2174,1,1,0,0.0,0.0,-1,-1,-1,-1,55400.0,37300.0,7780.0,7750.0,0.0,0.0,0.0,0.92,0.92,1,10,TX,1
BESS_12938_GF,2260,1,1,0,0.0,0.0,-1,-1,-1,-1,55400.0,37300.0,7780.0,7750.0,0.0,0.0,0.0,0.92,0.92,1,10,TX,1
BESS_12856_GF,2184,1,1,0,0.0,0.0,-1,-1,-1,-1,55400.0,37300.0,7780.0,7750.0,0.0,0.0,0.0,0.92,0.92,1,10,TX,1
BESS_12859_GF,2186,1,1,0,0.0,0.0,-1,-1,-1,-1,55400.0,37300.0,7780.0,7750.0,0.0,0.0,0.0,0.92,0.92,1,10,TX,1
BESS_12839_GF,2170,1,1,0,0.0,0.0,-1,-1,-1,-1,55400.0,37300.0,7780.0,7750.0,0.0,0.0,0.0,0.92,0.92,1,10,TX,1
BESS_3095_GF,340,1,1,0,0.0,0.0,-1,-1,-1,-1,55400.0,37300.0,7780.0,7750.0,0.0,0.0,0.0,0.92,0.92,1,10,TX,1
BESS_12812_GF,2146,1,1,0,0.0,0.0,-1,-1,-1,-1,55400.0,37300.0,7780.0,7750.0,0.0,0.0,0.0,0.92,0.92,1,10,TX,1
BESS_12800_GF,2135,1,1,0,0.0,0.0,-1,-1,-1,-1,55400.0,37300.0,7780.0,7750.0,0.0,0.0,0.0,0.92,0.92,1,10,TX,1
BESS_12977_GF,2299,1,1,0,0.0,0.0,-1,-1,-1,-1,55400.0,37300.0,7780.0,7750.0,0.0,0.0,0.0,0.92,0.92,1,10,TX,1
BESS_2071_GF,192,1,1,0,0.0,0.0,-1,-1,-1,-1,55400.0,37300.0,7780.0,7750.0,0.0,0.0,0.0,0.92,0.92,1,10,TX,1
BESS_13005_GF,2327,1,1,0,0.0,0.0,-1,-1,-1,-1,55400.0,37300.0,7780.0,7750.0,0.0,0.0,0.0,0.92,0.92,1,10,TX,1
BESS_12957_GF,2279,1,1,0,0.0,0.0,-1,-1,-1,-1,55400.0,37300.0,7780.0,7750.0,0.0,0.0,0.0,0.92,0.92,1,10,TX,1
BESS_12941_GF,2263,1,1,0,0.0,0.0,-1,-1,-1,-1,55400.0,37300.0,7780.0,7750.0,0.0,0.0,0.0,0.92,0.92,1,10,TX,1
BESS_13372_GF,2694,1,1,0,0.0,0.0,-1,-1,-1,-1,55400.0,37300.0,7780.0,7750.0,0.0,0.0,0.0,0.92,0.92,1,10,TX,1
BESS_3039_GF,288,1,1,0,0.0,0.0,-1,-1,-1,-1,55400.0,37300.0,7780.0,7750.0,0.0,0.0,0.0,0.92,0.92,1,10,TX,1
BESS_13062_GF,2384,1,1,0,0.0,0.0,-1,-1,-1,-1,55400.0,37300.0,7780.0,7750.0,0.0,0.0,0.0,0.92,0.92,1,10,TX,1
BESS_13049_GF,2371,1,1,0,0.0,0.0,-1,-1,-1,-1,55400.0,37300.0,7780.0,7750.0,0.0,0.0,0.0,0.92,0.92,1,10,TX,1
BESS_1042_GF,42,1,1,0,0.0,0.0,-1,-1,-1,-1,55400.0,37300.0,7780.0,7750.0,0.0,0.0,0.0,0.92,0.92,1,10,TX,1
BESS_3034_GF,283,1,1,0,0.0,0.0,-1,-1,-1,-1,55400.0,37300.0,7780.0,7750.0,0.0,0.0,0.0,0.92,0.92,1,10,TX,1
BESS_13350_GF,2672,1,1,0,0.0,0.0,-1,-1,-1,-1,55400.0,37300.0,7780.0,7750.0,0.0,0.0,0.0,0.92,0.92,1,10,TX,1
BESS_3071_GF,317,1,1,0,0.0,0.0,-1,-1,-1,-1,55400.0,37300.0,7780.0,7750.0,0.0,0.0,0.0,0.92,0.92,1,10,TX,1
BESS_12734_GF,2083,1,1,0,0.0,0.0,-1,-1,-1,-1,55400.0,37300.0,7780.0,7750.0,0.0,0.0,0.0,0.92,0.92,1,10,TX,1
BESS_1057_GF,56,1,1,0,0.0,0.0,-1,-1,-1,-1,55400.0,37300.0,7780.0,7750.0,0.0,0.0,0.0,0.92,0.92,1,10,TX,1
BESS_13037_GF,2359,1,1,0,0.0,0.0,-1,-1,-1,-1,55400.0,37300.0,7780.0,7750.0,0.0,0.0,0.0,0.92,0.92,1,10,TX,1
BESS_2019_GF,143,1,1,0,0.0,0.0,-1,-1,-1,-1,55400.0,37300.0,7780.0,7750.0,0.0,0.0,0.0,0.92,0.92,1,10,TX,1
BESS_13050_GF,2372,1,1,0,0.0,0.0,-1,-1,-1,-1,55400.0,37300.0,7780.0,7750.0,0.0,0.0,0.0,0.92,0.92,1,10,TX,1
BESS_12647_GF,2001,1,1,0,0.0,0.0,-1,-1,-1,-1,55400.0,37300.0,7780.0,7750.0,0.0,0.0,0.0,0.92,0.92,1,10,TX,1
BESS_4050_GF,439,1,1,0,0.0,0.0,-1,-1,-1,-1,55400.0,37300.0,7780.0,7750.0,0.0,0.0,0.0,0.92,0.92,1,10,TX,1
BESS_13420_GF,2742,1,1,0,0.0,0.0,-1,-1,-1,-1,55400.0,37300.0,7780.0,7750.0,0.0,0.0,0.0,0.92,0.92,1,10,TX,1
BESS_13120_GF,2442,1,1,0,0.0,0.0,-1,-1,-1,-1,55400.0,37300.0,7780.0,7750.0,0.0,0.0,0.0,0.92,0.92,1,10,TX,1
BESS_12979_GF,2301,1,1,0,0.0,0.0,-1,-1,-1,-1,55400.0,37300.0,7780.0,7750.0,0.0,0.0,0.0,0.92,0.92,1,10,TX,1
BESS_13125_GF,2447,1,1,0,0.0,0.0,-1,-1,-1,-1,55400.0,37300.0,7780.0,7750.0,0.0,0.0,0.0,0.92,0.92,1,10,TX,1
BESS_13116_GF,2438,1,1,0,0.0,0.0,-1,-1,-1,-1,55400.0,37300.0,7780.0,7750.0,0.0,0.0,0.0,0.92,0.92,1,10,TX,1
BESS_13136_GF,2458,1,1,0,0.0,0.0,-1,-1,-1,-1,55400.0,37300.0,7780.0,7750.0,0.0,0.0,0.0,0.92,0.92,1,10,TX,1
BESS_13134_GF,2456,1,1,0,0.0,0.0,-1,-1,-1,-1,55400.0,37300.0,7780.0,7750.0,0.0,0.0,0.0,0.92,0.92,1,10,TX,1
BESS_12677_GF,2029,1,1,0,0.0,0.0,-1,-1,-1,-1,55400.0,37300.0,7780.0,7750.0,0.0,0.0,0.0,0.92,0.92,1,10,TX,1
BESS_13162_GF,2484,1,1,0,0.0,0.0,-1,-1,-1,-1,55400.0,37300.0,7780.0,7750.0,0.0,0.0,0.0,0.92,0.92,1,10,TX,1
BESS_13166_GF,2488,1,1,0,0.0,0.0,-1,-1,-1,-1,55400.0,37300.0,7780.0,7750.0,0.0,0.0,0.0,0.92,0.92,1,10,TX,1
BESS_13351_GF,2673,1,1,0,0.0,0.0,-1,-1,-1,-1,55400.0,37300.0,7780.0,7750.0,0.0,0.0,0.0,0.92,0.92,1,10,TX,1
BESS_13395_GF,2717,1,1,0,0.0,0.0,-1,-1,-1,-1,55400.0,37300.0,7780.0,7750.0,0.0,0.0,0.0,0.92,0.92,1,10,TX,1
BESS_6083_GF,1082,1,1,0,0.0,0.0,-1,-1,-1,-1,55400.0,37300.0,7780.0,7750.0,0.0,0.0,0.0,0.92,0.92,1,10,TX,1
BESS_6137_GF,1128,1,1,0,0.0,0.0,-1,-1,-1,-1,55400.0,37300.0,7780.0,7750.0,0.0,0.0,0.0,0.92,0.92,1,10,TX,1
BESS_6082_GF,1081,1,1,0,0.0,0.0,-1,-1,-1,-1,55400.0,37300.0,7780.0,7750.0,0.0,0.0,0.0,0.92,0.92,1,10,TX,1
BESS_4045_GF,434,1,1,0,0.0,0.0,-1,-1,-1,-1,55400.0,37300.0,7780.0,7750.0,0.0,0.0,0.0,0.92,0.92,1,10,TX,1
BESS_5290_GF,837,1,1,0,0.0,0.0,-1,-1,-1,-1,55400.0,37300.0,7780.0,7750.0,0.0,0.0,0.0,0.92,0.92,1,10,TX,1
BESS_2063_GF,184,1,1,0,0.0,0.0,-1,-1,-1,-1,55400.0,37300.0,7780.0,7750.0,0.0,0.0,0.0,0.92,0.92,1,10,TX,1
BESS_3106_GF,351,1,1,0,0.0,0.0,-1,-1,-1,-1,55400.0,37300.0,7780.0,7750.0,0.0,0.0,0.0,0.92,0.92,1,10,TX,1
BESS_3014_GF,263,1,1,0,0.0,0.0,-1,-1,-1,-1,55400.0,37300.0,7780.0,7750.0,0.0,0.0,0.0,0.92,0.92,1,10,TX,1
BESS_4047_GF,436,1,1,0,0.0,0.0,-1,-1,-1,-1,55400.0,37300.0,7780.0,7750.0,0.0,0.0,0.0,0.92,0.92,1,10,TX,1
BESS_6214_GF,1199,1,1,0,0.0,0.0,-1,-1,-1,-1,55400.0,37300.0,7780.0,7750.0,0.0,0.0,0.0,0.92,0.92,1,10,TX,1
BESS_6213_GF,1198,1,1,0,0.0,0.0,-1,-1,-1,-1,55400.0,37300.0,7780.0,7750.0,0.0,0.0,0.0,0.92,0.92,1,10,TX,1
BESS_13391_GF,2713,1,1,0,0.0,0.0,-1,-1,-1,-1,55400.0,37300.0,7780.0,7750.0,0.0,0.0,0.0,0.92,0.92,1,10,TX,1
BESS_13393_GF,2715,1,1,0,0.0,0.0,-1,-1,-1,-1,55400.0,37300.0,7780.0,7750.0,0.0,0.0,0.0,0.92,0.92,1,10,TX,1
BESS_4046_GF,435,1,1,0,0.0,0.0,-1,-1,-1,-1,55400.0,37300.0,7780.0,7750.0,0.0,0.0,0.0,0.92,0.92,1,10,TX,1
BESS_13414_GF,2736,1,1,0,0.0,0.0,-1,-1,-1,-1,55400.0,37300.0,7780.0,7750.0,0.0,0.0,0.0,0.92,0.92,1,10,TX,1
BESS_13264_GF,2586,1,1,0,0.0,0.0,-1,-1,-1,-1,55400.0,37300.0,7780.0,7750.0,0.0,0.0,0.0,0.92,0.92,1,10,TX,1
BESS_13107_GF,2429,1,1,0,0.0,0.0,-1,-1,-1,-1,55400.0,37300.0,7780.0,7750.0,0.0,0.0,0.0,0.92,0.92,1,10,TX,1
BESS_13257_GF,2579,1,1,0,0.0,0.0,-1,-1,-1,-1,55400.0,37300.0,7780.0,7750.0,0.0,0.0,0.0,0.92,0.92,1,10,TX,1
BESS_13278_GF,2600,1,1,0,0.0,0.0,-1,-1,-1,-1,55400.0,37300.0,7780.0,7750.0,0.0,0.0,0.0,0.92,0.92,1,10,TX,1
BESS_13281_GF,2603,1,1,0,0.0,0.0,-1,-1,-1,-1,55400.0,37300.0,7780.0,7750.0,0.0,0.0,0.0,0.92,0.92,1,10,TX,1
BESS_12583_GF,1941,1,1,0,0.0,0.0,-1,-1,-1,-1,55400.0,37300.0,7780.0,7750.0,0.0,0.0,0.0,0.92,0.92,1,10,TX,1
BESS_12586_GF,1944,1,1,0,0.0,0.0,-1,-1,-1,-1,55400.0,37300.0,7780.0,7750.0,0.0,0.0,0.0,0.92,0.92,1,10,TX,1
BESS_13250_GF,2572,1,1,0,0.0,0.0,-1,-1,-1,-1,55400.0,37300.0,7780.0,7750.0,0.0,0.0,0.0,0.92,0.92,1,10,TX,1
BESS_13269_GF,2591,1,1,0,0.0,0.0,-1,-1,-1,-1,55400.0,37300.0,7780.0,7750.0,0.0,0.0,0.0,0.92,0.92,1,10,TX,1
BESS_13260_GF,2582,1,1,0,0.0,0.0,-1,-1,-1,-1,55400.0,37300.0,7780.0,7750.0,0.0,0.0,0.0,0.92,0.92,1,10,TX,1
BESS_13401_GF,2723,1,1,0,0.0,0.0,-1,-1,-1,-1,55400.0,37300.0,7780.0,7750.0,0.0,0.0,0.0,0.92,0.92,1,10,TX,1
BESS_13413_GF,2735,1,1,0,0.0,0.0,-1,-1,-1,-1,55400.0,37300.0,7780.0,7750.0,0.0,0.0,0.0,0.92,0.92,1,10,TX,1
BESS_6155_GF,1140,1,1,0,0.0,0.0,-1,-1,-1,-1,55400.0,37300.0,7780.0,7750.0,0.0,0.0,0.0,0.92,0.92,1,10,TX,1
BESS_1024_GF,24,1,1,0,0.0,0.0,-1,-1,-1,-1,55400.0,37300.0,7780.0,7750.0,0.0,0.0,0.0,0.92,0.92,1,10,TX,1
BESS_13173_GF,2495,1,1,0,0.0,0.0,-1,-1,-1,-1,55400.0,37300.0,7780.0,7750.0,0.0,0.0,0.0,0.92,0.92,1,10,TX,1
BESS_13411_GF,2733,1,1,0,0.0,0.0,-1,-1,-1,-1,55400.0,37300.0,7780.0,7750.0,0.0,0.0,0.0,0.92,0.92,1,10,TX,1
BESS_13311_GF,2633,1,1,0,0.0,0.0,-1,-1,-1,-1,55400.0,37300.0,7780.0,7750.0,0.0,0.0,0.0,0.92,0.92,1,10,TX,1
BESS_2106_GF,223,1,1,0,0.0,0.0,-1,-1,-1,-1,55400.0,37300.0,7780.0,7750.0,0.0,0.0,0.0,0.92,0.92,1,10,TX,1
BESS_12675_GF,2027,1,1,0,0.0,0.0,-1,-1,-1,-1,55400.0,37300.0,7780.0,7750.0,0.0,0.0,0.0,0.92,0.92,1,10,TX,1
BESS_13316_GF,2638,1,1,0,0.0,0.0,-1,-1,-1,-1,55400.0,37300.0,7780.0,7750.0,0.0,0.0,0.0,0.92,0.92,1,10,TX,1
BESS_13123_GF,2445,1,1,0,0.0,0.0,-1,-1,-1,-1,55400.0,37300.0,7780.0,7750.0,0.0,0.0,0.0,0.92,0.92,1,10,TX,1
BESS_12688_GF,2040,1,1,0,0.0,0.0,-1,-1,-1,-1,55400.0,37300.0,7780.0,7750.0,0.0,0.0,0.0,0.92,0.92,1,10,TX,1
BESS_13320_GF,2642,1,1,0,0.0,0.0,-1,-1,-1,-1,55400.0,37300.0,7780.0,7750.0,0.0,0.0,0.0,0.92,0.92,1,10,TX,1
BESS_13422_GF,2744,1,1,0,0.0,0.0,-1,-1,-1,-1,55400.0,37300.0,7780.0,7750.0,0.0,0.0,0.0,0.92,0.92,1,10,TX,1
BESS_13084_GF,2406,1,1,0,0.0,0.0,-1,-1,-1,-1,55400.0,37300.0,7780.0,7750.0,0.0,0.0,0.0,0.92,0.92,1,10,TX,1
BESS_13078_GF,2400,1,1,0,0.0,0.0,-1,-1,-1,-1,55400.0,37300.0,7780.0,7750.0,0.0,0.0,0.0,0.92,0.92,1,10,TX,1
BESS_13074_GF,2396,1,1,0,0.0,0.0,-1,-1,-1,-1,55400.0,37300.0,7780.0,7750.0,0.0,0.0,0.0,0.92,0.92,1,10,TX,1
BESS_13072_GF,2394,1,1,0,0.0,0.0,-1,-1,-1,-1,55400.0,37300.0,7780.0,7750.0,0.0,0.0,0.0,0.92,0.92,1,10,TX,1
BESS_13318_GF,2640,1,1,0,0.0,0.0,-1,-1,-1,-1,55400.0,37300.0,7780.0,7750.0,0.0,0.0,0.0,0.92,0.92,1,10,TX,1
BESS_8020_GF,1729,1,1,0,0.0,0.0,-1,-1,-1,-1,55400.0,37300.0,7780.0,7750.0,0.0,0.0,0.0,0.92,0.92,1,10,TX,1
BESS_13045_GF,2367,1,1,0,0.0,0.0,-1,-1,-1,-1,55400.0,37300.0,7780.0,7750.0,0.0,0.0,0.0,0.92,0.92,1,10,TX,1
BESS_13424_GF,2746,1,1,0,0.0,0.0,-1,-1,-1,-1,55400.0,37300.0,7780.0,7750.0,0.0,0.0,0.0,0.92,0.92,1,10,TX,1
BESS_13023_GF,2345,1,1,0,0.0,0.0,-1,-1,-1,-1,55400.0,37300.0,7780.0,7750.0,0.0,0.0,0.0,0.92,0.92,1,10,TX,1
BESS_13019_GF,2341,1,1,0,0.0,0.0,-1,-1,-1,-1,55400.0,37300.0,7780.0,7750.0,0.0,0.0,0.0,0.92,0.92,1,10,TX,1
BESS_12661_GF,2014,1,1,0,0.0,0.0,-1,-1,-1,-1,55400.0,37300.0,7780.0,7750.0,0.0,0.0,0.0,0.92,0.92,1,10,TX,1
BESS_13007_GF,2329,1,1,0,0.0,0.0,-1,-1,-1,-1,55400.0,37300.0,7780.0,7750.0,0.0,0.0,0.0,0.92,0.92,1,10,TX,1
BESS_12981_GF,2303,1,1,0,0.0,0.0,-1,-1,-1,-1,55400.0,37300.0,7780.0,7750.0,0.0,0.0,0.0,0.92,0.92,1,10,TX,1
BESS_13423_GF,2745,1,1,0,0.0,0.0,-1,-1,-1,-1,55400.0,37300.0,7780.0,7750.0,0.0,0.0,0.0,0.92,0.92,1,10,TX,1
BESS_5284_GF,831,1,1,0,0.0,0.0,-1,-1,-1,-1,55400.0,37300.0,7780.0,7750.0,0.0,0.0,0.0,0.92,0.92,1,10,TX,1
BESS_12968_GF,2290,1,1,0,0.0,0.0,-1,-1,-1,-1,55400.0,37300.0,7780.0,7750.0,0.0,0.0,0.0,0.92,0.92,1,10,TX,1
BESS_1009_GF,9,1,1,0,0.0,0.0,-1,-1,-1,-1,55400.0,37300.0,7780.0,7750.0,0.0,0.0,0.0,0.92,0.92,1,10,TX,1
BESS_12789_GF,2126,1,1,0,0.0,0.0,-1,-1,-1,-1,55400.0,37300.0,7780.0,7750.0,0.0,0.0,0.0,0.92,0.92,1,10,TX,1
BESS_12913_GF,2235,1,1,0,0.0,0.0,-1,-1,-1,-1,55400.0,37300.0,7780.0,7750.0,0.0,0.0,0.0,0.92,0.92,1,10,TX,1
BESS_7230_GF,1523,1,1,0,0.0,0.0,-1,-1,-1,-1,55400.0,37300.0,7780.0,7750.0,0.0,0.0,0.0,0.92,0.92,1,10,TX,1
BESS_12890_GF,2213,1,1,0,0.0,0.0,-1,-1,-1,-1,55400.0,37300.0,7780.0,7750.0,0.0,0.0,0.0,0.92,0.92,1,10,TX,1
BESS_12878_GF,2203,1,1,0,0.0,0.0,-1,-1,-1,-1,55400.0,37300.0,7780.0,7750.0,0.0,0.0,0.0,0.92,0.92,1,10,TX,1
BESS_13363_GF,2685,1,1,0,0.0,0.0,-1,-1,-1,-1,55400.0,37300.0,7780.0,7750.0,0.0,0.0,0.0,0.92,0.92,1,10,TX,1
BESS_12875_GF,2201,1,1,0,0.0,0.0,-1,-1,-1,-1,55400.0,37300.0,7780.0,7750.0,0.0,0.0,0.0,0.92,0.92,1,10,TX,1
BESS_5115_GF,663,1,1,0,0.0,0.0,-1,-1,-1,-1,55400.0,37300.0,7780.0,7750.0,0.0,0.0,0.0,0.92,0.92,1,10,TX,1
BESS_13370_GF,2692,1,1,0,0.0,0.0,-1,-1,-1,-1,55400.0,37300.0,7780.0,7750.0,0.0,0.0,0.0,0.92,0.92,1,10,TX,1
BESS_5174_GF,722,1,1,0,0.0,0.0,-1,-1,-1,-1,55400.0,37300.0,7780.0,7750.0,0.0,0.0,0.0,0.92,0.92,1,10,TX,1
BESS_5081_GF,631,1,1,0,0.0,0.0,-1,-1,-1,-1,55400.0,37300.0,7780.0,7750.0,0.0,0.0,0.0,0.92,0.92,1,10,TX,1
BESS_5080_GF,630,1,1,0,0.0,0.0,-1,-1,-1,-1,55400.0,37300.0,7780.0,7750.0,0.0,0.0,0.0,0.92,0.92,1,10,TX,1
BESS_12904_GF,2226,1,1,0,0.0,0.0,-1,-1,-1,-1,55400.0,37300.0,7780.0,7750.0,0.0,0.0,0.0,0.92,0.92,1,10,TX,1
BESS_12853_GF,2181,1,1,0,0.0,0.0,-1,-1,-1,-1,55400.0,37300.0,7780.0,7750.0,0.0,0.0,0.0,0.92,0.92,1,10,TX,1
BESS_12915_GF,2237,1,1,0,0.0,0.0,-1,-1,-1,-1,55400.0,37300.0,7780.0,7750.0,0.0,0.0,0.0,0.92,0.92,1,10,TX,1
BESS_12921_GF,2243,1,1,0,0.0,0.0,-1,-1,-1,-1,55400.0,37300.0,7780.0,7750.0,0.0,0.0,0.0,0.92,0.92,1,10,TX,1
BESS_12927_GF,2249,1,1,0,0.0,0.0,-1,-1,-1,-1,55400.0,37300.0,7780.0,7750.0,0.0,0.0,0.0,0.92,0.92,1,10,TX,1
BESS_12790_GF,2127,1,1,0,0.0,0.0,-1,-1,-1,-1,55400.0,37300.0,7780.0,7750.0,0.0,0.0,0.0,0.92,0.92,1,10,TX,1
BESS_7116_GF,1432,1,1,0,0.0,0.0,-1,-1,-1,-1,55400.0,37300.0,7780.0,7750.0,0.0,0.0,0.0,0.92,0.92,1,10,TX,1
BESS_5029_GF,594,1,1,0,0.0,0.0,-1,-1,-1,-1,55400.0,37300.0,7780.0,7750.0,0.0,0.0,0.0,0.92,0.92,1,10,TX,1
BESS_1008_GF,8,1,1,0,0.0,0.0,-1,-1,-1,-1,55400.0,37300.0,7780.0,7750.0,0.0,0.0,0.0,0.92,0.92,1,10,TX,1
BESS_12924_GF,2246,1,1,0,0.0,0.0,-1,-1,-1,-1,55400.0,37300.0,7780.0,7750.0,0.0,0.0,0.0,0.92,0.92,1,10,TX,1
BESS_12911_GF,2233,1,1,0,0.0,0.0,-1,-1,-1,-1,55400.0,37300.0,7780.0,7750.0,0.0,0.0,0.0,0.92,0.92,1,10,TX,1
BESS_12919_GF,2241,1,1,0,0.0,0.0,-1,-1,-1,-1,55400.0,37300.0,7780.0,7750.0,0.0,0.0,0.0,0.92,0.92,1,10,TX,1
BESS_12917_GF,2239,1,1,0,0.0,0.0,-1,-1,-1,-1,55400.0,37300.0,7780.0,7750.0,0.0,0.0,0.0,0.92,0.92,1,10,TX,1
BESS_12775_GF,2116,1,1,0,0.0,0.0,-1,-1,-1,-1,55400.0,37300.0,7780.0,7750.0,0.0,0.0,0.0,0.92,0.92,1,10,TX,1
BESS_12769_GF,2112,1,1,0,0.0,0.0,-1,-1,-1,-1,55400.0,37300.0,7780.0,7750.0,0.0,0.0,0.0,0.92,0.92,1,10,TX,1
BESS_12833_GF,2164,1,1,0,0.0,0.0,-1,-1,-1,-1,55400.0,37300.0,7780.0,7750.0,0.0,0.0,0.0,0.92,0.92,1,10,TX,1
BESS_12929_GF,2251,1,1,0,0.0,0.0,-1,-1,-1,-1,55400.0,37300.0,7780.0,7750.0,0.0,0.0,0.0,0.92,0.92,1,10,TX,1
BESS_12764_GF,2109,1,1,0,0.0,0.0,-1,-1,-1,-1,55400.0,37300.0,7780.0,7750.0,0.0,0.0,0.0,0.92,0.92,1,10,TX,1
BESS_12892_GF,2215,1,1,0,0.0,0.0,-1,-1,-1,-1,55400.0,37300.0,7780.0,7750.0,0.0,0.0,0.0,0.92,0.92,1,10,TX,1
BESS_12909_GF,2231,1,1,0,0.0,0.0,-1,-1,-1,-1,55400.0,37300.0,7780.0,7750.0,0.0,0.0,0.0,0.92,0.92,1,10,TX,1
BESS_12895_GF,2218,1,1,0,0.0,0.0,-1,-1,-1,-1,55400.0,37300.0,7780.0,7750.0,0.0,0.0,0.0,0.92,0.92,1,10,TX,1
BESS_13321_GF,2643,1,1,0,0.0,0.0,-1,-1,-1,-1,55400.0,37300.0,7780.0,7750.0,0.0,0.0,0.0,0.92,0.92,1,10,TX,1
BESS_12954_GF,2276,1,1,0,0.0,0.0,-1,-1,-1,-1,55400.0,37300.0,7780.0,7750.0,0.0,0.0,0.0,0.92,0.92,1,10,TX,1
BESS_12952_GF,2274,1,1,0,0.0,0.0,-1,-1,-1,-1,55400.0,37300.0,7780.0,7750.0,0.0,0.0,0.0,0.92,0.92,1,10,TX,1
BESS_12950_GF,2272,1,1,0,0.0,0.0,-1,-1,-1,-1,55400.0,37300.0,7780.0,7750.0,0.0,0.0,0.0,0.92,0.92,1,10,TX,1
BESS_12949_GF,2271,1,1,0,0.0,0.0,-1,-1,-1,-1,55400.0,37300.0,7780.0,7750.0,0.0,0.0,0.0,0.92,0.92,1,10,TX,1
BESS_12947_GF,2269,1,1,0,0.0,0.0,-1,-1,-1,-1,55400.0,37300.0,7780.0,7750.0,0.0,0.0,0.0,0.92,0.92,1,10,TX,1
BESS_13000_GF,2322,1,1,0,0.0,0.0,-1,-1,-1,-1,55400.0,37300.0,7780.0,7750.0,0.0,0.0,0.0,0.92,0.92,1,10,TX,1
BESS_12997_GF,2319,1,1,0,0.0,0.0,-1,-1,-1,-1,55400.0,37300.0,7780.0,7750.0,0.0,0.0,0.0,0.92,0.92,1,10,TX,1
BESS_13021_GF,2343,1,1,0,0.0,0.0,-1,-1,-1,-1,55400.0,37300.0,7780.0,7750.0,0.0,0.0,0.0,0.92,0.92,1,10,TX,1
BESS_13024_GF,2346,1,1,0,0.0,0.0,-1,-1,-1,-1,55400.0,37300.0,7780.0,7750.0,0.0,0.0,0.0,0.92,0.92,1,10,TX,1
BESS_13009_GF,2331,1,1,0,0.0,0.0,-1,-1,-1,-1,55400.0,37300.0,7780.0,7750.0,0.0,0.0,0.0,0.92,0.92,1,10,TX,1
BESS_13039_GF,2361,1,1,0,0.0,0.0,-1,-1,-1,-1,55400.0,37300.0,7780.0,7750.0,0.0,0.0,0.0,0.92,0.92,1,10,TX,1
BESS_1011_GF,11,1,1,0,0.0,0.0,-1,-1,-1,-1,55400.0,37300.0,7780.0,7750.0,0.0,0.0,0.0,0.92,0.92,1,10,TX,1
BESS_12946_GF,2268,1,1,0,0.0,0.0,-1,-1,-1,-1,55400.0,37300.0,7780.0,7750.0,0.0,0.0,0.0,0.92,0.92,1,10,TX,1
BESS_13080_GF,2402,1,1,0,0.0,0.0,-1,-1,-1,-1,55400.0,37300.0,7780.0,7750.0,0.0,0.0,0.0,0.92,0.92,1,10,TX,1
BESS_13082_GF,2404,1,1,0,0.0,0.0,-1,-1,-1,-1,55400.0,37300.0,7780.0,7750.0,0.0,0.0,0.0,0.92,0.92,1,10,TX,1
BESS_13416_GF,2738,1,1,0,0.0,0.0,-1,-1,-1,-1,55400.0,37300.0,7780.0,7750.0,0.0,0.0,0.0,0.92,0.92,1,10,TX,1
BESS_4133_GF,511,1,1,0,0.0,0.0,-1,-1,-1,-1,55400.0,37300.0,7780.0,7750.0,0.0,0.0,0.0,0.92,0.92,1,10,TX,1
BESS_12619_GF,1975,1,1,0,0.0,0.0,-1,-1,-1,-1,55400.0,37300.0,7780.0,7750.0,0.0,0.0,0.0,0.92,0.92,1,10,TX,1
BESS_12592_GF,1949,1,1,0,0.0,0.0,-1,-1,-1,-1,55400.0,37300.0,7780.0,7750.0,0.0,0.0,0.0,0.92,0.92,1,10,TX,1
BESS_13115_GF,2437,1,1,0,0.0,0.0,-1,-1,-1,-1,55400.0,37300.0,7780.0,7750.0,0.0,0.0,0.0,0.92,0.92,1,10,TX,1
BESS_4121_GF,499,1,1,0,0.0,0.0,-1,-1,-1,-1,55400.0,37300.0,7780.0,7750.0,0.0,0.0,0.0,0.92,0.92,1,10,TX,1
BESS_13421_GF,2743,1,1,0,0.0,0.0,-1,-1,-1,-1,55400.0,37300.0,7780.0,7750.0,0.0,0.0,0.0,0.92,0.92,1,10,TX,1
BESS_6329_GF,1294,1,1,0,0.0,0.0,-1,-1,-1,-1,55400.0,37300.0,7780.0,7750.0,0.0,0.0,0.0,0.92,0.92,1,10,TX,1
BESS_6001_GF,1011,1,1,0,0.0,0.0,-1,-1,-1,-1,55400.0,37300.0,7780.0,7750.0,0.0,0.0,0.0,0.92,0.92,1,10,TX,1
BESS_13418_GF,2740,1,1,0,0.0,0.0,-1,-1,-1,-1,55400.0,37300.0,7780.0,7750.0,0.0,0.0,0.0,0.92,0.92,1,10,TX,1
BESS_13314_GF,2636,1,1,0,0.0,0.0,-1,-1,-1,-1,55400.0,37300.0,7780.0,7750.0,0.0,0.0,0.0,0.92,0.92,1,10,TX,1
BESS_12681_GF,2033,1,1,0,0.0,0.0,-1,-1,-1,-1,55400.0,37300.0,7780.0,7750.0,0.0,0.0,0.0,0.92,0.92,1,10,TX,1
BESS_12987_GF,2309,1,1,0,0.0,0.0,-1,-1,-1,-1,55400.0,37300.0,7780.0,7750.0,0.0,0.0,0.0,0.92,0.92,1,10,TX,1
BESS_13388_GF,2710,1,1,0,0.0,0.0,-1,-1,-1,-1,55400.0,37300.0,7780.0,7750.0,0.0,0.0,0.0,0.92,0.92,1,10,TX,1
BESS_13145_GF,2467,1,1,0,0.0,0.0,-1,-1,-1,-1,55400.0,37300.0,7780.0,7750.0,0.0,0.0,0.0,0.92,0.92,1,10,TX,1
BESS_13309_GF,2631,1,1,0,0.0,0.0,-1,-1,-1,-1,55400.0,37300.0,7780.0,7750.0,0.0,0.0,0.0,0.92,0.92,1,10,TX,1
BESS_12657_GF,2011,1,1,0,0.0,0.0,-1,-1,-1,-1,55400.0,37300.0,7780.0,7750.0,0.0,0.0,0.0,0.92,0.92,1,10,TX,1
BESS_13390_GF,2712,1,1,0,0.0,0.0,-1,-1,-1,-1,55400.0,37300.0,7780.0,7750.0,0.0,0.0,0.0,0.92,0.92,1,10,TX,1
BESS_13254_GF,2576,1,1,0,0.0,0.0,-1,-1,-1,-1,55400.0,37300.0,7780.0,7750.0,0.0,0.0,0.0,0.92,0.92,1,10,TX,1
BESS_13138_GF,2460,1,1,0,0.0,0.0,-1,-1,-1,-1,55400.0,37300.0,7780.0,7750.0,0.0,0.0,0.0,0.92,0.92,1,10,TX,1
BESS_13397_GF,2719,1,1,0,0.0,0.0,-1,-1,-1,-1,55400.0,37300.0,7780.0,7750.0,0.0,0.0,0.0,0.92,0.92,1,10,TX,1
BESS_13187_GF,2509,1,1,0,0.0,0.0,-1,-1,-1,-1,55400.0,37300.0,7780.0,7750.0,0.0,0.0,0.0,0.92,0.92,1,10,TX,1
BESS_13400_GF,2722,1,1,0,0.0,0.0,-1,-1,-1,-1,55400.0,37300.0,7780.0,7750.0,0.0,0.0,0.0,0.92,0.92,1,10,TX,1
BESS_12634_GF,1989,1,1,0,0.0,0.0,-1,-1,-1,-1,55400.0,37300.0,7780.0,7750.0,0.0,0.0,0.0,0.92,0.92,1,10,TX,1
BESS_13394_GF,2716,1,1,0,0.0,0.0,-1,-1,-1,-1,55400.0,37300.0,7780.0,7750.0,0.0,0.0,0.0,0.92,0.92,1,10,TX,1
BESS_13399_GF,2721,1,1,0,0.0,0.0,-1,-1,-1,-1,55400.0,37300.0,7780.0,7750.0,0.0,0.0,0.0,0.92,0.92,1,10,TX,1
BESS_13212_GF,2534,1,1,0,0.0,0.0,-1,-1,-1,-1,55400.0,37300.0,7780.0,7750.0,0.0,0.0,0.0,0.92,0.92,1,10,TX,1
BESS_13293_GF,2615,1,1,0,0.0,0.0,-1,-1,-1,-1,55400.0,37300.0,7780.0,7750.0,0.0,0.0,0.0,0.92,0.92,1,10,TX,1
BESS_13295_GF,2617,1,1,0,0.0,0.0,-1,-1,-1,-1,55400.0,37300.0,7780.0,7750.0,0.0,0.0,0.0,0.92,0.92,1,10,TX,1
BESS_13368_GF,2690,1,1,0,0.0,0.0,-1,-1,-1,-1,55400.0,37300.0,7780.0,7750.0,0.0,0.0,0.0,0.92,0.92,1,10,TX,1
BESS_13215_GF,2537,1,1,0,0.0,0.0,-1,-1,-1,-1,55400.0,37300.0,7780.0,7750.0,0.0,0.0,0.0,0.92,0.92,1,10,TX,1
BESS_13252_GF,2574,1,1,0,0.0,0.0,-1,-1,-1,-1,55400.0,37300.0,7780.0,7750.0,0.0,0.0,0.0,0.92,0.92,1,10,TX,1
BESS_13251_GF,2573,1,1,0,0.0,0.0,-1,-1,-1,-1,55400.0,37300.0,7780.0,7750.0,0.0,0.0,0.0,0.92,0.92,1,10,TX,1
BESS_12545_GF,1903,1,1,0,0.0,0.0,-1,-1,-1,-1,55400.0,37300.0,7780.0,7750.0,0.0,0.0,0.0,0.92,0.92,1,10,TX,1
BESS_2001_GF,128,1,1,0,0.0,0.0,-1,-1,-1,-1,55400.0,37300.0,7780.0,7750.0,0.0,0.0,0.0,0.92,0.92,1,10,TX,1
BESS_13383_GF,2705,1,1,0,0.0,0.0,-1,-1,-1,-1,55400.0,37300.0,7780.0,7750.0,0.0,0.0,0.0,0.92,0.92,1,10,TX,1
BESS_13213_GF,2535,1,1,0,0.0,0.0,-1,-1,-1,-1,55400.0,37300.0,7780.0,7750.0,0.0,0.0,0.0,0.92,0.92,1,10,TX,1
BESS_4100_GF,478,1,1,0,0.0,0.0,-1,-1,-1,-1,55400.0,37300.0,7780.0,7750.0,0.0,0.0,0.0,0.92,0.92,1,10,TX,1
BESS_4069_GF,455,1,1,0,0.0,0.0,-1,-1,-1,-1,55400.0,37300.0,7780.0,7750.0,0.0,0.0,0.0,0.92,0.92,1,10,TX,1
BESS_7312_GF,1599,1,1,0,0.0,0.0,-1,-1,-1,-1,55400.0,37300.0,7780.0,7750.0,0.0,0.0,0.0,0.92,0.92,1,10,TX,1
BESS_7086_GF,1405,1,1,0,0.0,0.0,-1,-1,-1,-1,55400.0,37300.0,7780.0,7750.0,0.0,0.0,0.0,0.92,0.92,1,10,TX,1
BESS_13408_GF,2730,1,1,0,0.0,0.0,-1,-1,-1,-1,55400.0,37300.0,7780.0,7750.0,0.0,0.0,0.0,0.92,0.92,1,10,TX,1
BESS_13407_GF,2729,1,1,0,0.0,0.0,-1,-1,-1,-1,55400.0,37300.0,7780.0,7750.0,0.0,0.0,0.0,0.92,0.92,1,10,TX,1
BESS_4090_GF,476,1,1,0,0.0,0.0,-1,-1,-1,-1,55400.0,37300.0,7780.0,7750.0,0.0,0.0,0.0,0.92,0.92,1,10,TX,1
BESS_8099_GF,1801,1,1,0,0.0,0.0,-1,-1,-1,-1,55400.0,37300.0,7780.0,7750.0,0.0,0.0,0.0,0.92,0.92,1,10,TX,1
BESS_13398_GF,2720,1,1,0,0.0,0.0,-1,-1,-1,-1,55400.0,37300.0,7780.0,7750.0,0.0,0.0,0.0,0.92,0.92,1,10,TX,1
BESS_5263_GF,810,1,1,0,0.0,0.0,-1,-1,-1,-1,55400.0,37300.0,7780.0,7750.0,0.0,0.0,0.0,0.92,0.92,1,10,TX,1
BESS_7099_GF,1418,1,1,0,0.0,0.0,-1,-1,-1,-1,55400.0,37300.0,7780.0,7750.0,0.0,0.0,0.0,0.92,0.92,1,10,TX,1
BESS_7098_GF,1417,1,1,0,0.0,0.0,-1,-1,-1,-1,55400.0,37300.0,7780.0,7750.0,0.0,0.0,0.0,0.92,0.92,1,10,TX,1
BESS_5262_GF,809,1,1,0,0.0,0.0,-1,-1,-1,-1,55400.0,37300.0,7780.0,7750.0,0.0,0.0,0.0,0.92,0.92,1,10,TX,1
BESS_6233_GF,1216,1,1,0,0.0,0.0,-1,-1,-1,-1,55400.0,37300.0,7780.0,7750.0,0.0,0.0,0.0,0.92,0.92,1,10,TX,1
BESS_13270_GF,2592,1,1,0,0.0,0.0,-1,-1,-1,-1,55400.0,37300.0,7780.0,7750.0,0.0,0.0,0.0,0.92,0.92,1,10,TX,1
BESS_6182_GF,1167,1,1,0,0.0,0.0,-1,-1,-1,-1,55400.0,37300.0,7780.0,7750.0,0.0,0.0,0.0,0.92,0.92,1,10,TX,1
BESS_12577_GF,1935,1,1,0,0.0,0.0,-1,-1,-1,-1,55400.0,37300.0,7780.0,7750.0,0.0,0.0,0.0,0.92,0.92,1,10,TX,1
BESS_12574_GF,1932,1,1,0,0.0,0.0,-1,-1,-1,-1,55400.0,37300.0,7780.0,7750.0,0.0,0.0,0.0,0.92,0.92,1,10,TX,1
BESS_6175_GF,1160,1,1,0,0.0,0.0,-1,-1,-1,-1,55400.0,37300.0,7780.0,7750.0,0.0,0.0,0.0,0.92,0.92,1,10,TX,1
BESS_4085_GF,471,1,1,0,0.0,0.0,-1,-1,-1,-1,55400.0,37300.0,7780.0,7750.0,0.0,0.0,0.0,0.92,0.92,1,10,TX,1
BESS_12561_GF,1919,1,1,0,0.0,0.0,-1,-1,-1,-1,55400.0,37300.0,7780.0,7750.0,0.0,0.0,0.0,0.92,0.92,1,10,TX,1
BESS_4084_GF,470,1,1,0,0.0,0.0,-1,-1,-1,-1,55400.0,37300.0,7780.0,7750.0,0.0,0.0,0.0,0.92,0.92,1,10,TX,1
BESS_6166_GF,1151,1,1,0,0.0,0.0,-1,-1,-1,-1,55400.0,37300.0,7780.0,7750.0,0.0,0.0,0.0,0.92,0.92,1,10,TX,1
BESS_4083_GF,469,1,1,0,0.0,0.0,-1,-1,-1,-1,55400.0,37300.0,7780.0,7750.0,0.0,0.0,0.0,0.92,0.92,1,10,TX,1
BESS_1050_GF,49,1,1,0,0.0,0.0,-1,-1,-1,-1,55400.0,37300.0,7780.0,7750.0,0.0,0.0,0.0,0.92,0.92,1,10,TX,1
BESS_4082_GF,468,1,1,0,0.0,0.0,-1,-1,-1,-1,55400.0,37300.0,7780.0,7750.0,0.0,0.0,0.0,0.92,0.92,1,10,TX,1
BESS_12549_GF,1907,1,1,0,0.0,0.0,-1,-1,-1,-1,55400.0,37300.0,7780.0,7750.0,0.0,0.0,0.0,0.92,0.92,1,10,TX,1
BESS_6164_GF,1149,1,1,0,0.0,0.0,-1,-1,-1,-1,55400.0,37300.0,7780.0,7750.0,0.0,0.0,0.0,0.92,0.92,1,10,TX,1
BESS_4077_GF,463,1,1,0,0.0,0.0,-1,-1,-1,-1,55400.0,37300.0,7780.0,7750.0,0.0,0.0,0.0,0.92,0.92,1,10,TX,1
BESS_2119_GF,236,1,1,0,0.0,0.0,-1,-1,-1,-1,55400.0,37300.0,7780.0,7750.0,0.0,0.0,0.0,0.92,0.92,1,10,TX,1
BESS_6165_GF,1150,1,1,0,0.0,0.0,-1,-1,-1,-1,55400.0,37300.0,7780.0,7750.0,0.0,0.0,0.0,0.92,0.92,1,10,TX,1
BESS_13253_GF,2575,1,1,0,0.0,0.0,-1,-1,-1,-1,55400.0,37300.0,7780.0,7750.0,0.0,0.0,0.0,0.92,0.92,1,10,TX,1
BESS_6167_GF,1152,1,1,0,0.0,0.0,-1,-1,-1,-1,55400.0,37300.0,7780.0,7750.0,0.0,0.0,0.0,0.92,0.92,1,10,TX,1
BESS_12562_GF,1920,1,1,0,0.0,0.0,-1,-1,-1,-1,55400.0,37300.0,7780.0,7750.0,0.0,0.0,0.0,0.92,0.92,1,10,TX,1
BESS_12563_GF,1921,1,1,0,0.0,0.0,-1,-1,-1,-1,55400.0,37300.0,7780.0,7750.0,0.0,0.0,0.0,0.92,0.92,1,10,TX,1
BESS_13287_GF,2609,1,1,0,0.0,0.0,-1,-1,-1,-1,55400.0,37300.0,7780.0,7750.0,0.0,0.0,0.0,0.92,0.92,1,10,TX,1
BESS_12537_GF,1896,1,1,0,0.0,0.0,-1,-1,-1,-1,55400.0,37300.0,7780.0,7750.0,0.0,0.0,0.0,0.92,0.92,1,10,TX,1
BESS_1077_GF,74,1,1,0,0.0,0.0,-1,-1,-1,-1,55400.0,37300.0,7780.0,7750.0,0.0,0.0,0.0,0.92,0.92,1,10,TX,1
BESS_6106_GF,1099,1,1,0,0.0,0.0,-1,-1,-1,-1,55400.0,37300.0,7780.0,7750.0,0.0,0.0,0.0,0.92,0.92,1,10,TX,1
BESS_4075_GF,461,1,1,0,0.0,0.0,-1,-1,-1,-1,55400.0,37300.0,7780.0,7750.0,0.0,0.0,0.0,0.92,0.92,1,10,TX,1
BESS_13296_GF,2618,1,1,0,0.0,0.0,-1,-1,-1,-1,55400.0,37300.0,7780.0,7750.0,0.0,0.0,0.0,0.92,0.92,1,10,TX,1
BESS_6105_GF,1098,1,1,0,0.0,0.0,-1,-1,-1,-1,55400.0,37300.0,7780.0,7750.0,0.0,0.0,0.0,0.92,0.92,1,10,TX,1
BESS_12530_GF,1889,1,1,0,0.0,0.0,-1,-1,-1,-1,55400.0,37300.0,7780.0,7750.0,0.0,0.0,0.0,0.92,0.92,1,10,TX,1
BESS_12529_GF,1888,1,1,0,0.0,0.0,-1,-1,-1,-1,55400.0,37300.0,7780.0,7750.0,0.0,0.0,0.0,0.92,0.92,1,10,TX,1
BESS_6104_GF,1097,1,1,0,0.0,0.0,-1,-1,-1,-1,55400.0,37300.0,7780.0,7750.0,0.0,0.0,0.0,0.92,0.92,1,10,TX,1
BESS_12527_GF,1886,1,1,0,0.0,0.0,-1,-1,-1,-1,55400.0,37300.0,7780.0,7750.0,0.0,0.0,0.0,0.92,0.92,1,10,TX,1
BESS_12526_GF,1885,1,1,0,0.0,0.0,-1,-1,-1,-1,55400.0,37300.0,7780.0,7750.0,0.0,0.0,0.0,0.92,0.92,1,10,TX,1
BESS_6101_GF,1094,1,1,0,0.0,0.0,-1,-1,-1,-1,55400.0,37300.0,7780.0,7750.0,0.0,0.0,0.0,0.92,0.92,1,10,TX,1
BESS_2117_GF,234,1,1,0,0.0,0.0,-1,-1,-1,-1,55400.0,37300.0,7780.0,7750.0,0.0,0.0,0.0,0.92,0.92,1,10,TX,1
BESS_1049_GF,48,1,1,0,0.0,0.0,-1,-1,-1,-1,55400.0,37300.0,7780.0,7750.0,0.0,0.0,0.0,0.92,0.92,1,10,TX,1
BESS_12517_GF,1876,1,1,0,0.0,0.0,-1,-1,-1,-1,55400.0,37300.0,7780.0,7750.0,0.0,0.0,0.0,0.92,0.92,1,10,TX,1
BESS_2116_GF,233,1,1,0,0.0,0.0,-1,-1,-1,-1,55400.0,37300.0,7780.0,7750.0,0.0,0.0,0.0,0.92,0.92,1,10,TX,1
BESS_1076_GF,73,1,1,0,0.0,0.0,-1,-1,-1,-1,55400.0,37300.0,7780.0,7750.0,0.0,0.0,0.0,0.92,0.92,1,10,TX,1
BESS_13410_GF,2732,1,1,0,0.0,0.0,-1,-1,-1,-1,55400.0,37300.0,7780.0,7750.0,0.0,0.0,0.0,0.92,0.92,1,10,TX,1
BESS_6074_GF,1073,1,1,0,0.0,0.0,-1,-1,-1,-1,55400.0,37300.0,7780.0,7750.0,0.0,0.0,0.0,0.92,0.92,1,10,TX,1
BESS_6073_GF,1072,1,1,0,0.0,0.0,-1,-1,-1,-1,55400.0,37300.0,7780.0,7750.0,0.0,0.0,0.0,0.92,0.92,1,10,TX,1
BESS_12508_GF,1867,1,1,0,0.0,0.0,-1,-1,-1,-1,55400.0,37300.0,7780.0,7750.0,0.0,0.0,0.0,0.92,0.92,1,10,TX,1
BESS_6072_GF,1071,1,1,0,0.0,0.0,-1,-1,-1,-1,55400.0,37300.0,7780.0,7750.0,0.0,0.0,0.0,0.92,0.92,1,10,TX,1
BESS_2115_GF,232,1,1,0,0.0,0.0,-1,-1,-1,-1,55400.0,37300.0,7780.0,7750.0,0.0,0.0,0.0,0.92,0.92,1,10,TX,1
BESS_12506_GF,1865,1,1,0,0.0,0.0,-1,-1,-1,-1,55400.0,37300.0,7780.0,7750.0,0.0,0.0,0.0,0.92,0.92,1,10,TX,1
BESS_13312_GF,2634,1,1,0,0.0,0.0,-1,-1,-1,-1,55400.0,37300.0,7780.0,7750.0,0.0,0.0,0.0,0.92,0.92,1,10,TX,1
BESS_1075_GF,72,1,1,0,0.0,0.0,-1,-1,-1,-1,55400.0,37300.0,7780.0,7750.0,0.0,0.0,0.0,0.92,0.92,1,10,TX,1
BESS_6069_GF,1068,1,1,0,0.0,0.0,-1,-1,-1,-1,55400.0,37300.0,7780.0,7750.0,0.0,0.0,0.0,0.92,0.92,1,10,TX,1
BESS_8158_GF,1856,1,1,0,0.0,0.0,-1,-1,-1,-1,55400.0,37300.0,7780.0,7750.0,0.0,0.0,0.0,0.92,0.92,1,10,TX,1
BESS_4060_GF,449,1,1,0,0.0,0.0,-1,-1,-1,-1,55400.0,37300.0,7780.0,7750.0,0.0,0.0,0.0,0.92,0.92,1,10,TX,1
BESS_8152_GF,1850,1,1,0,0.0,0.0,-1,-1,-1,-1,55400.0,37300.0,7780.0,7750.0,0.0,0.0,0.0,0.92,0.92,1,10,TX,1
BESS_13417_GF,2739,1,1,0,0.0,0.0,-1,-1,-1,-1,55400.0,37300.0,7780.0,7750.0,0.0,0.0,0.0,0.92,0.92,1,10,TX,1
BESS_6008_GF,1018,1,1,0,0.0,0.0,-1,-1,-1,-1,55400.0,37300.0,7780.0,7750.0,0.0,0.0,0.0,0.92,0.92,1,10,TX,1
BESS_13126_GF,2448,1,1,0,0.0,0.0,-1,-1,-1,-1,55400.0,37300.0,7780.0,7750.0,0.0,0.0,0.0,0.92,0.92,1,10,TX,1
BESS_8139_GF,1837,1,1,0,0.0,0.0,-1,-1,-1,-1,55400.0,37300.0,7780.0,7750.0,0.0,0.0,0.0,0.92,0.92,1,10,TX,1
BESS_4059_GF,448,1,1,0,0.0,0.0,-1,-1,-1,-1,55400.0,37300.0,7780.0,7750.0,0.0,0.0,0.0,0.92,0.92,1,10,TX,1
BESS_8116_GF,1818,1,1,0,0.0,0.0,-1,-1,-1,-1,55400.0,37300.0,7780.0,7750.0,0.0,0.0,0.0,0.92,0.92,1,10,TX,1
BESS_6007_GF,1017,1,1,0,0.0,0.0,-1,-1,-1,-1,55400.0,37300.0,7780.0,7750.0,0.0,0.0,0.0,0.92,0.92,1,10,TX,1
BESS_8115_GF,1817,1,1,0,0.0,0.0,-1,-1,-1,-1,55400.0,37300.0,7780.0,7750.0,0.0,0.0,0.0,0.92,0.92,1,10,TX,1
BESS_6006_GF,1016,1,1,0,0.0,0.0,-1,-1,-1,-1,55400.0,37300.0,7780.0,7750.0,0.0,0.0,0.0,0.92,0.92,1,10,TX,1
BESS_4058_GF,447,1,1,0,0.0,0.0,-1,-1,-1,-1,55400.0,37300.0,7780.0,7750.0,0.0,0.0,0.0,0.92,0.92,1,10,TX,1
BESS_4052_GF,441,1,1,0,0.0,0.0,-1,-1,-1,-1,55400.0,37300.0,7780.0,7750.0,0.0,0.0,0.0,0.92,0.92,1,10,TX,1
BESS_8080_GF,1783,1,1,0,0.0,0.0,-1,-1,-1,-1,55400.0,37300.0,7780.0,7750.0,0.0,0.0,0.0,0.92,0.92,1,10,TX,1
BESS_8079_GF,1782,1,1,0,0.0,0.0,-1,-1,-1,-1,55400.0,37300.0,7780.0,7750.0,0.0,0.0,0.0,0.92,0.92,1,10,TX,1
BESS_8078_GF,1781,1,1,0,0.0,0.0,-1,-1,-1,-1,55400.0,37300.0,7780.0,7750.0,0.0,0.0,0.0,0.92,0.92,1,10,TX,1
BESS_1048_GF,47,1,1,0,0.0,0.0,-1,-1,-1,-1,55400.0,37300.0,7780.0,7750.0,0.0,0.0,0.0,0.92,0.92,1,10,TX,1
BESS_8051_GF,1756,1,1,0,0.0,0.0,-1,-1,-1,-1,55400.0,37300.0,7780.0,7750.0,0.0,0.0,0.0,0.92,0.92,1,10,TX,1
BESS_8050_GF,1755,1,1,0,0.0,0.0,-1,-1,-1,-1,55400.0,37300.0,7780.0,7750.0,0.0,0.0,0.0,0.92,0.92,1,10,TX,1
BESS_8049_GF,1754,1,1,0,0.0,0.0,-1,-1,-1,-1,55400.0,37300.0,7780.0,7750.0,0.0,0.0,0.0,0.92,0.92,1,10,TX,1
BESS_8046_GF,1751,1,1,0,0.0,0.0,-1,-1,-1,-1,55400.0,37300.0,7780.0,7750.0,0.0,0.0,0.0,0.92,0.92,1,10,TX,1
BESS_2103_GF,220,1,1,0,0.0,0.0,-1,-1,-1,-1,55400.0,37300.0,7780.0,7750.0,0.0,0.0,0.0,0.92,0.92,1,10,TX,1
BESS_7414_GF,1691,1,1,0,0.0,0.0,-1,-1,-1,-1,55400.0,37300.0,7780.0,7750.0,0.0,0.0,0.0,0.92,0.92,1,10,TX,1
BESS_12597_GF,1954,1,1,0,0.0,0.0,-1,-1,-1,-1,55400.0,37300.0,7780.0,7750.0,0.0,0.0,0.0,0.92,0.92,1,10,TX,1
BESS_4035_GF,424,1,1,0,0.0,0.0,-1,-1,-1,-1,55400.0,37300.0,7780.0,7750.0,0.0,0.0,0.0,0.92,0.92,1,10,TX,1
BESS_7400_GF,1677,1,1,0,0.0,0.0,-1,-1,-1,-1,55400.0,37300.0,7780.0,7750.0,0.0,0.0,0.0,0.92,0.92,1,10,TX,1
BESS_5326_GF,866,1,1,0,0.0,0.0,-1,-1,-1,-1,55400.0,37300.0,7780.0,7750.0,0.0,0.0,0.0,0.92,0.92,1,10,TX,1
BESS_1073_GF,70,1,1,0,0.0,0.0,-1,-1,-1,-1,55400.0,37300.0,7780.0,7750.0,0.0,0.0,0.0,0.92,0.92,1,10,TX,1
BESS_5325_GF,865,1,1,0,0.0,0.0,-1,-1,-1,-1,55400.0,37300.0,7780.0,7750.0,0.0,0.0,0.0,0.92,0.92,1,10,TX,1
BESS_7392_GF,1669,1,1,0,0.0,0.0,-1,-1,-1,-1,55400.0,37300.0,7780.0,7750.0,0.0,0.0,0.0,0.92,0.92,1,10,TX,1
BESS_5324_GF,864,1,1,0,0.0,0.0,-1,-1,-1,-1,55400.0,37300.0,7780.0,7750.0,0.0,0.0,0.0,0.92,0.92,1,10,TX,1
BESS_12994_GF,2316,1,1,0,0.0,0.0,-1,-1,-1,-1,55400.0,37300.0,7780.0,7750.0,0.0,0.0,0.0,0.92,0.92,1,10,TX,1
BESS_7357_GF,1644,1,1,0,0.0,0.0,-1,-1,-1,-1,55400.0,37300.0,7780.0,7750.0,0.0,0.0,0.0,0.92,0.92,1,10,TX,1
BESS_7353_GF,1640,1,1,0,0.0,0.0,-1,-1,-1,-1,55400.0,37300.0,7780.0,7750.0,0.0,0.0,0.0,0.92,0.92,1,10,TX,1
BESS_1072_GF,69,1,1,0,0.0,0.0,-1,-1,-1,-1,55400.0,37300.0,7780.0,7750.0,0.0,0.0,0.0,0.92,0.92,1,10,TX,1
BESS_12958_GF,2280,1,1,0,0.0,0.0,-1,-1,-1,-1,55400.0,37300.0,7780.0,7750.0,0.0,0.0,0.0,0.92,0.92,1,10,TX,1
BESS_5282_GF,829,1,1,0,0.0,0.0,-1,-1,-1,-1,55400.0,37300.0,7780.0,7750.0,0.0,0.0,0.0,0.92,0.92,1,10,TX,1
BESS_2085_GF,205,1,1,0,0.0,0.0,-1,-1,-1,-1,55400.0,37300.0,7780.0,7750.0,0.0,0.0,0.0,0.92,0.92,1,10,TX,1
BESS_13356_GF,2678,1,1,0,0.0,0.0,-1,-1,-1,-1,55400.0,37300.0,7780.0,7750.0,0.0,0.0,0.0,0.92,0.92,1,10,TX,1
BESS_7307_GF,1596,1,1,0,0.0,0.0,-1,-1,-1,-1,55400.0,37300.0,7780.0,7750.0,0.0,0.0,0.0,0.92,0.92,1,10,TX,1
BESS_13357_GF,2679,1,1,0,0.0,0.0,-1,-1,-1,-1,55400.0,37300.0,7780.0,7750.0,0.0,0.0,0.0,0.92,0.92,1,10,TX,1
BESS_2084_GF,204,1,1,0,0.0,0.0,-1,-1,-1,-1,55400.0,37300.0,7780.0,7750.0,0.0,0.0,0.0,0.92,0.92,1,10,TX,1
BESS_13355_GF,2677,1,1,0,0.0,0.0,-1,-1,-1,-1,55400.0,37300.0,7780.0,7750.0,0.0,0.0,0.0,0.92,0.92,1,10,TX,1
BESS_5207_GF,755,1,1,0,0.0,0.0,-1,-1,-1,-1,55400.0,37300.0,7780.0,7750.0,0.0,0.0,0.0,0.92,0.92,1,10,TX,1
BESS_7184_GF,1492,1,1,0,0.0,0.0,-1,-1,-1,-1,55400.0,37300.0,7780.0,7750.0,0.0,0.0,0.0,0.92,0.92,1,10,TX,1
BESS_2083_GF,203,1,1,0,0.0,0.0,-1,-1,-1,-1,55400.0,37300.0,7780.0,7750.0,0.0,0.0,0.0,0.92,0.92,1,10,TX,1
BESS_13358_GF,2680,1,1,0,0.0,0.0,-1,-1,-1,-1,55400.0,37300.0,7780.0,7750.0,0.0,0.0,0.0,0.92,0.92,1,10,TX,1
BESS_7170_GF,1478,1,1,0,0.0,0.0,-1,-1,-1,-1,55400.0,37300.0,7780.0,7750.0,0.0,0.0,0.0,0.92,0.92,1,10,TX,1
BESS_2082_GF,202,1,1,0,0.0,0.0,-1,-1,-1,-1,55400.0,37300.0,7780.0,7750.0,0.0,0.0,0.0,0.92,0.92,1,10,TX,1
BESS_7169_GF,1477,1,1,0,0.0,0.0,-1,-1,-1,-1,55400.0,37300.0,7780.0,7750.0,0.0,0.0,0.0,0.92,0.92,1,10,TX,1
BESS_7168_GF,1476,1,1,0,0.0,0.0,-1,-1,-1,-1,55400.0,37300.0,7780.0,7750.0,0.0,0.0,0.0,0.92,0.92,1,10,TX,1
BESS_7167_GF,1475,1,1,0,0.0,0.0,-1,-1,-1,-1,55400.0,37300.0,7780.0,7750.0,0.0,0.0,0.0,0.92,0.92,1,10,TX,1
BESS_12862_GF,2189,1,1,0,0.0,0.0,-1,-1,-1,-1,55400.0,37300.0,7780.0,7750.0,0.0,0.0,0.0,0.92,0.92,1,10,TX,1
BESS_12861_GF,2188,1,1,0,0.0,0.0,-1,-1,-1,-1,55400.0,37300.0,7780.0,7750.0,0.0,0.0,0.0,0.92,0.92,1,10,TX,1
BESS_7166_GF,1474,1,1,0,0.0,0.0,-1,-1,-1,-1,55400.0,37300.0,7780.0,7750.0,0.0,0.0,0.0,0.92,0.92,1,10,TX,1
BESS_7165_GF,1473,1,1,0,0.0,0.0,-1,-1,-1,-1,55400.0,37300.0,7780.0,7750.0,0.0,0.0,0.0,0.92,0.92,1,10,TX,1
BESS_7164_GF,1472,1,1,0,0.0,0.0,-1,-1,-1,-1,55400.0,37300.0,7780.0,7750.0,0.0,0.0,0.0,0.92,0.92,1,10,TX,1
BESS_7159_GF,1467,1,1,0,0.0,0.0,-1,-1,-1,-1,55400.0,37300.0,7780.0,7750.0,0.0,0.0,0.0,0.92,0.92,1,10,TX,1
BESS_7144_GF,1453,1,1,0,0.0,0.0,-1,-1,-1,-1,55400.0,37300.0,7780.0,7750.0,0.0,0.0,0.0,0.92,0.92,1,10,TX,1
BESS_12806_GF,2140,1,1,0,0.0,0.0,-1,-1,-1,-1,55400.0,37300.0,7780.0,7750.0,0.0,0.0,0.0,0.92,0.92,1,10,TX,1
BESS_7137_GF,1451,1,1,0,0.0,0.0,-1,-1,-1,-1,55400.0,37300.0,7780.0,7750.0,0.0,0.0,0.0,0.92,0.92,1,10,TX,1
BESS_12805_GF,2139,1,1,0,0.0,0.0,-1,-1,-1,-1,55400.0,37300.0,7780.0,7750.0,0.0,0.0,0.0,0.92,0.92,1,10,TX,1
BESS_7136_GF,1450,1,1,0,0.0,0.0,-1,-1,-1,-1,55400.0,37300.0,7780.0,7750.0,0.0,0.0,0.0,0.92,0.92,1,10,TX,1
BESS_7135_GF,1449,1,1,0,0.0,0.0,-1,-1,-1,-1,55400.0,37300.0,7780.0,7750.0,0.0,0.0,0.0,0.92,0.92,1,10,TX,1
BESS_7133_GF,1447,1,1,0,0.0,0.0,-1,-1,-1,-1,55400.0,37300.0,7780.0,7750.0,0.0,0.0,0.0,0.92,0.92,1,10,TX,1
BESS_6277_GF,1245,1,1,0,0.0,0.0,-1,-1,-1,-1,55400.0,37300.0,7780.0,7750.0,0.0,0.0,0.0,0.92,0.92,1,10,TX,1
BESS_1063_GF,60,1,1,0,0.0,0.0,-1,-1,-1,-1,55400.0,37300.0,7780.0,7750.0,0.0,0.0,0.0,0.92,0.92,1,10,TX,1
BESS_5012_GF,578,1,1,0,0.0,0.0,-1,-1,-1,-1,55400.0,37300.0,7780.0,7750.0,0.0,0.0,0.0,0.92,0.92,1,10,TX,1
BESS_12761_GF,2107,1,1,0,0.0,0.0,-1,-1,-1,-1,55400.0,37300.0,7780.0,7750.0,0.0,0.0,0.0,0.92,0.92,1,10,TX,1
BESS_12743_GF,2091,1,1,0,0.0,0.0,-1,-1,-1,-1,55400.0,37300.0,7780.0,7750.0,0.0,0.0,0.0,0.92,0.92,1,10,TX,1
BESS_12961_GF,2283,1,1,0,0.0,0.0,-1,-1,-1,-1,55400.0,37300.0,7780.0,7750.0,0.0,0.0,0.0,0.92,0.92,1,10,TX,1
BESS_1062_GF,59,1,1,0,0.0,0.0,-1,-1,-1,-1,55400.0,37300.0,7780.0,7750.0,0.0,0.0,0.0,0.92,0.92,1,10,TX,1
BESS_12742_GF,2090,1,1,0,0.0,0.0,-1,-1,-1,-1,55400.0,37300.0,7780.0,7750.0,0.0,0.0,0.0,0.92,0.92,1,10,TX,1
BESS_7058_GF,1379,1,1,0,0.0,0.0,-1,-1,-1,-1,55400.0,37300.0,7780.0,7750.0,0.0,0.0,0.0,0.92,0.92,1,10,TX,1
BESS_7355_GF,1642,1,1,0,0.0,0.0,-1,-1,-1,-1,55400.0,37300.0,7780.0,7750.0,0.0,0.0,0.0,0.92,0.92,1,10,TX,1
BESS_12998_GF,2320,1,1,0,0.0,0.0,-1,-1,-1,-1,55400.0,37300.0,7780.0,7750.0,0.0,0.0,0.0,0.92,0.92,1,10,TX,1
BESS_12741_GF,2089,1,1,0,0.0,0.0,-1,-1,-1,-1,55400.0,37300.0,7780.0,7750.0,0.0,0.0,0.0,0.92,0.92,1,10,TX,1
BESS_12740_GF,2088,1,1,0,0.0,0.0,-1,-1,-1,-1,55400.0,37300.0,7780.0,7750.0,0.0,0.0,0.0,0.92,0.92,1,10,TX,1
BESS_13016_GF,2338,1,1,0,0.0,0.0,-1,-1,-1,-1,55400.0,37300.0,7780.0,7750.0,0.0,0.0,0.0,0.92,0.92,1,10,TX,1
BESS_7054_GF,1375,1,1,0,0.0,0.0,-1,-1,-1,-1,55400.0,37300.0,7780.0,7750.0,0.0,0.0,0.0,0.92,0.92,1,10,TX,1
BESS_13377_GF,2699,1,1,0,0.0,0.0,-1,-1,-1,-1,55400.0,37300.0,7780.0,7750.0,0.0,0.0,0.0,0.92,0.92,1,10,TX,1
BESS_12729_GF,2078,1,1,0,0.0,0.0,-1,-1,-1,-1,55400.0,37300.0,7780.0,7750.0,0.0,0.0,0.0,0.92,0.92,1,10,TX,1
BESS_7034_GF,1355,1,1,0,0.0,0.0,-1,-1,-1,-1,55400.0,37300.0,7780.0,7750.0,0.0,0.0,0.0,0.92,0.92,1,10,TX,1
BESS_12622_GF,1978,1,1,0,0.0,0.0,-1,-1,-1,-1,55400.0,37300.0,7780.0,7750.0,0.0,0.0,0.0,0.92,0.92,1,10,TX,1
BESS_7033_GF,1354,1,1,0,0.0,0.0,-1,-1,-1,-1,55400.0,37300.0,7780.0,7750.0,0.0,0.0,0.0,0.92,0.92,1,10,TX,1
BESS_7032_GF,1353,1,1,0,0.0,0.0,-1,-1,-1,-1,55400.0,37300.0,7780.0,7750.0,0.0,0.0,0.0,0.92,0.92,1,10,TX,1
BESS_7031_GF,1352,1,1,0,0.0,0.0,-1,-1,-1,-1,55400.0,37300.0,7780.0,7750.0,0.0,0.0,0.0,0.92,0.92,1,10,TX,1
BESS_4162_GF,534,1,1,0,0.0,0.0,-1,-1,-1,-1,55400.0,37300.0,7780.0,7750.0,0.0,0.0,0.0,0.92,0.92,1,10,TX,1
BESS_7029_GF,1350,1,1,0,0.0,0.0,-1,-1,-1,-1,55400.0,37300.0,7780.0,7750.0,0.0,0.0,0.0,0.92,0.92,1,10,TX,1
BESS_13406_GF,2728,1,1,0,0.0,0.0,-1,-1,-1,-1,55400.0,37300.0,7780.0,7750.0,0.0,0.0,0.0,0.92,0.92,1,10,TX,1
BESS_12706_GF,2057,1,1,0,0.0,0.0,-1,-1,-1,-1,55400.0,37300.0,7780.0,7750.0,0.0,0.0,0.0,0.92,0.92,1,10,TX,1
BESS_12705_GF,2056,1,1,0,0.0,0.0,-1,-1,-1,-1,55400.0,37300.0,7780.0,7750.0,0.0,0.0,0.0,0.92,0.92,1,10,TX,1
BESS_12702_GF,2053,1,1,0,0.0,0.0,-1,-1,-1,-1,55400.0,37300.0,7780.0,7750.0,0.0,0.0,0.0,0.92,0.92,1,10,TX,1
BESS_4161_GF,533,1,1,0,0.0,0.0,-1,-1,-1,-1,55400.0,37300.0,7780.0,7750.0,0.0,0.0,0.0,0.92,0.92,1,10,TX,1
BESS_12701_GF,2052,1,1,0,0.0,0.0,-1,-1,-1,-1,55400.0,37300.0,7780.0,7750.0,0.0,0.0,0.0,0.92,0.92,1,10,TX,1
BESS_7024_GF,1346,1,1,0,0.0,0.0,-1,-1,-1,-1,55400.0,37300.0,7780.0,7750.0,0.0,0.0,0.0,0.92,0.92,1,10,TX,1
BESS_12692_GF,2044,1,1,0,0.0,0.0,-1,-1,-1,-1,55400.0,37300.0,7780.0,7750.0,0.0,0.0,0.0,0.92,0.92,1,10,TX,1
BESS_12689_GF,2041,1,1,0,0.0,0.0,-1,-1,-1,-1,55400.0,37300.0,7780.0,7750.0,0.0,0.0,0.0,0.92,0.92,1,10,TX,1
BESS_1074_GF,71,1,1,0,0.0,0.0,-1,-1,-1,-1,55400.0,37300.0,7780.0,7750.0,0.0,0.0,0.0,0.92,0.92,1,10,TX,1
BESS_2024_GF,148,1,1,0,0.0,0.0,-1,-1,-1,-1,55400.0,37300.0,7780.0,7750.0,0.0,0.0,0.0,0.92,0.92,1,10,TX,1
BESS_7007_GF,1330,1,1,0,0.0,0.0,-1,-1,-1,-1,55400.0,37300.0,7780.0,7750.0,0.0,0.0,0.0,0.92,0.92,1,10,TX,1
BESS_7005_GF,1328,1,1,0,0.0,0.0,-1,-1,-1,-1,55400.0,37300.0,7780.0,7750.0,0.0,0.0,0.0,0.92,0.92,1,10,TX,1
BESS_4116_GF,494,1,1,0,0.0,0.0,-1,-1,-1,-1,55400.0,37300.0,7780.0,7750.0,0.0,0.0,0.0,0.92,0.92,1,10,TX,1
BESS_6304_GF,1272,1,1,0,0.0,0.0,-1,-1,-1,-1,55400.0,37300.0,7780.0,7750.0,0.0,0.0,0.0,0.92,0.92,1,10,TX,1
BESS_6302_GF,1270,1,1,0,0.0,0.0,-1,-1,-1,-1,55400.0,37300.0,7780.0,7750.0,0.0,0.0,0.0,0.92,0.92,1,10,TX,1
BESS_2023_GF,147,1,1,0,0.0,0.0,-1,-1,-1,-1,55400.0,37300.0,7780.0,7750.0,0.0,0.0,0.0,0.92,0.92,1,10,TX,1
BESS_6301_GF,1269,1,1,0,0.0,0.0,-1,-1,-1,-1,55400.0,37300.0,7780.0,7750.0,0.0,0.0,0.0,0.92,0.92,1,10,TX,1
BESS_12623_GF,1979,1,1,0,0.0,0.0,-1,-1,-1,-1,55400.0,37300.0,7780.0,7750.0,0.0,0.0,0.0,0.92,0.92,1,10,TX,1
BESS_12673_GF,2026,1,1,0,0.0,0.0,-1,-1,-1,-1,55400.0,37300.0,7780.0,7750.0,0.0,0.0,0.0,0.92,0.92,1,10,TX,1
BESS_6297_GF,1265,1,1,0,0.0,0.0,-1,-1,-1,-1,55400.0,37300.0,7780.0,7750.0,0.0,0.0,0.0,0.92,0.92,1,10,TX,1
BESS_12672_GF,2025,1,1,0,0.0,0.0,-1,-1,-1,-1,55400.0,37300.0,7780.0,7750.0,0.0,0.0,0.0,0.92,0.92,1,10,TX,1
BESS_12671_GF,2024,1,1,0,0.0,0.0,-1,-1,-1,-1,55400.0,37300.0,7780.0,7750.0,0.0,0.0,0.0,0.92,0.92,1,10,TX,1
BESS_6296_GF,1264,1,1,0,0.0,0.0,-1,-1,-1,-1,55400.0,37300.0,7780.0,7750.0,0.0,0.0,0.0,0.92,0.92,1,10,TX,1
BESS_12670_GF,2023,1,1,0,0.0,0.0,-1,-1,-1,-1,55400.0,37300.0,7780.0,7750.0,0.0,0.0,0.0,0.92,0.92,1,10,TX,1
BESS_12669_GF,2022,1,1,0,0.0,0.0,-1,-1,-1,-1,55400.0,37300.0,7780.0,7750.0,0.0,0.0,0.0,0.92,0.92,1,10,TX,1
BESS_4103_GF,481,1,1,0,0.0,0.0,-1,-1,-1,-1,55400.0,37300.0,7780.0,7750.0,0.0,0.0,0.0,0.92,0.92,1,10,TX,1
BESS_12507_GF,1866,1,1,0,0.0,0.0,-1,-1,-1,-1,55400.0,37300.0,7780.0,7750.0,0.0,0.0,0.0,0.92,0.92,1,10,TX,1
BESS_1052_GF,51,1,1,0,0.0,0.0,-1,-1,-1,-1,55400.0,37300.0,7780.0,7750.0,0.0,0.0,0.0,0.92,0.92,1,10,TX,1
BESS_12645_GF,1999,1,1,0,0.0,0.0,-1,-1,-1,-1,55400.0,37300.0,7780.0,7750.0,0.0,0.0,0.0,0.92,0.92,1,10,TX,1
BESS_12644_GF,1998,1,1,0,0.0,0.0,-1,-1,-1,-1,55400.0,37300.0,7780.0,7750.0,0.0,0.0,0.0,0.92,0.92,1,10,TX,1
BESS_6260_GF,1237,1,1,0,0.0,0.0,-1,-1,-1,-1,55400.0,37300.0,7780.0,7750.0,0.0,0.0,0.0,0.92,0.92,1,10,TX,1
BESS_12628_GF,1983,1,1,0,0.0,0.0,-1,-1,-1,-1,55400.0,37300.0,7780.0,7750.0,0.0,0.0,0.0,0.92,0.92,1,10,TX,1
BESS_6259_GF,1236,1,1,0,0.0,0.0,-1,-1,-1,-1,55400.0,37300.0,7780.0,7750.0,0.0,0.0,0.0,0.92,0.92,1,10,TX,1
BESS_12627_GF,1982,1,1,0,0.0,0.0,-1,-1,-1,-1,55400.0,37300.0,7780.0,7750.0,0.0,0.0,0.0,0.92,0.92,1,10,TX,1
BESS_12626_GF,1981,1,1,0,0.0,0.0,-1,-1,-1,-1,55400.0,37300.0,7780.0,7750.0,0.0,0.0,0.0,0.92,0.92,1,10,TX,1
BESS_6258_GF,1235,1,1,0,0.0,0.0,-1,-1,-1,-1,55400.0,37300.0,7780.0,7750.0,0.0,0.0,0.0,0.92,0.92,1,10,TX,1
BESS_6257_GF,1234,1,1,0,0.0,0.0,-1,-1,-1,-1,55400.0,37300.0,7780.0,7750.0,0.0,0.0,0.0,0.92,0.92,1,10,TX,1
BESS_1051_GF,50,1,1,0,0.0,0.0,-1,-1,-1,-1,55400.0,37300.0,7780.0,7750.0,0.0,0.0,0.0,0.92,0.92,1,10,TX,1
BESS_6254_GF,1231,1,1,0,0.0,0.0,-1,-1,-1,-1,55400.0,37300.0,7780.0,7750.0,0.0,0.0,0.0,0.92,0.92,1,10,TX,1
BESS_12616_GF,1972,1,1,0,0.0,0.0,-1,-1,-1,-1,55400.0,37300.0,7780.0,7750.0,0.0,0.0,0.0,0.92,0.92,1,10,TX,1
BESS_12614_GF,1970,1,1,0,0.0,0.0,-1,-1,-1,-1,55400.0,37300.0,7780.0,7750.0,0.0,0.0,0.0,0.92,0.92,1,10,TX,1
BESS_12612_GF,1968,1,1,0,0.0,0.0,-1,-1,-1,-1,55400.0,37300.0,7780.0,7750.0,0.0,0.0,0.0,0.92,0.92,1,10,TX,1
BESS_2118_GF,235,1,1,0,0.0,0.0,-1,-1,-1,-1,55400.0,37300.0,7780.0,7750.0,0.0,0.0,0.0,0.92,0.92,1,10,TX,1
BESS_12611_GF,1967,1,1,0,0.0,0.0,-1,-1,-1,-1,55400.0,37300.0,7780.0,7750.0,0.0,0.0,0.0,0.92,0.92,1,10,TX,1
BESS_12610_GF,1966,1,1,0,0.0,0.0,-1,-1,-1,-1,55400.0,37300.0,7780.0,7750.0,0.0,0.0,0.0,0.92,0.92,1,10,TX,1
BESS_6242_GF,1225,1,1,0,0.0,0.0,-1,-1,-1,-1,55400.0,37300.0,7780.0,7750.0,0.0,0.0,0.0,0.92,0.92,1,10,TX,1
BESS_12643_GF,1997,1,1,0,0.0,0.0,-1,-1,-1,-1,55400.0,37300.0,7780.0,7750.0,0.0,0.0,0.0,0.92,0.92,1,10,TX,1
BESS_13376_GF,2698,1,1,0,0.0,0.0,-1,-1,-1,-1,55400.0,37300.0,7780.0,7750.0,0.0,0.0,0.0,0.92,0.92,1,10,TX,1
BESS_13345_GF,2667,1,1,0,0.0,0.0,-1,-1,-1,-1,55400.0,37300.0,7780.0,7750.0,0.0,0.0,0.0,0.92,0.92,1,10,TX,1
BESS_13344_GF,2666,1,1,0,0.0,0.0,-1,-1,-1,-1,55400.0,37300.0,7780.0,7750.0,0.0,0.0,0.0,0.92,0.92,1,10,TX,1
BESS_13336_GF,2658,1,1,0,0.0,0.0,-1,-1,-1,-1,55400.0,37300.0,7780.0,7750.0,0.0,0.0,0.0,0.92,0.92,1,10,TX,1
BESS_13327_GF,2649,1,1,0,0.0,0.0,-1,-1,-1,-1,55400.0,37300.0,7780.0,7750.0,0.0,0.0,0.0,0.92,0.92,1,10,TX,1
BESS_4102_GF,480,1,1,0,0.0,0.0,-1,-1,-1,-1,55400.0,37300.0,7780.0,7750.0,0.0,0.0,0.0,0.92,0.92,1,10,TX,1
BESS_13324_GF,2646,1,1,0,0.0,0.0,-1,-1,-1,-1,55400.0,37300.0,7780.0,7750.0,0.0,0.0,0.0,0.92,0.92,1,10,TX,1
BESS_12589_GF,1946,1,1,0,0.0,0.0,-1,-1,-1,-1,55400.0,37300.0,7780.0,7750.0,0.0,0.0,0.0,0.92,0.92,1,10,TX,1
BESS_13323_GF,2645,1,1,0,0.0,0.0,-1,-1,-1,-1,55400.0,37300.0,7780.0,7750.0,0.0,0.0,0.0,0.92,0.92,1,10,TX,1
BESS_13307_GF,2629,1,1,0,0.0,0.0,-1,-1,-1,-1,55400.0,37300.0,7780.0,7750.0,0.0,0.0,0.0,0.92,0.92,1,10,TX,1
BESS_13305_GF,2627,1,1,0,0.0,0.0,-1,-1,-1,-1,55400.0,37300.0,7780.0,7750.0,0.0,0.0,0.0,0.92,0.92,1,10,TX,1
BESS_13303_GF,2625,1,1,0,0.0,0.0,-1,-1,-1,-1,55400.0,37300.0,7780.0,7750.0,0.0,0.0,0.0,0.92,0.92,1,10,TX,1
BESS_13298_GF,2620,1,1,0,0.0,0.0,-1,-1,-1,-1,55400.0,37300.0,7780.0,7750.0,0.0,0.0,0.0,0.92,0.92,1,10,TX,1
BESS_6168_GF,1153,1,1,0,0.0,0.0,-1,-1,-1,-1,55400.0,37300.0,7780.0,7750.0,0.0,0.0,0.0,0.92,0.92,1,10,TX,1
BESS_6116_GF,1107,1,1,0,0.0,0.0,-1,-1,-1,-1,55400.0,37300.0,7780.0,7750.0,0.0,0.0,0.0,0.92,0.92,1,10,TX,1
BESS_13233_GF,2555,1,1,0,0.0,0.0,-1,-1,-1,-1,55400.0,37300.0,7780.0,7750.0,0.0,0.0,0.0,0.92,0.92,1,10,TX,1
BESS_13231_GF,2553,1,1,0,0.0,0.0,-1,-1,-1,-1,55400.0,37300.0,7780.0,7750.0,0.0,0.0,0.0,0.92,0.92,1,10,TX,1
BESS_13229_GF,2551,1,1,0,0.0,0.0,-1,-1,-1,-1,55400.0,37300.0,7780.0,7750.0,0.0,0.0,0.0,0.92,0.92,1,10,TX,1
BESS_13227_GF,2549,1,1,0,0.0,0.0,-1,-1,-1,-1,55400.0,37300.0,7780.0,7750.0,0.0,0.0,0.0,0.92,0.92,1,10,TX,1
BESS_13225_GF,2547,1,1,0,0.0,0.0,-1,-1,-1,-1,55400.0,37300.0,7780.0,7750.0,0.0,0.0,0.0,0.92,0.92,1,10,TX,1
BESS_13223_GF,2545,1,1,0,0.0,0.0,-1,-1,-1,-1,55400.0,37300.0,7780.0,7750.0,0.0,0.0,0.0,0.92,0.92,1,10,TX,1
BESS_13221_GF,2543,1,1,0,0.0,0.0,-1,-1,-1,-1,55400.0,37300.0,7780.0,7750.0,0.0,0.0,0.0,0.92,0.92,1,10,TX,1
BESS_13219_GF,2541,1,1,0,0.0,0.0,-1,-1,-1,-1,55400.0,37300.0,7780.0,7750.0,0.0,0.0,0.0,0.92,0.92,1,10,TX,1
BESS_13182_GF,2504,1,1,0,0.0,0.0,-1,-1,-1,-1,55400.0,37300.0,7780.0,7750.0,0.0,0.0,0.0,0.92,0.92,1,10,TX,1
BESS_4068_GF,454,1,1,0,0.0,0.0,-1,-1,-1,-1,55400.0,37300.0,7780.0,7750.0,0.0,0.0,0.0,0.92,0.92,1,10,TX,1
BESS_4067_GF,453,1,1,0,0.0,0.0,-1,-1,-1,-1,55400.0,37300.0,7780.0,7750.0,0.0,0.0,0.0,0.92,0.92,1,10,TX,1
BESS_4065_GF,451,1,1,0,0.0,0.0,-1,-1,-1,-1,55400.0,37300.0,7780.0,7750.0,0.0,0.0,0.0,0.92,0.92,1,10,TX,1
BESS_13128_GF,2450,1,1,0,0.0,0.0,-1,-1,-1,-1,55400.0,37300.0,7780.0,7750.0,0.0,0.0,0.0,0.92,0.92,1,10,TX,1
BESS_6027_GF,1035,1,1,0,0.0,0.0,-1,-1,-1,-1,55400.0,37300.0,7780.0,7750.0,0.0,0.0,0.0,0.92,0.92,1,10,TX,1
BESS_8141_GF,1839,1,1,0,0.0,0.0,-1,-1,-1,-1,55400.0,37300.0,7780.0,7750.0,0.0,0.0,0.0,0.92,0.92,1,10,TX,1
BESS_13094_GF,2416,1,1,0,0.0,0.0,-1,-1,-1,-1,55400.0,37300.0,7780.0,7750.0,0.0,0.0,0.0,0.92,0.92,1,10,TX,1
BESS_13090_GF,2412,1,1,0,0.0,0.0,-1,-1,-1,-1,55400.0,37300.0,7780.0,7750.0,0.0,0.0,0.0,0.92,0.92,1,10,TX,1
BESS_13088_GF,2410,1,1,0,0.0,0.0,-1,-1,-1,-1,55400.0,37300.0,7780.0,7750.0,0.0,0.0,0.0,0.92,0.92,1,10,TX,1
BESS_13086_GF,2408,1,1,0,0.0,0.0,-1,-1,-1,-1,55400.0,37300.0,7780.0,7750.0,0.0,0.0,0.0,0.92,0.92,1,10,TX,1
BESS_13332_GF,2654,1,1,0,0.0,0.0,-1,-1,-1,-1,55400.0,37300.0,7780.0,7750.0,0.0,0.0,0.0,0.92,0.92,1,10,TX,1
BESS_13338_GF,2660,1,1,0,0.0,0.0,-1,-1,-1,-1,55400.0,37300.0,7780.0,7750.0,0.0,0.0,0.0,0.92,0.92,1,10,TX,1
BESS_13340_GF,2662,1,1,0,0.0,0.0,-1,-1,-1,-1,55400.0,37300.0,7780.0,7750.0,0.0,0.0,0.0,0.92,0.92,1,10,TX,1
BESS_13028_GF,2350,1,1,0,0.0,0.0,-1,-1,-1,-1,55400.0,37300.0,7780.0,7750.0,0.0,0.0,0.0,0.92,0.92,1,10,TX,1
BESS_12993_GF,2315,1,1,0,0.0,0.0,-1,-1,-1,-1,55400.0,37300.0,7780.0,7750.0,0.0,0.0,0.0,0.92,0.92,1,10,TX,1
BESS_4007_GF,396,1,1,0,0.0,0.0,-1,-1,-1,-1,55400.0,37300.0,7780.0,7750.0,0.0,0.0,0.0,0.92,0.92,1,10,TX,1
BESS_12969_GF,2291,1,1,0,0.0,0.0,-1,-1,-1,-1,55400.0,37300.0,7780.0,7750.0,0.0,0.0,0.0,0.92,0.92,1,10,TX,1
BESS_3120_GF,364,1,1,0,0.0,0.0,-1,-1,-1,-1,55400.0,37300.0,7780.0,7750.0,0.0,0.0,0.0,0.92,0.92,1,10,TX,1
BESS_12944_GF,2266,1,1,0,0.0,0.0,-1,-1,-1,-1,55400.0,37300.0,7780.0,7750.0,0.0,0.0,0.0,0.92,0.92,1,10,TX,1
BESS_12881_GF,2206,1,1,0,0.0,0.0,-1,-1,-1,-1,55400.0,37300.0,7780.0,7750.0,0.0,0.0,0.0,0.92,0.92,1,10,TX,1
BESS_12786_GF,2124,1,1,0,0.0,0.0,-1,-1,-1,-1,55400.0,37300.0,7780.0,7750.0,0.0,0.0,0.0,0.92,0.92,1,10,TX,1
BESS_12782_GF,2121,1,1,0,0.0,0.0,-1,-1,-1,-1,55400.0,37300.0,7780.0,7750.0,0.0,0.0,0.0,0.92,0.92,1,10,TX,1
BESS_12759_GF,2105,1,1,0,0.0,0.0,-1,-1,-1,-1,55400.0,37300.0,7780.0,7750.0,0.0,0.0,0.0,0.92,0.92,1,10,TX,1
BESS_1033_GF,33,1,1,0,0.0,0.0,-1,-1,-1,-1,55400.0,37300.0,7780.0,7750.0,0.0,0.0,0.0,0.92,0.92,1,10,TX,1
BESS_12720_GF,2069,1,1,0,0.0,0.0,-1,-1,-1,-1,55400.0,37300.0,7780.0,7750.0,0.0,0.0,0.0,0.92,0.92,1,10,TX,1
BESS_12711_GF,2061,1,1,0,0.0,0.0,-1,-1,-1,-1,55400.0,37300.0,7780.0,7750.0,0.0,0.0,0.0,0.92,0.92,1,10,TX,1
BESS_12680_GF,2032,1,1,0,0.0,0.0,-1,-1,-1,-1,55400.0,37300.0,7780.0,7750.0,0.0,0.0,0.0,0.92,0.92,1,10,TX,1
BESS_4111_GF,489,1,1,0,0.0,0.0,-1,-1,-1,-1,55400.0,37300.0,7780.0,7750.0,0.0,0.0,0.0,0.92,0.92,1,10,TX,1
BESS_12666_GF,2019,1,1,0,0.0,0.0,-1,-1,-1,-1,55400.0,37300.0,7780.0,7750.0,0.0,0.0,0.0,0.92,0.92,1,10,TX,1
BESS_12662_GF,2015,1,1,0,0.0,0.0,-1,-1,-1,-1,55400.0,37300.0,7780.0,7750.0,0.0,0.0,0.0,0.92,0.92,1,10,TX,1
BESS_13428_GF,2750,1,1,0,0.0,0.0,-1,-1,-1,-1,55400.0,37300.0,7780.0,7750.0,0.0,0.0,0.0,0.92,0.92,1,10,TX,1
BESS_13427_GF,2749,1,1,0,0.0,0.0,-1,-1,-1,-1,55400.0,37300.0,7780.0,7750.0,0.0,0.0,0.0,0.92,0.92,1,10,TX,1
BESS_13425_GF,2747,1,1,0,0.0,0.0,-1,-1,-1,-1,55400.0,37300.0,7780.0,7750.0,0.0,0.0,0.0,0.92,0.92,1,10,TX,1
BESS_12658_GF,2012,1,1,0,0.0,0.0,-1,-1,-1,-1,55400.0,37300.0,7780.0,7750.0,0.0,0.0,0.0,0.92,0.92,1,10,TX,1
BESS_13415_GF,2737,1,1,0,0.0,0.0,-1,-1,-1,-1,55400.0,37300.0,7780.0,7750.0,0.0,0.0,0.0,0.92,0.92,1,10,TX,1
BESS_13412_GF,2734,1,1,0,0.0,0.0,-1,-1,-1,-1,55400.0,37300.0,7780.0,7750.0,0.0,0.0,0.0,0.92,0.92,1,10,TX,1
BESS_13403_GF,2725,1,1,0,0.0,0.0,-1,-1,-1,-1,55400.0,37300.0,7780.0,7750.0,0.0,0.0,0.0,0.92,0.92,1,10,TX,1
BESS_12641_GF,1996,1,1,0,0.0,0.0,-1,-1,-1,-1,55400.0,37300.0,7780.0,7750.0,0.0,0.0,0.0,0.92,0.92,1,10,TX,1
BESS_13389_GF,2711,1,1,0,0.0,0.0,-1,-1,-1,-1,55400.0,37300.0,7780.0,7750.0,0.0,0.0,0.0,0.92,0.92,1,10,TX,1
BESS_13386_GF,2708,1,1,0,0.0,0.0,-1,-1,-1,-1,55400.0,37300.0,7780.0,7750.0,0.0,0.0,0.0,0.92,0.92,1,10,TX,1
BESS_5049_GF,606,1,1,0,0.0,0.0,-1,-1,-1,-1,55400.0,37300.0,7780.0,7750.0,0.0,0.0,0.0,0.92,0.92,1,10,TX,1
BESS_12727_GF,2076,1,1,0,0.0,0.0,-1,-1,-1,-1,55400.0,37300.0,7780.0,7750.0,0.0,0.0,0.0,0.92,0.92,1,10,TX,1
BESS_12726_GF,2075,1,1,0,0.0,0.0,-1,-1,-1,-1,55400.0,37300.0,7780.0,7750.0,0.0,0.0,0.0,0.92,0.92,1,10,TX,1
BESS_12725_GF,2074,1,1,0,0.0,0.0,-1,-1,-1,-1,55400.0,37300.0,7780.0,7750.0,0.0,0.0,0.0,0.92,0.92,1,10,TX,1
BESS_12723_GF,2072,1,1,0,0.0,0.0,-1,-1,-1,-1,55400.0,37300.0,7780.0,7750.0,0.0,0.0,0.0,0.92,0.92,1,10,TX,1
BESS_12722_GF,2071,1,1,0,0.0,0.0,-1,-1,-1,-1,55400.0,37300.0,7780.0,7750.0,0.0,0.0,0.0,0.92,0.92,1,10,TX,1
BESS_12525_GF,1884,1,1,0,0.0,0.0,-1,-1,-1,-1,55400.0,37300.0,7780.0,7750.0,0.0,0.0,0.0,0.92,0.92,1,10,TX,1
BESS_12524_GF,1883,1,1,0,0.0,0.0,-1,-1,-1,-1,55400.0,37300.0,7780.0,7750.0,0.0,0.0,0.0,0.92,0.92,1,10,TX,1
BESS_6080_GF,1079,1,1,0,0.0,0.0,-1,-1,-1,-1,55400.0,37300.0,7780.0,7750.0,0.0,0.0,0.0,0.92,0.92,1,10,TX,1
BESS_6079_GF,1078,1,1,0,0.0,0.0,-1,-1,-1,-1,55400.0,37300.0,7780.0,7750.0,0.0,0.0,0.0,0.92,0.92,1,10,TX,1
BESS_6078_GF,1077,1,1,0,0.0,0.0,-1,-1,-1,-1,55400.0,37300.0,7780.0,7750.0,0.0,0.0,0.0,0.92,0.92,1,10,TX,1
BESS_12504_GF,1863,1,1,0,0.0,0.0,-1,-1,-1,-1,55400.0,37300.0,7780.0,7750.0,0.0,0.0,0.0,0.92,0.92,1,10,TX,1
BESS_12503_GF,1862,1,1,0,0.0,0.0,-1,-1,-1,-1,55400.0,37300.0,7780.0,7750.0,0.0,0.0,0.0,0.92,0.92,1,10,TX,1
BESS_12502_GF,1861,1,1,0,0.0,0.0,-1,-1,-1,-1,55400.0,37300.0,7780.0,7750.0,0.0,0.0,0.0,0.92,0.92,1,10,TX,1
BESS_8088_GF,1790,1,1,0,0.0,0.0,-1,-1,-1,-1,55400.0,37300.0,7780.0,7750.0,0.0,0.0,0.0,0.92,0.92,1,10,TX,1
BESS_8087_GF,1789,1,1,0,0.0,0.0,-1,-1,-1,-1,55400.0,37300.0,7780.0,7750.0,0.0,0.0,0.0,0.92,0.92,1,10,TX,1
BESS_8071_GF,1774,1,1,0,0.0,0.0,-1,-1,-1,-1,55400.0,37300.0,7780.0,7750.0,0.0,0.0,0.0,0.92,0.92,1,10,TX,1
BESS_8070_GF,1773,1,1,0,0.0,0.0,-1,-1,-1,-1,55400.0,37300.0,7780.0,7750.0,0.0,0.0,0.0,0.92,0.92,1,10,TX,1
BESS_5360_GF,898,1,1,0,0.0,0.0,-1,-1,-1,-1,55400.0,37300.0,7780.0,7750.0,0.0,0.0,0.0,0.92,0.92,1,10,TX,1
BESS_4030_GF,419,1,1,0,0.0,0.0,-1,-1,-1,-1,55400.0,37300.0,7780.0,7750.0,0.0,0.0,0.0,0.92,0.92,1,10,TX,1
BESS_4026_GF,415,1,1,0,0.0,0.0,-1,-1,-1,-1,55400.0,37300.0,7780.0,7750.0,0.0,0.0,0.0,0.92,0.92,1,10,TX,1
BESS_7349_GF,1636,1,1,0,0.0,0.0,-1,-1,-1,-1,55400.0,37300.0,7780.0,7750.0,0.0,0.0,0.0,0.92,0.92,1,10,TX,1
BESS_12777_GF,2118,1,1,0,0.0,0.0,-1,-1,-1,-1,55400.0,37300.0,7780.0,7750.0,0.0,0.0,0.0,0.92,0.92,1,10,TX,1
BESS_12776_GF,2117,1,1,0,0.0,0.0,-1,-1,-1,-1,55400.0,37300.0,7780.0,7750.0,0.0,0.0,0.0,0.92,0.92,1,10,TX,1
