Resource,Zone,Num_VRE_Bins,New_Build,Can_Retire,Existing_Cap_MW,Max_Cap_MW,Min_Cap_MW,Inv_Cost_per_MWyr,Fixed_OM_Cost_per_MWyr,Var_OM_Cost_per_MWh,region,cluster
WND_13246_1,2568,1,0,0,144.0,-1,-1,134800.0,31250.0,0.0,TX,1
WND_13205_1,2527,1,0,0,150.0,-1,-1,134800.0,31250.0,0.0,TX,1
WND_3017_1,266,1,0,0,418.9,-1,-1,134800.0,31250.0,0.0,TX,1
WND_13248_PW,2570,1,0,0,142.6,-1,-1,134800.0,31250.0,0.0,TX,1
WND_13195_1,2517,1,0,0,151.2,-1,-1,134800.0,31250.0,0.0,TX,1
WND_13143_1,2465,1,0,0,180.0,-1,-1,134800.0,31250.0,0.0,TX,1
WND_13076_1,2398,1,0,0,200.0,-1,-1,134800.0,31250.0,0.0,TX,1
WND_13288_1,2610,1,0,0,110.0,-1,-1,134800.0,31250.0,0.0,TX,1
WND_3020_1,269,1,0,0,199.5,-1,-1,134800.0,31250.0,0.0,TX,1
WND_13396_WT,2718,1,0,0,50.4,-1,-1,134800.0,31250.0,0.0,TX,1
WND_13035_1,2357,1,0,0,201.6,-1,-1,134800.0,31250.0,0.0,TX,1
WND_13132_1,2454,1,0,0,188.0,-1,-1,134800.0,31250.0,0.0,TX,1
WND_13258_1,2580,1,0,0,130.5,-1,-1,134800.0,31250.0,0.0,TX,1
WND_3062_1,308,1,0,0,149.5,-1,-1,134800.0,31250.0,0.0,TX,1
WND_5170_1,718,1,0,0,52.8,-1,-1,134800.0,31250.0,0.0,TX,1
WND_13033_1,2355,1,0,0,201.6,-1,-1,134800.0,31250.0,0.0,TX,1
WND_12595_1,1952,1,0,0,449.5,-1,-1,134800.0,31250.0,0.0,TX,1
WND_4010_1,399,1,0,0,201.6,-1,-1,134800.0,31250.0,0.0,TX,1
WND_2062_1,183,1,0,0,135.4,-1,-1,134800.0,31250.0,0.0,TX,1
WND_4166_1,537,1,0,0,201.6,-1,-1,134800.0,31250.0,0.0,TX,1
WND_13240_1,2562,1,0,0,149.3,-1,-1,134800.0,31250.0,0.0,TX,1
WND_2013_1,137,1,0,0,211.2,-1,-1,134800.0,31250.0,0.0,TX,1
WND_13208_1,2530,1,0,0,150.0,-1,-1,134800.0,31250.0,0.0,TX,1
WND_13042_1,2364,1,0,0,102.0,-1,-1,134800.0,31250.0,0.0,TX,1
WND_13262_1,2584,1,0,0,126.5,-1,-1,134800.0,31250.0,0.0,TX,1
WND_13284_1,2606,1,0,0,114.0,-1,-1,134800.0,31250.0,0.0,TX,1
WND_13283_1,2605,1,0,0,114.9,-1,-1,134800.0,31250.0,0.0,TX,1
WND_3113_2,358,1,0,0,69.6,-1,-1,134800.0,31250.0,0.0,TX,1
WND_12907_1,2229,1,0,0,250.0,-1,-1,134800.0,31250.0,0.0,TX,1
WND_13405_1,2727,1,0,0,49.5,-1,-1,134800.0,31250.0,0.0,TX,1
WND_1067_1,64,1,0,0,58.8,-1,-1,134800.0,31250.0,0.0,TX,1
WND_12631_1,1986,1,0,0,500.6,-1,-1,134800.0,31250.0,0.0,TX,1
WND_12960_1,2282,1,0,0,237.6,-1,-1,134800.0,31250.0,0.0,TX,1
WND_12985_1,2307,1,0,0,223.9,-1,-1,134800.0,31250.0,0.0,TX,1
WND_2099_1,217,1,0,0,150.0,-1,-1,134800.0,31250.0,0.0,TX,1
WND_3122_1,366,1,0,0,197.0,-1,-1,134800.0,31250.0,0.0,TX,1
WND_13066_1,2388,1,0,0,200.0,-1,-1,134800.0,31250.0,0.0,TX,1
WND_4153_1,525,1,0,0,283.2,-1,-1,134800.0,31250.0,0.0,TX,1
WND_3117_1,362,1,0,0,120.0,-1,-1,134800.0,31250.0,0.0,TX,1
WND_13419_1,2741,1,0,0,10.0,-1,-1,134800.0,31250.0,0.0,TX,1
WND_12964_1,2286,1,0,0,230.0,-1,-1,134800.0,31250.0,0.0,TX,1
WND_13150_1,2472,1,0,0,174.0,-1,-1,134800.0,31250.0,0.0,TX,1
WND_12737_1,2086,1,0,0,366.6,-1,-1,134800.0,31250.0,0.0,TX,1
WND_12753_SD,2100,1,0,0,338.4,-1,-1,134800.0,31250.0,0.0,TX,1
WND_12638_1,1993,1,0,0,500.0,-1,-1,134800.0,31250.0,0.0,TX,1
WND_1090_GE,85,1,0,0,60.0,-1,-1,134800.0,31250.0,0.0,TX,1
WND_13172_1,2494,1,0,0,161.0,-1,-1,134800.0,31250.0,0.0,TX,1
WND_13201_1,2523,1,0,0,150.0,-1,-1,134800.0,31250.0,0.0,TX,1
WND_13299_1,2621,1,0,0,101.2,-1,-1,134800.0,31250.0,0.0,TX,1
WND_13130_1,2452,1,0,0,92.5,-1,-1,134800.0,31250.0,0.0,TX,1
WND_13180_1,2502,1,0,0,160.0,-1,-1,134800.0,31250.0,0.0,TX,1
WND_12594_2,1951,1,0,0,50.0,-1,-1,134800.0,31250.0,0.0,TX,1
WND_13048_1,2370,1,0,0,200.2,-1,-1,134800.0,31250.0,0.0,TX,1
WND_12868_1,2195,1,0,0,265.5,-1,-1,134800.0,31250.0,0.0,TX,1
WND_3068_1,314,1,0,0,152.0,-1,-1,134800.0,31250.0,0.0,TX,1
WND_13365_01,2687,1,0,0,82.0,-1,-1,134800.0,31250.0,0.0,TX,1
WND_13353_1,2675,1,0,0,92.3,-1,-1,134800.0,31250.0,0.0,TX,1
WND_1035_2,35,1,0,0,89.5,-1,-1,134800.0,31250.0,0.0,TX,1
WND_13263_1,2585,1,0,0,125.0,-1,-1,134800.0,31250.0,0.0,TX,1
WND_5020_BC,586,1,0,0,120.0,-1,-1,134800.0,31250.0,0.0,TX,1
WND_12609_1,1965,1,0,0,525.0,-1,-1,134800.0,31250.0,0.0,TX,1
WND_12792_1,2129,1,0,0,302.4,-1,-1,134800.0,31250.0,0.0,TX,1
WND_3092_1,337,1,0,0,200.0,-1,-1,134800.0,31250.0,0.0,TX,1
WND_12821_1,2154,1,0,0,300.0,-1,-1,134800.0,31250.0,0.0,TX,1
WND_13308_1,2630,1,0,0,100.5,-1,-1,134800.0,31250.0,0.0,TX,1
WND_12848_1,2177,1,0,0,288.0,-1,-1,134800.0,31250.0,0.0,TX,1
WND_12884_1,2209,1,0,0,257.0,-1,-1,134800.0,31250.0,0.0,TX,1
WND_12930_1,2252,1,0,0,249.7,-1,-1,134800.0,31250.0,0.0,TX,1
WND_13367_1,2689,1,0,0,80.5,-1,-1,134800.0,31250.0,0.0,TX,1
WND_2078_1,198,1,0,0,112.5,-1,-1,134800.0,31250.0,0.0,TX,1
WND_3115_1,360,1,0,0,30.0,-1,-1,134800.0,31250.0,0.0,TX,1
WND_1039_1,39,1,0,0,132.0,-1,-1,134800.0,31250.0,0.0,TX,1
WND_13054_1,2376,1,0,0,200.0,-1,-1,134800.0,31250.0,0.0,TX,1
WND_12971_1,2293,1,0,0,228.0,-1,-1,134800.0,31250.0,0.0,TX,1
WND_12818_1,2151,1,0,0,300.0,-1,-1,134800.0,31250.0,0.0,TX,1
WND_13158_1,2480,1,0,0,169.5,-1,-1,134800.0,31250.0,0.0,TX,1
WND_3060_2,306,1,0,0,214.5,-1,-1,134800.0,31250.0,0.0,TX,1
WND_3081_1,327,1,0,0,249.0,-1,-1,134800.0,31250.0,0.0,TX,1
WND_12956_1,2278,1,0,0,239.8,-1,-1,134800.0,31250.0,0.0,TX,1
WND_13374_1,2696,1,0,0,78.0,-1,-1,134800.0,31250.0,0.0,TX,1
WND_13047_1,2369,1,0,0,200.2,-1,-1,134800.0,31250.0,0.0,TX,1
WND_13060_1,2382,1,0,0,200.0,-1,-1,134800.0,31250.0,0.0,TX,1
WND_13030_1,2352,1,0,0,202.5,-1,-1,134800.0,31250.0,0.0,TX,1
WND_2042_1,166,1,0,0,79.6,-1,-1,134800.0,31250.0,0.0,TX,1
WND_1006_1,6,1,0,0,120.0,-1,-1,134800.0,31250.0,0.0,TX,1
WND_3056_2,302,1,0,0,223.5,-1,-1,134800.0,31250.0,0.0,TX,1
WND_12745_1,2092,1,0,0,350.3,-1,-1,134800.0,31250.0,0.0,TX,1
WND_13129_1,2451,1,0,0,165.0,-1,-1,134800.0,31250.0,0.0,TX,1
WND_13156_1,2478,1,0,0,171.8,-1,-1,134800.0,31250.0,0.0,TX,1
WND_13392_1,2714,1,0,0,57.0,-1,-1,134800.0,31250.0,0.0,TX,1
WND_13011_1,2333,1,0,0,209.4,-1,-1,134800.0,31250.0,0.0,TX,1
WND_13168_1,2490,1,0,0,162.9,-1,-1,134800.0,31250.0,0.0,TX,1
WND_3061_3,307,1,0,0,186.0,-1,-1,134800.0,31250.0,0.0,TX,1
WND_3065_1,311,1,0,0,182.4,-1,-1,134800.0,31250.0,0.0,TX,1
WND_1026_1,26,1,0,0,124.2,-1,-1,134800.0,31250.0,0.0,TX,1
WND_13279_1,2601,1,0,0,115.5,-1,-1,134800.0,31250.0,0.0,TX,1
WND_13068_1,2390,1,0,0,200.0,-1,-1,134800.0,31250.0,0.0,TX,1
WND_13112_1,2434,1,0,0,200.0,-1,-1,134800.0,31250.0,0.0,TX,1
WND_13290_1,2612,1,0,0,110.0,-1,-1,134800.0,31250.0,0.0,TX,1
WND_13199_1,2521,1,0,0,150.0,-1,-1,134800.0,31250.0,0.0,TX,1
WND_3004_1,253,1,0,0,37.5,-1,-1,134800.0,31250.0,0.0,TX,1
WND_13409_1,2731,1,0,0,34.3,-1,-1,134800.0,31250.0,0.0,TX,1
WND_13170_1,2492,1,0,0,162.1,-1,-1,134800.0,31250.0,0.0,TX,1
WND_13197_1,2519,1,0,0,150.0,-1,-1,134800.0,31250.0,0.0,TX,1
WND_13056_1,2378,1,0,0,200.0,-1,-1,134800.0,31250.0,0.0,TX,1
WND_3063_4,309,1,0,0,112.5,-1,-1,134800.0,31250.0,0.0,TX,1
WND_12733_1,2082,1,0,0,211.0,-1,-1,134800.0,31250.0,0.0,TX,1
WND_4177_1,548,1,0,0,150.0,-1,-1,134800.0,31250.0,0.0,TX,1
WND_13185_1,2507,1,0,0,158.0,-1,-1,134800.0,31250.0,0.0,TX,1
WND_13043_1,2365,1,0,0,98.6,-1,-1,134800.0,31250.0,0.0,TX,1
WND_13017_1,2339,1,0,0,204.0,-1,-1,134800.0,31250.0,0.0,TX,1
WND_3074_1,320,1,0,0,99.8,-1,-1,134800.0,31250.0,0.0,TX,1
WND_2091_1,211,1,0,0,30.2,-1,-1,134800.0,31250.0,0.0,TX,1
WND_2089_1,209,1,0,0,67.6,-1,-1,134800.0,31250.0,0.0,TX,1
WND_1023_1,23,1,0,0,180.0,-1,-1,134800.0,31250.0,0.0,TX,1
WND_12966_1,2288,1,0,0,230.0,-1,-1,134800.0,31250.0,0.0,TX,1
WND_13014_1,2336,1,0,0,207.2,-1,-1,134800.0,31250.0,0.0,TX,1
WND_12940_1,2262,1,0,0,242.5,-1,-1,134800.0,31250.0,0.0,TX,1
WND_12773_1,2114,1,0,0,307.1,-1,-1,134800.0,31250.0,0.0,TX,1
WND_12802_2,2136,1,0,0,150.0,-1,-1,134800.0,31250.0,0.0,TX,1
WND_13058_1,2380,1,0,0,200.0,-1,-1,134800.0,31250.0,0.0,TX,1
WND_3086_1,332,1,0,0,75.0,-1,-1,134800.0,31250.0,0.0,TX,1
WND_3087_1,333,1,0,0,73.5,-1,-1,134800.0,31250.0,0.0,TX,1
WND_12809_1,2143,1,0,0,300.0,-1,-1,134800.0,31250.0,0.0,TX,1
WND_12815_1,2149,1,0,0,300.0,-1,-1,134800.0,31250.0,0.0,TX,1
WND_1066_1,63,1,0,0,142.5,-1,-1,134800.0,31250.0,0.0,TX,1
WND_13352_1,2674,1,0,0,95.3,-1,-1,134800.0,31250.0,0.0,TX,1
WND_12959_1,2281,1,0,0,238.5,-1,-1,134800.0,31250.0,0.0,TX,1
WND_12908_1,2230,1,0,0,250.0,-1,-1,134800.0,31250.0,0.0,TX,1
WND_12756_1,2103,1,0,0,336.0,-1,-1,134800.0,31250.0,0.0,TX,1
WND_12899_1,2222,1,0,0,253.0,-1,-1,134800.0,31250.0,0.0,TX,1
WND_3098_1,343,1,0,0,182.4,-1,-1,134800.0,31250.0,0.0,TX,1
WND_13362_1,2684,1,0,0,82.5,-1,-1,134800.0,31250.0,0.0,TX,1
WND_1021_1,21,1,0,0,231.5,-1,-1,134800.0,31250.0,0.0,TX,1
WND_13360_1,2682,1,0,0,84.0,-1,-1,134800.0,31250.0,0.0,TX,1
WND_3112_1,357,1,0,0,80.0,-1,-1,134800.0,31250.0,0.0,TX,1
WND_13160_1,2482,1,0,0,167.8,-1,-1,134800.0,31250.0,0.0,TX,1
WND_12845_1,2174,1,0,0,288.6,-1,-1,134800.0,31250.0,0.0,TX,1
WND_12938_1,2260,1,0,0,242.8,-1,-1,134800.0,31250.0,0.0,TX,1
WND_12856_1,2184,1,0,0,278.0,-1,-1,134800.0,31250.0,0.0,TX,1
WND_12859_1,2186,1,0,0,268.2,-1,-1,134800.0,31250.0,0.0,TX,1
WND_12839_1,2170,1,0,0,299.7,-1,-1,134800.0,31250.0,0.0,TX,1
WND_3095_1,340,1,0,0,120.6,-1,-1,134800.0,31250.0,0.0,TX,1
WND_12812_1,2146,1,0,0,300.0,-1,-1,134800.0,31250.0,0.0,TX,1
WND_12800_1,2135,1,0,0,301.0,-1,-1,134800.0,31250.0,0.0,TX,1
WND_12977_1,2299,1,0,0,226.1,-1,-1,134800.0,31250.0,0.0,TX,1
WND_2071_1,192,1,0,0,161.0,-1,-1,134800.0,31250.0,0.0,TX,1
WND_13005_1,2327,1,0,0,210.1,-1,-1,134800.0,31250.0,0.0,TX,1
WND_12957_1,2279,1,0,0,239.6,-1,-1,134800.0,31250.0,0.0,TX,1
WND_12941_1,2263,1,0,0,241.0,-1,-1,134800.0,31250.0,0.0,TX,1
WND_13372_01,2694,1,0,0,78.0,-1,-1,134800.0,31250.0,0.0,TX,1
WND_3039_1,288,1,0,0,209.0,-1,-1,134800.0,31250.0,0.0,TX,1
WND_13062_1,2384,1,0,0,200.0,-1,-1,134800.0,31250.0,0.0,TX,1
WND_13049_1,2371,1,0,0,200.2,-1,-1,134800.0,31250.0,0.0,TX,1
WND_1042_1,42,1,0,0,121.9,-1,-1,134800.0,31250.0,0.0,TX,1
WND_3034_1,283,1,0,0,311.0,-1,-1,134800.0,31250.0,0.0,TX,1
WND_13350_1,2672,1,0,0,99.4,-1,-1,134800.0,31250.0,0.0,TX,1
WND_3071_1,317,1,0,0,170.2,-1,-1,134800.0,31250.0,0.0,TX,1
WND_12734_2,2083,1,0,0,165.0,-1,-1,134800.0,31250.0,0.0,TX,1
WND_1057_1,56,1,0,0,120.0,-1,-1,134800.0,31250.0,0.0,TX,1
WND_13037_1,2359,1,0,0,201.0,-1,-1,134800.0,31250.0,0.0,TX,1
WND_2019_1,143,1,0,0,218.0,-1,-1,134800.0,31250.0,0.0,TX,1
WND_13050_1,2372,1,0,0,200.1,-1,-1,134800.0,31250.0,0.0,TX,1
WND_12647_1,2001,1,0,0,491.6,-1,-1,134800.0,31250.0,0.0,TX,1
WND_4050_1,439,1,0,0,272.6,-1,-1,134800.0,31250.0,0.0,TX,1
WND_13420_1,2742,1,0,0,10.0,-1,-1,134800.0,31250.0,0.0,TX,1
WND_13120_1,2442,1,0,0,196.7,-1,-1,134800.0,31250.0,0.0,TX,1
WND_12979_1,2301,1,0,0,225.6,-1,-1,134800.0,31250.0,0.0,TX,1
WND_13125_1,2447,1,0,0,194.0,-1,-1,134800.0,31250.0,0.0,TX,1
WND_13116_LC,2438,1,0,0,198.5,-1,-1,134800.0,31250.0,0.0,TX,1
WND_13136_1,2458,1,0,0,183.8,-1,-1,134800.0,31250.0,0.0,TX,1
WND_13134_1,2456,1,0,0,184.0,-1,-1,134800.0,31250.0,0.0,TX,1
WND_12677_1,2029,1,0,0,350.2,-1,-1,134800.0,31250.0,0.0,TX,1
WND_13162_1,2484,1,0,0,166.4,-1,-1,134800.0,31250.0,0.0,TX,1
WND_13166_1,2488,1,0,0,163.0,-1,-1,134800.0,31250.0,0.0,TX,1
WND_13351_1,2673,1,0,0,98.8,-1,-1,134800.0,31250.0,0.0,TX,1
WND_13395_1,2717,1,0,0,50.4,-1,-1,134800.0,31250.0,0.0,TX,1
SUN_13414_1,2736,1,0,0,30.0,-1,-1,123100.0,21000.0,0.0,TX,1
SUN_13264_1,2586,1,0,0,125.0,-1,-1,123100.0,21000.0,0.0,TX,1
SUN_13107_1,2429,1,0,0,200.0,-1,-1,123100.0,21000.0,0.0,TX,1
SUN_13257_1,2579,1,0,0,131.0,-1,-1,123100.0,21000.0,0.0,TX,1
SUN_13278_1,2600,1,0,0,116.0,-1,-1,123100.0,21000.0,0.0,TX,1
SUN_13281_1,2603,1,0,0,115.0,-1,-1,123100.0,21000.0,0.0,TX,1
SUN_12583_1,1941,1,0,0,600.0,-1,-1,123100.0,21000.0,0.0,TX,1
SUN_12586_1,1944,1,0,0,600.0,-1,-1,123100.0,21000.0,0.0,TX,1
SUN_13250_1,2572,1,0,0,136.0,-1,-1,123100.0,21000.0,0.0,TX,1
SUN_13269_1,2591,1,0,0,123.6,-1,-1,123100.0,21000.0,0.0,TX,1
SUN_13260_1,2582,1,0,0,130.0,-1,-1,123100.0,21000.0,0.0,TX,1
SUN_13401_1,2723,1,0,0,50.0,-1,-1,123100.0,21000.0,0.0,TX,1
SUN_13413_1,2735,1,0,0,30.0,-1,-1,123100.0,21000.0,0.0,TX,1
SUN_6155_1,1140,1,0,0,40.7,-1,-1,123100.0,21000.0,0.0,TX,1
SUN_1024_1,24,1,0,0,16.8,-1,-1,123100.0,21000.0,0.0,TX,1
SUN_13173_1,2495,1,0,0,161.0,-1,-1,123100.0,21000.0,0.0,TX,1
SUN_13411_1,2733,1,0,0,30.0,-1,-1,123100.0,21000.0,0.0,TX,1
SUN_13311_1,2633,1,0,0,100.1,-1,-1,123100.0,21000.0,0.0,TX,1
SUN_2106_1,223,1,0,0,10.0,-1,-1,123100.0,21000.0,0.0,TX,1
SUN_12675_1,2027,1,0,0,471.0,-1,-1,123100.0,21000.0,0.0,TX,1
SUN_13316_1,2638,1,0,0,100.0,-1,-1,123100.0,21000.0,0.0,TX,1
SUN_13123_TB,2445,1,0,0,196.3,-1,-1,123100.0,21000.0,0.0,TX,1
SUN_12688_1,2040,1,0,0,200.0,-1,-1,123100.0,21000.0,0.0,TX,1
SUN_13320_1,2642,1,0,0,100.0,-1,-1,123100.0,21000.0,0.0,TX,1
SUN_13422_1,2744,1,0,0,10.0,-1,-1,123100.0,21000.0,0.0,TX,1
SUN_13084_1,2406,1,0,0,200.0,-1,-1,123100.0,21000.0,0.0,TX,1
SUN_13078_1,2400,1,0,0,200.0,-1,-1,123100.0,21000.0,0.0,TX,1
SUN_13074_1,2396,1,0,0,200.0,-1,-1,123100.0,21000.0,0.0,TX,1
SUN_13072_1,2394,1,0,0,200.0,-1,-1,123100.0,21000.0,0.0,TX,1
SUN_13318_1,2640,1,0,0,100.0,-1,-1,123100.0,21000.0,0.0,TX,1
SUN_8020_1,1729,1,0,0,59.0,-1,-1,123100.0,21000.0,0.0,TX,1
SUN_13045_1,2367,1,0,0,160.0,-1,-1,123100.0,21000.0,0.0,TX,1
SUN_13424_1,2746,1,0,0,10.0,-1,-1,123100.0,21000.0,0.0,TX,1
SUN_13023_1,2345,1,0,0,203.8,-1,-1,123100.0,21000.0,0.0,TX,1
SUN_13019_1,2341,1,0,0,204.0,-1,-1,123100.0,21000.0,0.0,TX,1
SUN_12661_1,2014,1,0,0,320.0,-1,-1,123100.0,21000.0,0.0,TX,1
SUN_13007_1,2329,1,0,0,210.0,-1,-1,123100.0,21000.0,0.0,TX,1
SUN_12981_1,2303,1,0,0,225.0,-1,-1,123100.0,21000.0,0.0,TX,1
SUN_13423_20,2745,1,0,0,10.0,-1,-1,123100.0,21000.0,0.0,TX,1
SUN_5284_1,831,1,0,0,50.0,-1,-1,123100.0,21000.0,0.0,TX,1
SUN_12968_1,2290,1,0,0,152.7,-1,-1,123100.0,21000.0,0.0,TX,1
SUN_1009_1,9,1,0,0,222.0,-1,-1,123100.0,21000.0,0.0,TX,1
SUN_12789_1,2126,1,0,0,159.0,-1,-1,123100.0,21000.0,0.0,TX,1
SUN_12913_1,2235,1,0,0,250.0,-1,-1,123100.0,21000.0,0.0,TX,1
SUN_7230_1,1523,1,0,0,10.0,-1,-1,123100.0,21000.0,0.0,TX,1
SUN_12890_1,2213,1,0,0,255.2,-1,-1,123100.0,21000.0,0.0,TX,1
SUN_12878_1,2203,1,0,0,260.0,-1,-1,123100.0,21000.0,0.0,TX,1
SUN_13363_1,2685,1,0,0,82.5,-1,-1,123100.0,21000.0,0.0,TX,1
SUN_12875_1,2201,1,0,0,210.0,-1,-1,123100.0,21000.0,0.0,TX,1
SUN_5115_1,663,1,0,0,10.0,-1,-1,123100.0,21000.0,0.0,TX,1
SUN_13370_1,2692,1,0,0,78.1,-1,-1,123100.0,21000.0,0.0,TX,1
SUN_5174_1,722,1,0,0,49.6,-1,-1,123100.0,21000.0,0.0,TX,1
SUN_5081_1,631,1,0,0,15.4,-1,-1,123100.0,21000.0,0.0,TX,1
SUN_5080_1,630,1,0,0,44.2,-1,-1,123100.0,21000.0,0.0,TX,1
SUN_12904_1,2226,1,0,0,151.0,-1,-1,123100.0,21000.0,0.0,TX,1
SUN_12853_1,2181,1,0,0,200.0,-1,-1,123100.0,21000.0,0.0,TX,1
SUN_12915_1,2237,1,0,0,250.0,-1,-1,123100.0,21000.0,0.0,TX,1
SUN_12921_1,2243,1,0,0,250.0,-1,-1,123100.0,21000.0,0.0,TX,1
SUN_12927_1,2249,1,0,0,150.0,-1,-1,123100.0,21000.0,0.0,TX,1
SUN_12790_1,2127,1,0,0,143.5,-1,-1,123100.0,21000.0,0.0,TX,1
SUN_7116_1,1432,1,0,0,10.0,-1,-1,123100.0,21000.0,0.0,TX,1
SUN_5029_1,594,1,0,0,10.0,-1,-1,123100.0,21000.0,0.0,TX,1
SUN_1008_1,8,1,0,0,28.0,-1,-1,123100.0,21000.0,0.0,TX,1
SUN_12924_1,2246,1,0,0,250.0,-1,-1,123100.0,21000.0,0.0,TX,1
SUN_12911_1,2233,1,0,0,250.0,-1,-1,123100.0,21000.0,0.0,TX,1
SUN_12919_1,2241,1,0,0,250.0,-1,-1,123100.0,21000.0,0.0,TX,1
SUN_12917_1,2239,1,0,0,250.0,-1,-1,123100.0,21000.0,0.0,TX,1
SUN_12775_1,2116,1,0,0,306.0,-1,-1,123100.0,21000.0,0.0,TX,1
SUN_12769_1,2112,1,0,0,310.0,-1,-1,123100.0,21000.0,0.0,TX,1
SUN_12833_1,2164,1,0,0,300.0,-1,-1,123100.0,21000.0,0.0,TX,1
SUN_12929_1,2251,1,0,0,250.0,-1,-1,123100.0,21000.0,0.0,TX,1
SUN_12764_1,2109,1,0,0,240.8,-1,-1,123100.0,21000.0,0.0,TX,1
SUN_12892_1,2215,1,0,0,255.0,-1,-1,123100.0,21000.0,0.0,TX,1
SUN_12909_1,2231,1,0,0,250.0,-1,-1,123100.0,21000.0,0.0,TX,1
SUN_12895_1,2218,1,0,0,255.0,-1,-1,123100.0,21000.0,0.0,TX,1
SUN_13321_1,2643,1,0,0,100.0,-1,-1,123100.0,21000.0,0.0,TX,1
SUN_12954_1,2276,1,0,0,240.0,-1,-1,123100.0,21000.0,0.0,TX,1
SUN_12952_1,2274,1,0,0,240.0,-1,-1,123100.0,21000.0,0.0,TX,1
SUN_12950_1,2272,1,0,0,240.0,-1,-1,123100.0,21000.0,0.0,TX,1
SUN_12949_1,2271,1,0,0,240.0,-1,-1,123100.0,21000.0,0.0,TX,1
SUN_12947_1,2269,1,0,0,240.0,-1,-1,123100.0,21000.0,0.0,TX,1
SUN_13000_1,2322,1,0,0,150.0,-1,-1,123100.0,21000.0,0.0,TX,1
SUN_12997_1,2319,1,0,0,215.0,-1,-1,123100.0,21000.0,0.0,TX,1
SUN_13021_1,2343,1,0,0,204.0,-1,-1,123100.0,21000.0,0.0,TX,1
SUN_13024_1,2346,1,0,0,203.5,-1,-1,123100.0,21000.0,0.0,TX,1
SUN_13009_1,2331,1,0,0,210.0,-1,-1,123100.0,21000.0,0.0,TX,1
SUN_13039_1,2361,1,0,0,201.0,-1,-1,123100.0,21000.0,0.0,TX,1
SUN_1011_1,11,1,0,0,10.0,-1,-1,123100.0,21000.0,0.0,TX,1
SUN_12946_1,2268,1,0,0,240.0,-1,-1,123100.0,21000.0,0.0,TX,1
SUN_13080_1,2402,1,0,0,200.0,-1,-1,123100.0,21000.0,0.0,TX,1
SUN_13082_1,2404,1,0,0,200.0,-1,-1,123100.0,21000.0,0.0,TX,1
SUN_13416_1,2738,1,0,0,24.8,-1,-1,123100.0,21000.0,0.0,TX,1
SUN_4133_1,511,1,0,0,200.0,-1,-1,123100.0,21000.0,0.0,TX,1
SUN_12619_1,1975,1,0,0,515.0,-1,-1,123100.0,21000.0,0.0,TX,1
SUN_12592_1,1949,1,0,0,500.0,-1,-1,123100.0,21000.0,0.0,TX,1
SUN_13115_1,2437,1,0,0,198.5,-1,-1,123100.0,21000.0,0.0,TX,1
SUN_4121_1,499,1,0,0,45.0,-1,-1,123100.0,21000.0,0.0,TX,1
SUN_13421_1,2743,1,0,0,10.0,-1,-1,123100.0,21000.0,0.0,TX,1
SUN_6329_CS,1294,1,0,0,10.0,-1,-1,123100.0,21000.0,0.0,TX,1
SUN_6001_1,1011,1,0,0,39.6,-1,-1,123100.0,21000.0,0.0,TX,1
SUN_13418_1,2740,1,0,0,13.5,-1,-1,123100.0,21000.0,0.0,TX,1
SUN_13314_1,2636,1,0,0,100.0,-1,-1,123100.0,21000.0,0.0,TX,1
SUN_12681_1,2033,1,0,0,420.0,-1,-1,123100.0,21000.0,0.0,TX,1
SUN_12987_1,2309,1,0,0,171.7,-1,-1,123100.0,21000.0,0.0,TX,1
SUN_13388_1,2710,1,0,0,60.2,-1,-1,123100.0,21000.0,0.0,TX,1
SUN_13145_1,2467,1,0,0,180.0,-1,-1,123100.0,21000.0,0.0,TX,1
SUN_13309_1,2631,1,0,0,100.1,-1,-1,123100.0,21000.0,0.0,TX,1
SUN_12657_1,2011,1,0,0,320.0,-1,-1,123100.0,21000.0,0.0,TX,1
SUN_13390_1,2712,1,0,0,59.0,-1,-1,123100.0,21000.0,0.0,TX,1
SUN_13254_1,2576,1,0,0,67.2,-1,-1,123100.0,21000.0,0.0,TX,1
SUN_13138_1,2460,1,0,0,182.0,-1,-1,123100.0,21000.0,0.0,TX,1
SUN_13397_1,2719,1,0,0,30.2,-1,-1,123100.0,21000.0,0.0,TX,1
SUN_13187_1,2509,1,0,0,157.5,-1,-1,123100.0,21000.0,0.0,TX,1
SUN_13400_1,2722,1,0,0,50.0,-1,-1,123100.0,21000.0,0.0,TX,1
SUN_12634_1,1989,1,0,0,500.0,-1,-1,123100.0,21000.0,0.0,TX,1
SUN_13394_1,2716,1,0,0,50.7,-1,-1,123100.0,21000.0,0.0,TX,1
SUN_13399_1,2721,1,0,0,50.0,-1,-1,123100.0,21000.0,0.0,TX,1
SUN_13212_1,2534,1,0,0,150.0,-1,-1,123100.0,21000.0,0.0,TX,1
SUN_13293_1,2615,1,0,0,100.0,-1,-1,123100.0,21000.0,0.0,TX,1
SUN_13295_1,2617,1,0,0,108.0,-1,-1,123100.0,21000.0,0.0,TX,1
SUN_13368_1,2690,1,0,0,80.0,-1,-1,123100.0,21000.0,0.0,TX,1
SUN_13215_1,2537,1,0,0,150.0,-1,-1,123100.0,21000.0,0.0,TX,1
SUN_13252_1,2574,1,0,0,134.7,-1,-1,123100.0,21000.0,0.0,TX,1
SUN_13251_1,2573,1,0,0,135.0,-1,-1,123100.0,21000.0,0.0,TX,1
SUN_12545_1,1903,1,0,0,510.0,-1,-1,123100.0,21000.0,0.0,TX,1
SUN_2001_1,128,1,0,0,10.0,-1,-1,123100.0,21000.0,0.0,TX,1
SUN_13383_1,2705,1,0,0,71.4,-1,-1,123100.0,21000.0,0.0,TX,1
SUN_13213_1,2535,1,0,0,150.0,-1,-1,123100.0,21000.0,0.0,TX,1
WND_13246_GF,2568,1,1,0,0.0,-1,-1,134800.0,31250.0,0.0,TX,1
SUN_13246_GF,2568,1,1,0,0.0,-1,-1,123100.0,21000.0,0.0,TX,1
WND_13205_GF,2527,1,1,0,0.0,-1,-1,134800.0,31250.0,0.0,TX,1
SUN_13205_GF,2527,1,1,0,0.0,-1,-1,123100.0,21000.0,0.0,TX,1
WND_3017_GF,266,1,1,0,0.0,-1,-1,134800.0,31250.0,0.0,TX,1
SUN_3017_GF,266,1,1,0,0.0,-1,-1,123100.0,21000.0,0.0,TX,1
WND_13248_GF,2570,1,1,0,0.0,-1,-1,134800.0,31250.0,0.0,TX,1
SUN_13248_GF,2570,1,1,0,0.0,-1,-1,123100.0,21000.0,0.0,TX,1
WND_13195_GF,2517,1,1,0,0.0,-1,-1,134800.0,31250.0,0.0,TX,1
SUN_13195_GF,2517,1,1,0,0.0,-1,-1,123100.0,21000.0,0.0,TX,1
WND_13143_GF,2465,1,1,0,0.0,-1,-1,134800.0,31250.0,0.0,TX,1
SUN_13143_GF,2465,1,1,0,0.0,-1,-1,123100.0,21000.0,0.0,TX,1
WND_13076_GF,2398,1,1,0,0.0,-1,-1,134800.0,31250.0,0.0,TX,1
SUN_13076_GF,2398,1,1,0,0.0,-1,-1,123100.0,21000.0,0.0,TX,1
WND_13288_GF,2610,1,1,0,0.0,-1,-1,134800.0,31250.0,0.0,TX,1
SUN_13288_GF,2610,1,1,0,0.0,-1,-1,123100.0,21000.0,0.0,TX,1
WND_3020_GF,269,1,1,0,0.0,-1,-1,134800.0,31250.0,0.0,TX,1
SUN_3020_GF,269,1,1,0,0.0,-1,-1,123100.0,21000.0,0.0,TX,1
WND_13396_GF,2718,1,1,0,0.0,-1,-1,134800.0,31250.0,0.0,TX,1
SUN_13396_GF,2718,1,1,0,0.0,-1,-1,123100.0,21000.0,0.0,TX,1
WND_13035_GF,2357,1,1,0,0.0,-1,-1,134800.0,31250.0,0.0,TX,1
SUN_13035_GF,2357,1,1,0,0.0,-1,-1,123100.0,21000.0,0.0,TX,1
WND_13132_GF,2454,1,1,0,0.0,-1,-1,134800.0,31250.0,0.0,TX,1
SUN_13132_GF,2454,1,1,0,0.0,-1,-1,123100.0,21000.0,0.0,TX,1
WND_13258_GF,2580,1,1,0,0.0,-1,-1,134800.0,31250.0,0.0,TX,1
SUN_13258_GF,2580,1,1,0,0.0,-1,-1,123100.0,21000.0,0.0,TX,1
WND_3062_GF,308,1,1,0,0.0,-1,-1,134800.0,31250.0,0.0,TX,1
SUN_3062_GF,308,1,1,0,0.0,-1,-1,123100.0,21000.0,0.0,TX,1
WND_5170_GF,718,1,1,0,0.0,-1,-1,134800.0,31250.0,0.0,TX,1
SUN_5170_GF,718,1,1,0,0.0,-1,-1,123100.0,21000.0,0.0,TX,1
WND_13033_GF,2355,1,1,0,0.0,-1,-1,134800.0,31250.0,0.0,TX,1
SUN_13033_GF,2355,1,1,0,0.0,-1,-1,123100.0,21000.0,0.0,TX,1
WND_12595_GF,1952,1,1,0,0.0,-1,-1,134800.0,31250.0,0.0,TX,1
SUN_12595_GF,1952,1,1,0,0.0,-1,-1,123100.0,21000.0,0.0,TX,1
WND_4010_GF,399,1,1,0,0.0,-1,-1,134800.0,31250.0,0.0,TX,1
SUN_4010_GF,399,1,1,0,0.0,-1,-1,123100.0,21000.0,0.0,TX,1
WND_2062_GF,183,1,1,0,0.0,-1,-1,134800.0,31250.0,0.0,TX,1
SUN_2062_GF,183,1,1,0,0.0,-1,-1,123100.0,21000.0,0.0,TX,1
WND_4166_GF,537,1,1,0,0.0,-1,-1,134800.0,31250.0,0.0,TX,1
SUN_4166_GF,537,1,1,0,0.0,-1,-1,123100.0,21000.0,0.0,TX,1
WND_13240_GF,2562,1,1,0,0.0,-1,-1,134800.0,31250.0,0.0,TX,1
SUN_13240_GF,2562,1,1,0,0.0,-1,-1,123100.0,21000.0,0.0,TX,1
WND_2013_GF,137,1,1,0,0.0,-1,-1,134800.0,31250.0,0.0,TX,1
SUN_2013_GF,137,1,1,0,0.0,-1,-1,123100.0,21000.0,0.0,TX,1
WND_13208_GF,2530,1,1,0,0.0,-1,-1,134800.0,31250.0,0.0,TX,1
SUN_13208_GF,2530,1,1,0,0.0,-1,-1,123100.0,21000.0,0.0,TX,1
WND_13042_GF,2364,1,1,0,0.0,-1,-1,134800.0,31250.0,0.0,TX,1
SUN_13042_GF,2364,1,1,0,0.0,-1,-1,123100.0,21000.0,0.0,TX,1
WND_13262_GF,2584,1,1,0,0.0,-1,-1,134800.0,31250.0,0.0,TX,1
SUN_13262_GF,2584,1,1,0,0.0,-1,-1,123100.0,21000.0,0.0,TX,1
WND_13284_GF,2606,1,1,0,0.0,-1,-1,134800.0,31250.0,0.0,TX,1
SUN_13284_GF,2606,1,1,0,0.0,-1,-1,123100.0,21000.0,0.0,TX,1
WND_13283_GF,2605,1,1,0,0.0,-1,-1,134800.0,31250.0,0.0,TX,1
SUN_13283_GF,2605,1,1,0,0.0,-1,-1,123100.0,21000.0,0.0,TX,1
WND_3113_GF,358,1,1,0,0.0,-1,-1,134800.0,31250.0,0.0,TX,1
SUN_3113_GF,358,1,1,0,0.0,-1,-1,123100.0,21000.0,0.0,TX,1
WND_12907_GF,2229,1,1,0,0.0,-1,-1,134800.0,31250.0,0.0,TX,1
SUN_12907_GF,2229,1,1,0,0.0,-1,-1,123100.0,21000.0,0.0,TX,1
WND_13405_GF,2727,1,1,0,0.0,-1,-1,134800.0,31250.0,0.0,TX,1
SUN_13405_GF,2727,1,1,0,0.0,-1,-1,123100.0,21000.0,0.0,TX,1
WND_1067_GF,64,1,1,0,0.0,-1,-1,134800.0,31250.0,0.0,TX,1
SUN_1067_GF,64,1,1,0,0.0,-1,-1,123100.0,21000.0,0.0,TX,1
WND_12631_GF,1986,1,1,0,0.0,-1,-1,134800.0,31250.0,0.0,TX,1
SUN_12631_GF,1986,1,1,0,0.0,-1,-1,123100.0,21000.0,0.0,TX,1
WND_12960_GF,2282,1,1,0,0.0,-1,-1,134800.0,31250.0,0.0,TX,1
SUN_12960_GF,2282,1,1,0,0.0,-1,-1,123100.0,21000.0,0.0,TX,1
WND_12985_GF,2307,1,1,0,0.0,-1,-1,134800.0,31250.0,0.0,TX,1
SUN_12985_GF,2307,1,1,0,0.0,-1,-1,123100.0,21000.0,0.0,TX,1
WND_2099_GF,217,1,1,0,0.0,-1,-1,134800.0,31250.0,0.0,TX,1
SUN_2099_GF,217,1,1,0,0.0,-1,-1,123100.0,21000.0,0.0,TX,1
WND_3122_GF,366,1,1,0,0.0,-1,-1,134800.0,31250.0,0.0,TX,1
SUN_3122_GF,366,1,1,0,0.0,-1,-1,123100.0,21000.0,0.0,TX,1
WND_13066_GF,2388,1,1,0,0.0,-1,-1,134800.0,31250.0,0.0,TX,1
SUN_13066_GF,2388,1,1,0,0.0,-1,-1,123100.0,21000.0,0.0,TX,1
WND_4153_GF,525,1,1,0,0.0,-1,-1,134800.0,31250.0,0.0,TX,1
SUN_4153_GF,525,1,1,0,0.0,-1,-1,123100.0,21000.0,0.0,TX,1
WND_3117_GF,362,1,1,0,0.0,-1,-1,134800.0,31250.0,0.0,TX,1
SUN_3117_GF,362,1,1,0,0.0,-1,-1,123100.0,21000.0,0.0,TX,1
WND_13419_GF,2741,1,1,0,0.0,-1,-1,134800.0,31250.0,0.0,TX,1
SUN_13419_GF,2741,1,1,0,0.0,-1,-1,123100.0,21000.0,0.0,TX,1
WND_12964_GF,2286,1,1,0,0.0,-1,-1,134800.0,31250.0,0.0,TX,1
SUN_12964_GF,2286,1,1,0,0.0,-1,-1,123100.0,21000.0,0.0,TX,1
WND_13150_GF,2472,1,1,0,0.0,-1,-1,134800.0,31250.0,0.0,TX,1
SUN_13150_GF,2472,1,1,0,0.0,-1,-1,123100.0,21000.0,0.0,TX,1
WND_12737_GF,2086,1,1,0,0.0,-1,-1,134800.0,31250.0,0.0,TX,1
SUN_12737_GF,2086,1,1,0,0.0,-1,-1,123100.0,21000.0,0.0,TX,1
WND_12753_GF,2100,1,1,0,0.0,-1,-1,134800.0,31250.0,0.0,TX,1
SUN_12753_GF,2100,1,1,0,0.0,-1,-1,123100.0,21000.0,0.0,TX,1
WND_12638_GF,1993,1,1,0,0.0,-1,-1,134800.0,31250.0,0.0,TX,1
SUN_12638_GF,1993,1,1,0,0.0,-1,-1,123100.0,21000.0,0.0,TX,1
WND_1090_GF,85,1,1,0,0.0,-1,-1,134800.0,31250.0,0.0,TX,1
SUN_1090_GF,85,1,1,0,0.0,-1,-1,123100.0,21000.0,0.0,TX,1
WND_13172_GF,2494,1,1,0,0.0,-1,-1,134800.0,31250.0,0.0,TX,1
SUN_13172_GF,2494,1,1,0,0.0,-1,-1,123100.0,21000.0,0.0,TX,1
WND_13201_GF,2523,1,1,0,0.0,-1,-1,134800.0,31250.0,0.0,TX,1
SUN_13201_GF,2523,1,1,0,0.0,-1,-1,123100.0,21000.0,0.0,TX,1
WND_13299_GF,2621,1,1,0,0.0,-1,-1,134800.0,31250.0,0.0,TX,1
SUN_13299_GF,2621,1,1,0,0.0,-1,-1,123100.0,21000.0,0.0,TX,1
WND_13130_GF,2452,1,1,0,0.0,-1,-1,134800.0,31250.0,0.0,TX,1
SUN_13130_GF,2452,1,1,0,0.0,-1,-1,123100.0,21000.0,0.0,TX,1
WND_13180_GF,2502,1,1,0,0.0,-1,-1,134800.0,31250.0,0.0,TX,1
SUN_13180_GF,2502,1,1,0,0.0,-1,-1,123100.0,21000.0,0.0,TX,1
WND_12594_GF,1951,1,1,0,0.0,-1,-1,134800.0,31250.0,0.0,TX,1
SUN_12594_GF,1951,1,1,0,0.0,-1,-1,123100.0,21000.0,0.0,TX,1
WND_13048_GF,2370,1,1,0,0.0,-1,-1,134800.0,31250.0,0.0,TX,1
SUN_13048_GF,2370,1,1,0,0.0,-1,-1,123100.0,21000.0,0.0,TX,1
WND_12868_GF,2195,1,1,0,0.0,-1,-1,134800.0,31250.0,0.0,TX,1
SUN_12868_GF,2195,1,1,0,0.0,-1,-1,123100.0,21000.0,0.0,TX,1
WND_3068_GF,314,1,1,0,0.0,-1,-1,134800.0,31250.0,0.0,TX,1
SUN_3068_GF,314,1,1,0,0.0,-1,-1,123100.0,21000.0,0.0,TX,1
WND_13365_GF,2687,1,1,0,0.0,-1,-1,134800.0,31250.0,0.0,TX,1
SUN_13365_GF,2687,1,1,0,0.0,-1,-1,123100.0,21000.0,0.0,TX,1
WND_13353_GF,2675,1,1,0,0.0,-1,-1,134800.0,31250.0,0.0,TX,1
SUN_13353_GF,2675,1,1,0,0.0,-1,-1,123100.0,21000.0,0.0,TX,1
WND_1035_GF,35,1,1,0,0.0,-1,-1,134800.0,31250.0,0.0,TX,1
SUN_1035_GF,35,1,1,0,0.0,-1,-1,123100.0,21000.0,0.0,TX,1
WND_13263_GF,2585,1,1,0,0.0,-1,-1,134800.0,31250.0,0.0,TX,1
SUN_13263_GF,2585,1,1,0,0.0,-1,-1,123100.0,21000.0,0.0,TX,1
WND_5020_GF,586,1,1,0,0.0,-1,-1,134800.0,31250.0,0.0,TX,1
SUN_5020_GF,586,1,1,0,0.0,-1,-1,123100.0,21000.0,0.0,TX,1
WND_12609_GF,1965,1,1,0,0.0,-1,-1,134800.0,31250.0,0.0,TX,1
SUN_12609_GF,1965,1,1,0,0.0,-1,-1,123100.0,21000.0,0.0,TX,1
WND_12792_GF,2129,1,1,0,0.0,-1,-1,134800.0,31250.0,0.0,TX,1
SUN_12792_GF,2129,1,1,0,0.0,-1,-1,123100.0,21000.0,0.0,TX,1
WND_3092_GF,337,1,1,0,0.0,-1,-1,134800.0,31250.0,0.0,TX,1
SUN_3092_GF,337,1,1,0,0.0,-1,-1,123100.0,21000.0,0.0,TX,1
WND_12821_GF,2154,1,1,0,0.0,-1,-1,134800.0,31250.0,0.0,TX,1
SUN_12821_GF,2154,1,1,0,0.0,-1,-1,123100.0,21000.0,0.0,TX,1
WND_13308_GF,2630,1,1,0,0.0,-1,-1,134800.0,31250.0,0.0,TX,1
SUN_13308_GF,2630,1,1,0,0.0,-1,-1,123100.0,21000.0,0.0,TX,1
WND_12848_GF,2177,1,1,0,0.0,-1,-1,134800.0,31250.0,0.0,TX,1
SUN_12848_GF,2177,1,1,0,0.0,-1,-1,123100.0,21000.0,0.0,TX,1
WND_12884_GF,2209,1,1,0,0.0,-1,-1,134800.0,31250.0,0.0,TX,1
SUN_12884_GF,2209,1,1,0,0.0,-1,-1,123100.0,21000.0,0.0,TX,1
WND_12930_GF,2252,1,1,0,0.0,-1,-1,134800.0,31250.0,0.0,TX,1
SUN_12930_GF,2252,1,1,0,0.0,-1,-1,123100.0,21000.0,0.0,TX,1
WND_13367_GF,2689,1,1,0,0.0,-1,-1,134800.0,31250.0,0.0,TX,1
SUN_13367_GF,2689,1,1,0,0.0,-1,-1,123100.0,21000.0,0.0,TX,1
WND_2078_GF,198,1,1,0,0.0,-1,-1,134800.0,31250.0,0.0,TX,1
SUN_2078_GF,198,1,1,0,0.0,-1,-1,123100.0,21000.0,0.0,TX,1
WND_3115_GF,360,1,1,0,0.0,-1,-1,134800.0,31250.0,0.0,TX,1
SUN_3115_GF,360,1,1,0,0.0,-1,-1,123100.0,21000.0,0.0,TX,1
WND_1039_GF,39,1,1,0,0.0,-1,-1,134800.0,31250.0,0.0,TX,1
SUN_1039_GF,39,1,1,0,0.0,-1,-1,123100.0,21000.0,0.0,TX,1
WND_13054_GF,2376,1,1,0,0.0,-1,-1,134800.0,31250.0,0.0,TX,1
SUN_13054_GF,2376,1,1,0,0.0,-1,-1,123100.0,21000.0,0.0,TX,1
WND_12971_GF,2293,1,1,0,0.0,-1,-1,134800.0,31250.0,0.0,TX,1
SUN_12971_GF,2293,1,1,0,0.0,-1,-1,123100.0,21000.0,0.0,TX,1
WND_12818_GF,2151,1,1,0,0.0,-1,-1,134800.0,31250.0,0.0,TX,1
SUN_12818_GF,2151,1,1,0,0.0,-1,-1,123100.0,21000.0,0.0,TX,1
WND_13158_GF,2480,1,1,0,0.0,-1,-1,134800.0,31250.0,0.0,TX,1
SUN_13158_GF,2480,1,1,0,0.0,-1,-1,123100.0,21000.0,0.0,TX,1
WND_3060_GF,306,1,1,0,0.0,-1,-1,134800.0,31250.0,0.0,TX,1
SUN_3060_GF,306,1,1,0,0.0,-1,-1,123100.0,21000.0,0.0,TX,1
WND_3081_GF,327,1,1,0,0.0,-1,-1,134800.0,31250.0,0.0,TX,1
SUN_3081_GF,327,1,1,0,0.0,-1,-1,123100.0,21000.0,0.0,TX,1
WND_12956_GF,2278,1,1,0,0.0,-1,-1,134800.0,31250.0,0.0,TX,1
SUN_12956_GF,2278,1,1,0,0.0,-1,-1,123100.0,21000.0,0.0,TX,1
WND_13374_GF,2696,1,1,0,0.0,-1,-1,134800.0,31250.0,0.0,TX,1
SUN_13374_GF,2696,1,1,0,0.0,-1,-1,123100.0,21000.0,0.0,TX,1
WND_13047_GF,2369,1,1,0,0.0,-1,-1,134800.0,31250.0,0.0,TX,1
SUN_13047_GF,2369,1,1,0,0.0,-1,-1,123100.0,21000.0,0.0,TX,1
WND_13060_GF,2382,1,1,0,0.0,-1,-1,134800.0,31250.0,0.0,TX,1
SUN_13060_GF,2382,1,1,0,0.0,-1,-1,123100.0,21000.0,0.0,TX,1
WND_13030_GF,2352,1,1,0,0.0,-1,-1,134800.0,31250.0,0.0,TX,1
SUN_13030_GF,2352,1,1,0,0.0,-1,-1,123100.0,21000.0,0.0,TX,1
WND_2042_GF,166,1,1,0,0.0,-1,-1,134800.0,31250.0,0.0,TX,1
SUN_2042_GF,166,1,1,0,0.0,-1,-1,123100.0,21000.0,0.0,TX,1
WND_1006_GF,6,1,1,0,0.0,-1,-1,134800.0,31250.0,0.0,TX,1
SUN_1006_GF,6,1,1,0,0.0,-1,-1,123100.0,21000.0,0.0,TX,1
WND_3056_GF,302,1,1,0,0.0,-1,-1,134800.0,31250.0,0.0,TX,1
SUN_3056_GF,302,1,1,0,0.0,-1,-1,123100.0,21000.0,0.0,TX,1
WND_12745_GF,2092,1,1,0,0.0,-1,-1,134800.0,31250.0,0.0,TX,1
SUN_12745_GF,2092,1,1,0,0.0,-1,-1,123100.0,21000.0,0.0,TX,1
WND_13129_GF,2451,1,1,0,0.0,-1,-1,134800.0,31250.0,0.0,TX,1
SUN_13129_GF,2451,1,1,0,0.0,-1,-1,123100.0,21000.0,0.0,TX,1
WND_13156_GF,2478,1,1,0,0.0,-1,-1,134800.0,31250.0,0.0,TX,1
SUN_13156_GF,2478,1,1,0,0.0,-1,-1,123100.0,21000.0,0.0,TX,1
WND_13392_GF,2714,1,1,0,0.0,-1,-1,134800.0,31250.0,0.0,TX,1
SUN_13392_GF,2714,1,1,0,0.0,-1,-1,123100.0,21000.0,0.0,TX,1
WND_13011_GF,2333,1,1,0,0.0,-1,-1,134800.0,31250.0,0.0,TX,1
SUN_13011_GF,2333,1,1,0,0.0,-1,-1,123100.0,21000.0,0.0,TX,1
WND_13168_GF,2490,1,1,0,0.0,-1,-1,134800.0,31250.0,0.0,TX,1
SUN_13168_GF,2490,1,1,0,0.0,-1,-1,123100.0,21000.0,0.0,TX,1
WND_3061_GF,307,1,1,0,0.0,-1,-1,134800.0,31250.0,0.0,TX,1
SUN_3061_GF,307,1,1,0,0.0,-1,-1,123100.0,21000.0,0.0,TX,1
WND_3065_GF,311,1,1,0,0.0,-1,-1,134800.0,31250.0,0.0,TX,1
SUN_3065_GF,311,1,1,0,0.0,-1,-1,123100.0,21000.0,0.0,TX,1
WND_1026_GF,26,1,1,0,0.0,-1,-1,134800.0,31250.0,0.0,TX,1
SUN_1026_GF,26,1,1,0,0.0,-1,-1,123100.0,21000.0,0.0,TX,1
WND_13279_GF,2601,1,1,0,0.0,-1,-1,134800.0,31250.0,0.0,TX,1
SUN_13279_GF,2601,1,1,0,0.0,-1,-1,123100.0,21000.0,0.0,TX,1
WND_13068_GF,2390,1,1,0,0.0,-1,-1,134800.0,31250.0,0.0,TX,1
SUN_13068_GF,2390,1,1,0,0.0,-1,-1,123100.0,21000.0,0.0,TX,1
WND_13112_GF,2434,1,1,0,0.0,-1,-1,134800.0,31250.0,0.0,TX,1
SUN_13112_GF,2434,1,1,0,0.0,-1,-1,123100.0,21000.0,0.0,TX,1
WND_13290_GF,2612,1,1,0,0.0,-1,-1,134800.0,31250.0,0.0,TX,1
SUN_13290_GF,2612,1,1,0,0.0,-1,-1,123100.0,21000.0,0.0,TX,1
WND_13199_GF,2521,1,1,0,0.0,-1,-1,134800.0,31250.0,0.0,TX,1
SUN_13199_GF,2521,1,1,0,0.0,-1,-1,123100.0,21000.0,0.0,TX,1
WND_3004_GF,253,1,1,0,0.0,-1,-1,134800.0,31250.0,0.0,TX,1
SUN_3004_GF,253,1,1,0,0.0,-1,-1,123100.0,21000.0,0.0,TX,1
WND_13409_GF,2731,1,1,0,0.0,-1,-1,134800.0,31250.0,0.0,TX,1
SUN_13409_GF,2731,1,1,0,0.0,-1,-1,123100.0,21000.0,0.0,TX,1
WND_13170_GF,2492,1,1,0,0.0,-1,-1,134800.0,31250.0,0.0,TX,1
SUN_13170_GF,2492,1,1,0,0.0,-1,-1,123100.0,21000.0,0.0,TX,1
WND_13197_GF,2519,1,1,0,0.0,-1,-1,134800.0,31250.0,0.0,TX,1
SUN_13197_GF,2519,1,1,0,0.0,-1,-1,123100.0,21000.0,0.0,TX,1
WND_13056_GF,2378,1,1,0,0.0,-1,-1,134800.0,31250.0,0.0,TX,1
SUN_13056_GF,2378,1,1,0,0.0,-1,-1,123100.0,21000.0,0.0,TX,1
WND_3063_GF,309,1,1,0,0.0,-1,-1,134800.0,31250.0,0.0,TX,1
SUN_3063_GF,309,1,1,0,0.0,-1,-1,123100.0,21000.0,0.0,TX,1
WND_12733_GF,2082,1,1,0,0.0,-1,-1,134800.0,31250.0,0.0,TX,1
SUN_12733_GF,2082,1,1,0,0.0,-1,-1,123100.0,21000.0,0.0,TX,1
WND_4177_GF,548,1,1,0,0.0,-1,-1,134800.0,31250.0,0.0,TX,1
SUN_4177_GF,548,1,1,0,0.0,-1,-1,123100.0,21000.0,0.0,TX,1
WND_13185_GF,2507,1,1,0,0.0,-1,-1,134800.0,31250.0,0.0,TX,1
SUN_13185_GF,2507,1,1,0,0.0,-1,-1,123100.0,21000.0,0.0,TX,1
WND_13043_GF,2365,1,1,0,0.0,-1,-1,134800.0,31250.0,0.0,TX,1
SUN_13043_GF,2365,1,1,0,0.0,-1,-1,123100.0,21000.0,0.0,TX,1
WND_13017_GF,2339,1,1,0,0.0,-1,-1,134800.0,31250.0,0.0,TX,1
SUN_13017_GF,2339,1,1,0,0.0,-1,-1,123100.0,21000.0,0.0,TX,1
WND_3074_GF,320,1,1,0,0.0,-1,-1,134800.0,31250.0,0.0,TX,1
SUN_3074_GF,320,1,1,0,0.0,-1,-1,123100.0,21000.0,0.0,TX,1
WND_2091_GF,211,1,1,0,0.0,-1,-1,134800.0,31250.0,0.0,TX,1
SUN_2091_GF,211,1,1,0,0.0,-1,-1,123100.0,21000.0,0.0,TX,1
WND_2089_GF,209,1,1,0,0.0,-1,-1,134800.0,31250.0,0.0,TX,1
SUN_2089_GF,209,1,1,0,0.0,-1,-1,123100.0,21000.0,0.0,TX,1
WND_1023_GF,23,1,1,0,0.0,-1,-1,134800.0,31250.0,0.0,TX,1
SUN_1023_GF,23,1,1,0,0.0,-1,-1,123100.0,21000.0,0.0,TX,1
WND_12966_GF,2288,1,1,0,0.0,-1,-1,134800.0,31250.0,0.0,TX,1
SUN_12966_GF,2288,1,1,0,0.0,-1,-1,123100.0,21000.0,0.0,TX,1
WND_13014_GF,2336,1,1,0,0.0,-1,-1,134800.0,31250.0,0.0,TX,1
SUN_13014_GF,2336,1,1,0,0.0,-1,-1,123100.0,21000.0,0.0,TX,1
WND_12940_GF,2262,1,1,0,0.0,-1,-1,134800.0,31250.0,0.0,TX,1
SUN_12940_GF,2262,1,1,0,0.0,-1,-1,123100.0,21000.0,0.0,TX,1
WND_12773_GF,2114,1,1,0,0.0,-1,-1,134800.0,31250.0,0.0,TX,1
SUN_12773_GF,2114,1,1,0,0.0,-1,-1,123100.0,21000.0,0.0,TX,1
WND_12802_GF,2136,1,1,0,0.0,-1,-1,134800.0,31250.0,0.0,TX,1
SUN_12802_GF,2136,1,1,0,0.0,-1,-1,123100.0,21000.0,0.0,TX,1
WND_13058_GF,2380,1,1,0,0.0,-1,-1,134800.0,31250.0,0.0,TX,1
SUN_13058_GF,2380,1,1,0,0.0,-1,-1,123100.0,21000.0,0.0,TX,1
WND_3086_GF,332,1,1,0,0.0,-1,-1,134800.0,31250.0,0.0,TX,1
SUN_3086_GF,332,1,1,0,0.0,-1,-1,123100.0,21000.0,0.0,TX,1
WND_3087_GF,333,1,1,0,0.0,-1,-1,134800.0,31250.0,0.0,TX,1
SUN_3087_GF,333,1,1,0,0.0,-1,-1,123100.0,21000.0,0.0,TX,1
WND_12809_GF,2143,1,1,0,0.0,-1,-1,134800.0,31250.0,0.0,TX,1
SUN_12809_GF,2143,1,1,0,0.0,-1,-1,123100.0,21000.0,0.0,TX,1
WND_12815_GF,2149,1,1,0,0.0,-1,-1,134800.0,31250.0,0.0,TX,1
SUN_12815_GF,2149,1,1,0,0.0,-1,-1,123100.0,21000.0,0.0,TX,1
WND_1066_GF,63,1,1,0,0.0,-1,-1,134800.0,31250.0,0.0,TX,1
SUN_1066_GF,63,1,1,0,0.0,-1,-1,123100.0,21000.0,0.0,TX,1
WND_13352_GF,2674,1,1,0,0.0,-1,-1,134800.0,31250.0,0.0,TX,1
SUN_13352_GF,2674,1,1,0,0.0,-1,-1,123100.0,21000.0,0.0,TX,1
WND_12959_GF,2281,1,1,0,0.0,-1,-1,134800.0,31250.0,0.0,TX,1
SUN_12959_GF,2281,1,1,0,0.0,-1,-1,123100.0,21000.0,0.0,TX,1
WND_12908_GF,2230,1,1,0,0.0,-1,-1,134800.0,31250.0,0.0,TX,1
SUN_12908_GF,2230,1,1,0,0.0,-1,-1,123100.0,21000.0,0.0,TX,1
WND_12756_GF,2103,1,1,0,0.0,-1,-1,134800.0,31250.0,0.0,TX,1
SUN_12756_GF,2103,1,1,0,0.0,-1,-1,123100.0,21000.0,0.0,TX,1
WND_12899_GF,2222,1,1,0,0.0,-1,-1,134800.0,31250.0,0.0,TX,1
SUN_12899_GF,2222,1,1,0,0.0,-1,-1,123100.0,21000.0,0.0,TX,1
WND_3098_GF,343,1,1,0,0.0,-1,-1,134800.0,31250.0,0.0,TX,1
SUN_3098_GF,343,1,1,0,0.0,-1,-1,123100.0,21000.0,0.0,TX,1
WND_13362_GF,2684,1,1,0,0.0,-1,-1,134800.0,31250.0,0.0,TX,1
SUN_13362_GF,2684,1,1,0,0.0,-1,-1,123100.0,21000.0,0.0,TX,1
WND_1021_GF,21,1,1,0,0.0,-1,-1,134800.0,31250.0,0.0,TX,1
SUN_1021_GF,21,1,1,0,0.0,-1,-1,123100.0,21000.0,0.0,TX,1
WND_13360_GF,2682,1,1,0,0.0,-1,-1,134800.0,31250.0,0.0,TX,1
SUN_13360_GF,2682,1,1,0,0.0,-1,-1,123100.0,21000.0,0.0,TX,1
WND_3112_GF,357,1,1,0,0.0,-1,-1,134800.0,31250.0,0.0,TX,1
SUN_3112_GF,357,1,1,0,0.0,-1,-1,123100.0,21000.0,0.0,TX,1
WND_13160_GF,2482,1,1,0,0.0,-1,-1,134800.0,31250.0,0.0,TX,1
SUN_13160_GF,2482,1,1,0,0.0,-1,-1,123100.0,21000.0,0.0,TX,1
WND_12845_GF,2174,1,1,0,0.0,-1,-1,134800.0,31250.0,0.0,TX,1
SUN_12845_GF,2174,1,1,0,0.0,-1,-1,123100.0,21000.0,0.0,TX,1
WND_12938_GF,2260,1,1,0,0.0,-1,-1,134800.0,31250.0,0.0,TX,1
SUN_12938_GF,2260,1,1,0,0.0,-1,-1,123100.0,21000.0,0.0,TX,1
WND_12856_GF,2184,1,1,0,0.0,-1,-1,134800.0,31250.0,0.0,TX,1
SUN_12856_GF,2184,1,1,0,0.0,-1,-1,123100.0,21000.0,0.0,TX,1
WND_12859_GF,2186,1,1,0,0.0,-1,-1,134800.0,31250.0,0.0,TX,1
SUN_12859_GF,2186,1,1,0,0.0,-1,-1,123100.0,21000.0,0.0,TX,1
WND_12839_GF,2170,1,1,0,0.0,-1,-1,134800.0,31250.0,0.0,TX,1
SUN_12839_GF,2170,1,1,0,0.0,-1,-1,123100.0,21000.0,0.0,TX,1
WND_3095_GF,340,1,1,0,0.0,-1,-1,134800.0,31250.0,0.0,TX,1
SUN_3095_GF,340,1,1,0,0.0,-1,-1,123100.0,21000.0,0.0,TX,1
WND_12812_GF,2146,1,1,0,0.0,-1,-1,134800.0,31250.0,0.0,TX,1
SUN_12812_GF,2146,1,1,0,0.0,-1,-1,123100.0,21000.0,0.0,TX,1
WND_12800_GF,2135,1,1,0,0.0,-1,-1,134800.0,31250.0,0.0,TX,1
SUN_12800_GF,2135,1,1,0,0.0,-1,-1,123100.0,21000.0,0.0,TX,1
WND_12977_GF,2299,1,1,0,0.0,-1,-1,134800.0,31250.0,0.0,TX,1
SUN_12977_GF,2299,1,1,0,0.0,-1,-1,123100.0,21000.0,0.0,TX,1
WND_2071_GF,192,1,1,0,0.0,-1,-1,134800.0,31250.0,0.0,TX,1
SUN_2071_GF,192,1,1,0,0.0,-1,-1,123100.0,21000.0,0.0,TX,1
WND_13005_GF,2327,1,1,0,0.0,-1,-1,134800.0,31250.0,0.0,TX,1
SUN_13005_GF,2327,1,1,0,0.0,-1,-1,123100.0,21000.0,0.0,TX,1
WND_12957_GF,2279,1,1,0,0.0,-1,-1,134800.0,31250.0,0.0,TX,1
SUN_12957_GF,2279,1,1,0,0.0,-1,-1,123100.0,21000.0,0.0,TX,1
WND_12941_GF,2263,1,1,0,0.0,-1,-1,134800.0,31250.0,0.0,TX,1
SUN_12941_GF,2263,1,1,0,0.0,-1,-1,123100.0,21000.0,0.0,TX,1
WND_13372_GF,2694,1,1,0,0.0,-1,-1,134800.0,31250.0,0.0,TX,1
SUN_13372_GF,2694,1,1,0,0.0,-1,-1,123100.0,21000.0,0.0,TX,1
WND_3039_GF,288,1,1,0,0.0,-1,-1,134800.0,31250.0,0.0,TX,1
SUN_3039_GF,288,1,1,0,0.0,-1,-1,123100.0,21000.0,0.0,TX,1
WND_13062_GF,2384,1,1,0,0.0,-1,-1,134800.0,31250.0,0.0,TX,1
SUN_13062_GF,2384,1,1,0,0.0,-1,-1,123100.0,21000.0,0.0,TX,1
WND_13049_GF,2371,1,1,0,0.0,-1,-1,134800.0,31250.0,0.0,TX,1
SUN_13049_GF,2371,1,1,0,0.0,-1,-1,123100.0,21000.0,0.0,TX,1
WND_1042_GF,42,1,1,0,0.0,-1,-1,134800.0,31250.0,0.0,TX,1
SUN_1042_GF,42,1,1,0,0.0,-1,-1,123100.0,21000.0,0.0,TX,1
WND_3034_GF,283,1,1,0,0.0,-1,-1,134800.0,31250.0,0.0,TX,1
SUN_3034_GF,283,1,1,0,0.0,-1,-1,123100.0,21000.0,0.0,TX,1
WND_13350_GF,2672,1,1,0,0.0,-1,-1,134800.0,31250.0,0.0,TX,1
SUN_13350_GF,2672,1,1,0,0.0,-1,-1,123100.0,21000.0,0.0,TX,1
WND_3071_GF,317,1,1,0,0.0,-1,-1,134800.0,31250.0,0.0,TX,1
SUN_3071_GF,317,1,1,0,0.0,-1,-1,123100.0,21000.0,0.0,TX,1
WND_12734_GF,2083,1,1,0,0.0,-1,-1,134800.0,31250.0,0.0,TX,1
SUN_12734_GF,2083,1,1,0,0.0,-1,-1,123100.0,21000.0,0.0,TX,1
WND_1057_GF,56,1,1,0,0.0,-1,-1,134800.0,31250.0,0.0,TX,1
SUN_1057_GF,56,1,1,0,0.0,-1,-1,123100.0,21000.0,0.0,TX,1
WND_13037_GF,2359,1,1,0,0.0,-1,-1,134800.0,31250.0,0.0,TX,1
SUN_13037_GF,2359,1,1,0,0.0,-1,-1,123100.0,21000.0,0.0,TX,1
WND_2019_GF,143,1,1,0,0.0,-1,-1,134800.0,31250.0,0.0,TX,1
SUN_2019_GF,143,1,1,0,0.0,-1,-1,123100.0,21000.0,0.0,TX,1
WND_13050_GF,2372,1,1,0,0.0,-1,-1,134800.0,31250.0,0.0,TX,1
SUN_13050_GF,2372,1,1,0,0.0,-1,-1,123100.0,21000.0,0.0,TX,1
WND_12647_GF,2001,1,1,0,0.0,-1,-1,134800.0,31250.0,0.0,TX,1
SUN_12647_GF,2001,1,1,0,0.0,-1,-1,123100.0,21000.0,0.0,TX,1
WND_4050_GF,439,1,1,0,0.0,-1,-1,134800.0,31250.0,0.0,TX,1
SUN_4050_GF,439,1,1,0,0.0,-1,-1,123100.0,21000.0,0.0,TX,1
WND_13420_GF,2742,1,1,0,0.0,-1,-1,134800.0,31250.0,0.0,TX,1
SUN_13420_GF,2742,1,1,0,0.0,-1,-1,123100.0,21000.0,0.0,TX,1
WND_13120_GF,2442,1,1,0,0.0,-1,-1,134800.0,31250.0,0.0,TX,1
SUN_13120_GF,2442,1,1,0,0.0,-1,-1,123100.0,21000.0,0.0,TX,1
WND_12979_GF,2301,1,1,0,0.0,-1,-1,134800.0,31250.0,0.0,TX,1
SUN_12979_GF,2301,1,1,0,0.0,-1,-1,123100.0,21000.0,0.0,TX,1
WND_13125_GF,2447,1,1,0,0.0,-1,-1,134800.0,31250.0,0.0,TX,1
SUN_13125_GF,2447,1,1,0,0.0,-1,-1,123100.0,21000.0,0.0,TX,1
WND_13116_GF,2438,1,1,0,0.0,-1,-1,134800.0,31250.0,0.0,TX,1
SUN_13116_GF,2438,1,1,0,0.0,-1,-1,123100.0,21000.0,0.0,TX,1
WND_13136_GF,2458,1,1,0,0.0,-1,-1,134800.0,31250.0,0.0,TX,1
SUN_13136_GF,2458,1,1,0,0.0,-1,-1,123100.0,21000.0,0.0,TX,1
WND_13134_GF,2456,1,1,0,0.0,-1,-1,134800.0,31250.0,0.0,TX,1
SUN_13134_GF,2456,1,1,0,0.0,-1,-1,123100.0,21000.0,0.0,TX,1
WND_12677_GF,2029,1,1,0,0.0,-1,-1,134800.0,31250.0,0.0,TX,1
SUN_12677_GF,2029,1,1,0,0.0,-1,-1,123100.0,21000.0,0.0,TX,1
WND_13162_GF,2484,1,1,0,0.0,-1,-1,134800.0,31250.0,0.0,TX,1
SUN_13162_GF,2484,1,1,0,0.0,-1,-1,123100.0,21000.0,0.0,TX,1
WND_13166_GF,2488,1,1,0,0.0,-1,-1,134800.0,31250.0,0.0,TX,1
SUN_13166_GF,2488,1,1,0,0.0,-1,-1,123100.0,21000.0,0.0,TX,1
WND_13351_GF,2673,1,1,0,0.0,-1,-1,134800.0,31250.0,0.0,TX,1
SUN_13351_GF,2673,1,1,0,0.0,-1,-1,123100.0,21000.0,0.0,TX,1
WND_13395_GF,2717,1,1,0,0.0,-1,-1,134800.0,31250.0,0.0,TX,1
SUN_13395_GF,2717,1,1,0,0.0,-1,-1,123100.0,21000.0,0.0,TX,1
WND_6083_GF,1082,1,1,0,0.0,-1,-1,134800.0,31250.0,0.0,TX,1
SUN_6083_GF,1082,1,1,0,0.0,-1,-1,123100.0,21000.0,0.0,TX,1
WND_6137_GF,1128,1,1,0,0.0,-1,-1,134800.0,31250.0,0.0,TX,1
SUN_6137_GF,1128,1,1,0,0.0,-1,-1,123100.0,21000.0,0.0,TX,1
WND_6082_GF,1081,1,1,0,0.0,-1,-1,134800.0,31250.0,0.0,TX,1
SUN_6082_GF,1081,1,1,0,0.0,-1,-1,123100.0,21000.0,0.0,TX,1
WND_4045_GF,434,1,1,0,0.0,-1,-1,134800.0,31250.0,0.0,TX,1
SUN_4045_GF,434,1,1,0,0.0,-1,-1,123100.0,21000.0,0.0,TX,1
WND_5290_GF,837,1,1,0,0.0,-1,-1,134800.0,31250.0,0.0,TX,1
SUN_5290_GF,837,1,1,0,0.0,-1,-1,123100.0,21000.0,0.0,TX,1
WND_2063_GF,184,1,1,0,0.0,-1,-1,134800.0,31250.0,0.0,TX,1
SUN_2063_GF,184,1,1,0,0.0,-1,-1,123100.0,21000.0,0.0,TX,1
WND_3106_GF,351,1,1,0,0.0,-1,-1,134800.0,31250.0,0.0,TX,1
SUN_3106_GF,351,1,1,0,0.0,-1,-1,123100.0,21000.0,0.0,TX,1
WND_3014_GF,263,1,1,0,0.0,-1,-1,134800.0,31250.0,0.0,TX,1
SUN_3014_GF,263,1,1,0,0.0,-1,-1,123100.0,21000.0,0.0,TX,1
WND_4047_GF,436,1,1,0,0.0,-1,-1,134800.0,31250.0,0.0,TX,1
SUN_4047_GF,436,1,1,0,0.0,-1,-1,123100.0,21000.0,0.0,TX,1
WND_6214_GF,1199,1,1,0,0.0,-1,-1,134800.0,31250.0,0.0,TX,1
SUN_6214_GF,1199,1,1,0,0.0,-1,-1,123100.0,21000.0,0.0,TX,1
WND_6213_GF,1198,1,1,0,0.0,-1,-1,134800.0,31250.0,0.0,TX,1
SUN_6213_GF,1198,1,1,0,0.0,-1,-1,123100.0,21000.0,0.0,TX,1
WND_13391_GF,2713,1,1,0,0.0,-1,-1,134800.0,31250.0,0.0,TX,1
SUN_13391_GF,2713,1,1,0,0.0,-1,-1,123100.0,21000.0,0.0,TX,1
WND_13393_GF,2715,1,1,0,0.0,-1,-1,134800.0,31250.0,0.0,TX,1
SUN_13393_GF,2715,1,1,0,0.0,-1,-1,123100.0,21000.0,0.0,TX,1
WND_4046_GF,435,1,1,0,0.0,-1,-1,134800.0,31250.0,0.0,TX,1
SUN_4046_GF,435,1,1,0,0.0,-1,-1,123100.0,21000.0,0.0,TX,1
WND_13414_GF,2736,1,1,0,0.0,-1,-1,134800.0,31250.0,0.0,TX,1
SUN_13414_GF,2736,1,1,0,0.0,-1,-1,123100.0,21000.0,0.0,TX,1
WND_13264_GF,2586,1,1,0,0.0,-1,-1,134800.0,31250.0,0.0,TX,1
SUN_13264_GF,2586,1,1,0,0.0,-1,-1,123100.0,21000.0,0.0,TX,1
WND_13107_GF,2429,1,1,0,0.0,-1,-1,134800.0,31250.0,0.0,TX,1
SUN_13107_GF,2429,1,1,0,0.0,-1,-1,123100.0,21000.0,0.0,TX,1
WND_13257_GF,2579,1,1,0,0.0,-1,-1,134800.0,31250.0,0.0,TX,1
SUN_13257_GF,2579,1,1,0,0.0,-1,-1,123100.0,21000.0,0.0,TX,1
WND_13278_GF,2600,1,1,0,0.0,-1,-1,134800.0,31250.0,0.0,TX,1
SUN_13278_GF,2600,1,1,0,0.0,-1,-1,123100.0,21000.0,0.0,TX,1
WND_13281_GF,2603,1,1,0,0.0,-1,-1,134800.0,31250.0,0.0,TX,1
SUN_13281_GF,2603,1,1,0,0.0,-1,-1,123100.0,21000.0,0.0,TX,1
WND_12583_GF,1941,1,1,0,0.0,-1,-1,134800.0,31250.0,0.0,TX,1
SUN_12583_GF,1941,1,1,0,0.0,-1,-1,123100.0,21000.0,0.0,TX,1
WND_12586_GF,1944,1,1,0,0.0,-1,-1,134800.0,31250.0,0.0,TX,1
SUN_12586_GF,1944,1,1,0,0.0,-1,-1,123100.0,21000.0,0.0,TX,1
WND_13250_GF,2572,1,1,0,0.0,-1,-1,134800.0,31250.0,0.0,TX,1
SUN_13250_GF,2572,1,1,0,0.0,-1,-1,123100.0,21000.0,0.0,TX,1
WND_13269_GF,2591,1,1,0,0.0,-1,-1,134800.0,31250.0,0.0,TX,1
SUN_13269_GF,2591,1,1,0,0.0,-1,-1,123100.0,21000.0,0.0,TX,1
WND_13260_GF,2582,1,1,0,0.0,-1,-1,134800.0,31250.0,0.0,TX,1
SUN_13260_GF,2582,1,1,0,0.0,-1,-1,123100.0,21000.0,0.0,TX,1
WND_13401_GF,2723,1,1,0,0.0,-1,-1,134800.0,31250.0,0.0,TX,1
SUN_13401_GF,2723,1,1,0,0.0,-1,-1,123100.0,21000.0,0.0,TX,1
WND_13413_GF,2735,1,1,0,0.0,-1,-1,134800.0,31250.0,0.0,TX,1
SUN_13413_GF,2735,1,1,0,0.0,-1,-1,123100.0,21000.0,0.0,TX,1
WND_6155_GF,1140,1,1,0,0.0,-1,-1,134800.0,31250.0,0.0,TX,1
SUN_6155_GF,1140,1,1,0,0.0,-1,-1,123100.0,21000.0,0.0,TX,1
WND_1024_GF,24,1,1,0,0.0,-1,-1,134800.0,31250.0,0.0,TX,1
SUN_1024_GF,24,1,1,0,0.0,-1,-1,123100.0,21000.0,0.0,TX,1
WND_13173_GF,2495,1,1,0,0.0,-1,-1,134800.0,31250.0,0.0,TX,1
SUN_13173_GF,2495,1,1,0,0.0,-1,-1,123100.0,21000.0,0.0,TX,1
WND_13411_GF,2733,1,1,0,0.0,-1,-1,134800.0,31250.0,0.0,TX,1
SUN_13411_GF,2733,1,1,0,0.0,-1,-1,123100.0,21000.0,0.0,TX,1
WND_13311_GF,2633,1,1,0,0.0,-1,-1,134800.0,31250.0,0.0,TX,1
SUN_13311_GF,2633,1,1,0,0.0,-1,-1,123100.0,21000.0,0.0,TX,1
WND_2106_GF,223,1,1,0,0.0,-1,-1,134800.0,31250.0,0.0,TX,1
SUN_2106_GF,223,1,1,0,0.0,-1,-1,123100.0,21000.0,0.0,TX,1
WND_12675_GF,2027,1,1,0,0.0,-1,-1,134800.0,31250.0,0.0,TX,1
SUN_12675_GF,2027,1,1,0,0.0,-1,-1,123100.0,21000.0,0.0,TX,1
WND_13316_GF,2638,1,1,0,0.0,-1,-1,134800.0,31250.0,0.0,TX,1
SUN_13316_GF,2638,1,1,0,0.0,-1,-1,123100.0,21000.0,0.0,TX,1
WND_13123_GF,2445,1,1,0,0.0,-1,-1,134800.0,31250.0,0.0,TX,1
SUN_13123_GF,2445,1,1,0,0.0,-1,-1,123100.0,21000.0,0.0,TX,1
WND_12688_GF,2040,1,1,0,0.0,-1,-1,134800.0,31250.0,0.0,TX,1
SUN_12688_GF,2040,1,1,0,0.0,-1,-1,123100.0,21000.0,0.0,TX,1
WND_13320_GF,2642,1,1,0,0.0,-1,-1,134800.0,31250.0,0.0,TX,1
SUN_13320_GF,2642,1,1,0,0.0,-1,-1,123100.0,21000.0,0.0,TX,1
WND_13422_GF,2744,1,1,0,0.0,-1,-1,134800.0,31250.0,0.0,TX,1
SUN_13422_GF,2744,1,1,0,0.0,-1,-1,123100.0,21000.0,0.0,TX,1
WND_13084_GF,2406,1,1,0,0.0,-1,-1,134800.0,31250.0,0.0,TX,1
SUN_13084_GF,2406,1,1,0,0.0,-1,-1,123100.0,21000.0,0.0,TX,1
WND_13078_GF,2400,1,1,0,0.0,-1,-1,134800.0,31250.0,0.0,TX,1
SUN_13078_GF,2400,1,1,0,0.0,-1,-1,123100.0,21000.0,0.0,TX,1
WND_13074_GF,2396,1,1,0,0.0,-1,-1,134800.0,31250.0,0.0,TX,1
SUN_13074_GF,2396,1,1,0,0.0,-1,-1,123100.0,21000.0,0.0,TX,1
WND_13072_GF,2394,1,1,0,0.0,-1,-1,134800.0,31250.0,0.0,TX,1
SUN_13072_GF,2394,1,1,0,0.0,-1,-1,123100.0,21000.0,0.0,TX,1
WND_13318_GF,2640,1,1,0,0.0,-1,-1,134800.0,31250.0,0.0,TX,1
SUN_13318_GF,2640,1,1,0,0.0,-1,-1,123100.0,21000.0,0.0,TX,1
WND_8020_GF,1729,1,1,0,0.0,-1,-1,134800.0,31250.0,0.0,TX,1
SUN_8020_GF,1729,1,1,0,0.0,-1,-1,123100.0,21000.0,0.0,TX,1
WND_13045_GF,2367,1,1,0,0.0,-1,-1,134800.0,31250.0,0.0,TX,1
SUN_13045_GF,2367,1,1,0,0.0,-1,-1,123100.0,21000.0,0.0,TX,1
WND_13424_GF,2746,1,1,0,0.0,-1,-1,134800.0,31250.0,0.0,TX,1
SUN_13424_GF,2746,1,1,0,0.0,-1,-1,123100.0,21000.0,0.0,TX,1
WND_13023_GF,2345,1,1,0,0.0,-1,-1,134800.0,31250.0,0.0,TX,1
SUN_13023_GF,2345,1,1,0,0.0,-1,-1,123100.0,21000.0,0.0,TX,1
WND_13019_GF,2341,1,1,0,0.0,-1,-1,134800.0,31250.0,0.0,TX,1
SUN_13019_GF,2341,1,1,0,0.0,-1,-1,123100.0,21000.0,0.0,TX,1
WND_12661_GF,2014,1,1,0,0.0,-1,-1,134800.0,31250.0,0.0,TX,1
SUN_12661_GF,2014,1,1,0,0.0,-1,-1,123100.0,21000.0,0.0,TX,1
WND_13007_GF,2329,1,1,0,0.0,-1,-1,134800.0,31250.0,0.0,TX,1
SUN_13007_GF,2329,1,1,0,0.0,-1,-1,123100.0,21000.0,0.0,TX,1
WND_12981_GF,2303,1,1,0,0.0,-1,-1,134800.0,31250.0,0.0,TX,1
SUN_12981_GF,2303,1,1,0,0.0,-1,-1,123100.0,21000.0,0.0,TX,1
WND_13423_GF,2745,1,1,0,0.0,-1,-1,134800.0,31250.0,0.0,TX,1
SUN_13423_GF,2745,1,1,0,0.0,-1,-1,123100.0,21000.0,0.0,TX,1
WND_5284_GF,831,1,1,0,0.0,-1,-1,134800.0,31250.0,0.0,TX,1
SUN_5284_GF,831,1,1,0,0.0,-1,-1,123100.0,21000.0,0.0,TX,1
WND_12968_GF,2290,1,1,0,0.0,-1,-1,134800.0,31250.0,0.0,TX,1
SUN_12968_GF,2290,1,1,0,0.0,-1,-1,123100.0,21000.0,0.0,TX,1
WND_1009_GF,9,1,1,0,0.0,-1,-1,134800.0,31250.0,0.0,TX,1
SUN_1009_GF,9,1,1,0,0.0,-1,-1,123100.0,21000.0,0.0,TX,1
WND_12789_GF,2126,1,1,0,0.0,-1,-1,134800.0,31250.0,0.0,TX,1
SUN_12789_GF,2126,1,1,0,0.0,-1,-1,123100.0,21000.0,0.0,TX,1
WND_12913_GF,2235,1,1,0,0.0,-1,-1,134800.0,31250.0,0.0,TX,1
SUN_12913_GF,2235,1,1,0,0.0,-1,-1,123100.0,21000.0,0.0,TX,1
WND_7230_GF,1523,1,1,0,0.0,-1,-1,134800.0,31250.0,0.0,TX,1
SUN_7230_GF,1523,1,1,0,0.0,-1,-1,123100.0,21000.0,0.0,TX,1
WND_12890_GF,2213,1,1,0,0.0,-1,-1,134800.0,31250.0,0.0,TX,1
SUN_12890_GF,2213,1,1,0,0.0,-1,-1,123100.0,21000.0,0.0,TX,1
WND_12878_GF,2203,1,1,0,0.0,-1,-1,134800.0,31250.0,0.0,TX,1
SUN_12878_GF,2203,1,1,0,0.0,-1,-1,123100.0,21000.0,0.0,TX,1
WND_13363_GF,2685,1,1,0,0.0,-1,-1,134800.0,31250.0,0.0,TX,1
SUN_13363_GF,2685,1,1,0,0.0,-1,-1,123100.0,21000.0,0.0,TX,1
WND_12875_GF,2201,1,1,0,0.0,-1,-1,134800.0,31250.0,0.0,TX,1
SUN_12875_GF,2201,1,1,0,0.0,-1,-1,123100.0,21000.0,0.0,TX,1
WND_5115_GF,663,1,1,0,0.0,-1,-1,134800.0,31250.0,0.0,TX,1
SUN_5115_GF,663,1,1,0,0.0,-1,-1,123100.0,21000.0,0.0,TX,1
WND_13370_GF,2692,1,1,0,0.0,-1,-1,134800.0,31250.0,0.0,TX,1
SUN_13370_GF,2692,1,1,0,0.0,-1,-1,123100.0,21000.0,0.0,TX,1
WND_5174_GF,722,1,1,0,0.0,-1,-1,134800.0,31250.0,0.0,TX,1
SUN_5174_GF,722,1,1,0,0.0,-1,-1,123100.0,21000.0,0.0,TX,1
WND_5081_GF,631,1,1,0,0.0,-1,-1,134800.0,31250.0,0.0,TX,1
SUN_5081_GF,631,1,1,0,0.0,-1,-1,123100.0,21000.0,0.0,TX,1
WND_5080_GF,630,1,1,0,0.0,-1,-1,134800.0,31250.0,0.0,TX,1
SUN_5080_GF,630,1,1,0,0.0,-1,-1,123100.0,21000.0,0.0,TX,1
WND_12904_GF,2226,1,1,0,0.0,-1,-1,134800.0,31250.0,0.0,TX,1
SUN_12904_GF,2226,1,1,0,0.0,-1,-1,123100.0,21000.0,0.0,TX,1
WND_12853_GF,2181,1,1,0,0.0,-1,-1,134800.0,31250.0,0.0,TX,1
SUN_12853_GF,2181,1,1,0,0.0,-1,-1,123100.0,21000.0,0.0,TX,1
WND_12915_GF,2237,1,1,0,0.0,-1,-1,134800.0,31250.0,0.0,TX,1
SUN_12915_GF,2237,1,1,0,0.0,-1,-1,123100.0,21000.0,0.0,TX,1
WND_12921_GF,2243,1,1,0,0.0,-1,-1,134800.0,31250.0,0.0,TX,1
SUN_12921_GF,2243,1,1,0,0.0,-1,-1,123100.0,21000.0,0.0,TX,1
WND_12927_GF,2249,1,1,0,0.0,-1,-1,134800.0,31250.0,0.0,TX,1
SUN_12927_GF,2249,1,1,0,0.0,-1,-1,123100.0,21000.0,0.0,TX,1
WND_12790_GF,2127,1,1,0,0.0,-1,-1,134800.0,31250.0,0.0,TX,1
SUN_12790_GF,2127,1,1,0,0.0,-1,-1,123100.0,21000.0,0.0,TX,1
WND_7116_GF,1432,1,1,0,0.0,-1,-1,134800.0,31250.0,0.0,TX,1
SUN_7116_GF,1432,1,1,0,0.0,-1,-1,123100.0,21000.0,0.0,TX,1
WND_5029_GF,594,1,1,0,0.0,-1,-1,134800.0,31250.0,0.0,TX,1
SUN_5029_GF,594,1,1,0,0.0,-1,-1,123100.0,21000.0,0.0,TX,1
WND_1008_GF,8,1,1,0,0.0,-1,-1,134800.0,31250.0,0.0,TX,1
SUN_1008_GF,8,1,1,0,0.0,-1,-1,123100.0,21000.0,0.0,TX,1
WND_12924_GF,2246,1,1,0,0.0,-1,-1,134800.0,31250.0,0.0,TX,1
SUN_12924_GF,2246,1,1,0,0.0,-1,-1,123100.0,21000.0,0.0,TX,1
WND_12911_GF,2233,1,1,0,0.0,-1,-1,134800.0,31250.0,0.0,TX,1
SUN_12911_GF,2233,1,1,0,0.0,-1,-1,123100.0,21000.0,0.0,TX,1
WND_12919_GF,2241,1,1,0,0.0,-1,-1,134800.0,31250.0,0.0,TX,1
SUN_12919_GF,2241,1,1,0,0.0,-1,-1,123100.0,21000.0,0.0,TX,1
WND_12917_GF,2239,1,1,0,0.0,-1,-1,134800.0,31250.0,0.0,TX,1
SUN_12917_GF,2239,1,1,0,0.0,-1,-1,123100.0,21000.0,0.0,TX,1
WND_12775_GF,2116,1,1,0,0.0,-1,-1,134800.0,31250.0,0.0,TX,1
SUN_12775_GF,2116,1,1,0,0.0,-1,-1,123100.0,21000.0,0.0,TX,1
WND_12769_GF,2112,1,1,0,0.0,-1,-1,134800.0,31250.0,0.0,TX,1
SUN_12769_GF,2112,1,1,0,0.0,-1,-1,123100.0,21000.0,0.0,TX,1
WND_12833_GF,2164,1,1,0,0.0,-1,-1,134800.0,31250.0,0.0,TX,1
SUN_12833_GF,2164,1,1,0,0.0,-1,-1,123100.0,21000.0,0.0,TX,1
WND_12929_GF,2251,1,1,0,0.0,-1,-1,134800.0,31250.0,0.0,TX,1
SUN_12929_GF,2251,1,1,0,0.0,-1,-1,123100.0,21000.0,0.0,TX,1
WND_12764_GF,2109,1,1,0,0.0,-1,-1,134800.0,31250.0,0.0,TX,1
SUN_12764_GF,2109,1,1,0,0.0,-1,-1,123100.0,21000.0,0.0,TX,1
WND_12892_GF,2215,1,1,0,0.0,-1,-1,134800.0,31250.0,0.0,TX,1
SUN_12892_GF,2215,1,1,0,0.0,-1,-1,123100.0,21000.0,0.0,TX,1
WND_12909_GF,2231,1,1,0,0.0,-1,-1,134800.0,31250.0,0.0,TX,1
SUN_12909_GF,2231,1,1,0,0.0,-1,-1,123100.0,21000.0,0.0,TX,1
WND_12895_GF,2218,1,1,0,0.0,-1,-1,134800.0,31250.0,0.0,TX,1
SUN_12895_GF,2218,1,1,0,0.0,-1,-1,123100.0,21000.0,0.0,TX,1
WND_13321_GF,2643,1,1,0,0.0,-1,-1,134800.0,31250.0,0.0,TX,1
SUN_13321_GF,2643,1,1,0,0.0,-1,-1,123100.0,21000.0,0.0,TX,1
WND_12954_GF,2276,1,1,0,0.0,-1,-1,134800.0,31250.0,0.0,TX,1
SUN_12954_GF,2276,1,1,0,0.0,-1,-1,123100.0,21000.0,0.0,TX,1
WND_12952_GF,2274,1,1,0,0.0,-1,-1,134800.0,31250.0,0.0,TX,1
SUN_12952_GF,2274,1,1,0,0.0,-1,-1,123100.0,21000.0,0.0,TX,1
WND_12950_GF,2272,1,1,0,0.0,-1,-1,134800.0,31250.0,0.0,TX,1
SUN_12950_GF,2272,1,1,0,0.0,-1,-1,123100.0,21000.0,0.0,TX,1
WND_12949_GF,2271,1,1,0,0.0,-1,-1,134800.0,31250.0,0.0,TX,1
SUN_12949_GF,2271,1,1,0,0.0,-1,-1,123100.0,21000.0,0.0,TX,1
WND_12947_GF,2269,1,1,0,0.0,-1,-1,134800.0,31250.0,0.0,TX,1
SUN_12947_GF,2269,1,1,0,0.0,-1,-1,123100.0,21000.0,0.0,TX,1
WND_13000_GF,2322,1,1,0,0.0,-1,-1,134800.0,31250.0,0.0,TX,1
SUN_13000_GF,2322,1,1,0,0.0,-1,-1,123100.0,21000.0,0.0,TX,1
WND_12997_GF,2319,1,1,0,0.0,-1,-1,134800.0,31250.0,0.0,TX,1
SUN_12997_GF,2319,1,1,0,0.0,-1,-1,123100.0,21000.0,0.0,TX,1
WND_13021_GF,2343,1,1,0,0.0,-1,-1,134800.0,31250.0,0.0,TX,1
SUN_13021_GF,2343,1,1,0,0.0,-1,-1,123100.0,21000.0,0.0,TX,1
WND_13024_GF,2346,1,1,0,0.0,-1,-1,134800.0,31250.0,0.0,TX,1
SUN_13024_GF,2346,1,1,0,0.0,-1,-1,123100.0,21000.0,0.0,TX,1
WND_13009_GF,2331,1,1,0,0.0,-1,-1,134800.0,31250.0,0.0,TX,1
SUN_13009_GF,2331,1,1,0,0.0,-1,-1,123100.0,21000.0,0.0,TX,1
WND_13039_GF,2361,1,1,0,0.0,-1,-1,134800.0,31250.0,0.0,TX,1
SUN_13039_GF,2361,1,1,0,0.0,-1,-1,123100.0,21000.0,0.0,TX,1
WND_1011_GF,11,1,1,0,0.0,-1,-1,134800.0,31250.0,0.0,TX,1
SUN_1011_GF,11,1,1,0,0.0,-1,-1,123100.0,21000.0,0.0,TX,1
WND_12946_GF,2268,1,1,0,0.0,-1,-1,134800.0,31250.0,0.0,TX,1
SUN_12946_GF,2268,1,1,0,0.0,-1,-1,123100.0,21000.0,0.0,TX,1
WND_13080_GF,2402,1,1,0,0.0,-1,-1,134800.0,31250.0,0.0,TX,1
SUN_13080_GF,2402,1,1,0,0.0,-1,-1,123100.0,21000.0,0.0,TX,1
WND_13082_GF,2404,1,1,0,0.0,-1,-1,134800.0,31250.0,0.0,TX,1
SUN_13082_GF,2404,1,1,0,0.0,-1,-1,123100.0,21000.0,0.0,TX,1
WND_13416_GF,2738,1,1,0,0.0,-1,-1,134800.0,31250.0,0.0,TX,1
SUN_13416_GF,2738,1,1,0,0.0,-1,-1,123100.0,21000.0,0.0,TX,1
WND_4133_GF,511,1,1,0,0.0,-1,-1,134800.0,31250.0,0.0,TX,1
SUN_4133_GF,511,1,1,0,0.0,-1,-1,123100.0,21000.0,0.0,TX,1
WND_12619_GF,1975,1,1,0,0.0,-1,-1,134800.0,31250.0,0.0,TX,1
SUN_12619_GF,1975,1,1,0,0.0,-1,-1,123100.0,21000.0,0.0,TX,1
WND_12592_GF,1949,1,1,0,0.0,-1,-1,134800.0,31250.0,0.0,TX,1
SUN_12592_GF,1949,1,1,0,0.0,-1,-1,123100.0,21000.0,0.0,TX,1
WND_13115_GF,2437,1,1,0,0.0,-1,-1,134800.0,31250.0,0.0,TX,1
SUN_13115_GF,2437,1,1,0,0.0,-1,-1,123100.0,21000.0,0.0,TX,1
WND_4121_GF,499,1,1,0,0.0,-1,-1,134800.0,31250.0,0.0,TX,1
SUN_4121_GF,499,1,1,0,0.0,-1,-1,123100.0,21000.0,0.0,TX,1
WND_13421_GF,2743,1,1,0,0.0,-1,-1,134800.0,31250.0,0.0,TX,1
SUN_13421_GF,2743,1,1,0,0.0,-1,-1,123100.0,21000.0,0.0,TX,1
WND_6329_GF,1294,1,1,0,0.0,-1,-1,134800.0,31250.0,0.0,TX,1
SUN_6329_GF,1294,1,1,0,0.0,-1,-1,123100.0,21000.0,0.0,TX,1
WND_6001_GF,1011,1,1,0,0.0,-1,-1,134800.0,31250.0,0.0,TX,1
SUN_6001_GF,1011,1,1,0,0.0,-1,-1,123100.0,21000.0,0.0,TX,1
WND_13418_GF,2740,1,1,0,0.0,-1,-1,134800.0,31250.0,0.0,TX,1
SUN_13418_GF,2740,1,1,0,0.0,-1,-1,123100.0,21000.0,0.0,TX,1
WND_13314_GF,2636,1,1,0,0.0,-1,-1,134800.0,31250.0,0.0,TX,1
SUN_13314_GF,2636,1,1,0,0.0,-1,-1,123100.0,21000.0,0.0,TX,1
WND_12681_GF,2033,1,1,0,0.0,-1,-1,134800.0,31250.0,0.0,TX,1
SUN_12681_GF,2033,1,1,0,0.0,-1,-1,123100.0,21000.0,0.0,TX,1
WND_12987_GF,2309,1,1,0,0.0,-1,-1,134800.0,31250.0,0.0,TX,1
SUN_12987_GF,2309,1,1,0,0.0,-1,-1,123100.0,21000.0,0.0,TX,1
WND_13388_GF,2710,1,1,0,0.0,-1,-1,134800.0,31250.0,0.0,TX,1
SUN_13388_GF,2710,1,1,0,0.0,-1,-1,123100.0,21000.0,0.0,TX,1
WND_13145_GF,2467,1,1,0,0.0,-1,-1,134800.0,31250.0,0.0,TX,1
SUN_13145_GF,2467,1,1,0,0.0,-1,-1,123100.0,21000.0,0.0,TX,1
WND_13309_GF,2631,1,1,0,0.0,-1,-1,134800.0,31250.0,0.0,TX,1
SUN_13309_GF,2631,1,1,0,0.0,-1,-1,123100.0,21000.0,0.0,TX,1
WND_12657_GF,2011,1,1,0,0.0,-1,-1,134800.0,31250.0,0.0,TX,1
SUN_12657_GF,2011,1,1,0,0.0,-1,-1,123100.0,21000.0,0.0,TX,1
WND_13390_GF,2712,1,1,0,0.0,-1,-1,134800.0,31250.0,0.0,TX,1
SUN_13390_GF,2712,1,1,0,0.0,-1,-1,123100.0,21000.0,0.0,TX,1
WND_13254_GF,2576,1,1,0,0.0,-1,-1,134800.0,31250.0,0.0,TX,1
SUN_13254_GF,2576,1,1,0,0.0,-1,-1,123100.0,21000.0,0.0,TX,1
WND_13138_GF,2460,1,1,0,0.0,-1,-1,134800.0,31250.0,0.0,TX,1
SUN_13138_GF,2460,1,1,0,0.0,-1,-1,123100.0,21000.0,0.0,TX,1
WND_13397_GF,2719,1,1,0,0.0,-1,-1,134800.0,31250.0,0.0,TX,1
SUN_13397_GF,2719,1,1,0,0.0,-1,-1,123100.0,21000.0,0.0,TX,1
WND_13187_GF,2509,1,1,0,0.0,-1,-1,134800.0,31250.0,0.0,TX,1
SUN_13187_GF,2509,1,1,0,0.0,-1,-1,123100.0,21000.0,0.0,TX,1
WND_13400_GF,2722,1,1,0,0.0,-1,-1,134800.0,31250.0,0.0,TX,1
SUN_13400_GF,2722,1,1,0,0.0,-1,-1,123100.0,21000.0,0.0,TX,1
WND_12634_GF,1989,1,1,0,0.0,-1,-1,134800.0,31250.0,0.0,TX,1
SUN_12634_GF,1989,1,1,0,0.0,-1,-1,123100.0,21000.0,0.0,TX,1
WND_13394_GF,2716,1,1,0,0.0,-1,-1,134800.0,31250.0,0.0,TX,1
SUN_13394_GF,2716,1,1,0,0.0,-1,-1,123100.0,21000.0,0.0,TX,1
WND_13399_GF,2721,1,1,0,0.0,-1,-1,134800.0,31250.0,0.0,TX,1
SUN_13399_GF,2721,1,1,0,0.0,-1,-1,123100.0,21000.0,0.0,TX,1
WND_13212_GF,2534,1,1,0,0.0,-1,-1,134800.0,31250.0,0.0,TX,1
SUN_13212_GF,2534,1,1,0,0.0,-1,-1,123100.0,21000.0,0.0,TX,1
WND_13293_GF,2615,1,1,0,0.0,-1,-1,134800.0,31250.0,0.0,TX,1
SUN_13293_GF,2615,1,1,0,0.0,-1,-1,123100.0,21000.0,0.0,TX,1
WND_13295_GF,2617,1,1,0,0.0,-1,-1,134800.0,31250.0,0.0,TX,1
SUN_13295_GF,2617,1,1,0,0.0,-1,-1,123100.0,21000.0,0.0,TX,1
WND_13368_GF,2690,1,1,0,0.0,-1,-1,134800.0,31250.0,0.0,TX,1
SUN_13368_GF,2690,1,1,0,0.0,-1,-1,123100.0,21000.0,0.0,TX,1
WND_13215_GF,2537,1,1,0,0.0,-1,-1,134800.0,31250.0,0.0,TX,1
SUN_13215_GF,2537,1,1,0,0.0,-1,-1,123100.0,21000.0,0.0,TX,1
WND_13252_GF,2574,1,1,0,0.0,-1,-1,134800.0,31250.0,0.0,TX,1
SUN_13252_GF,2574,1,1,0,0.0,-1,-1,123100.0,21000.0,0.0,TX,1
WND_13251_GF,2573,1,1,0,0.0,-1,-1,134800.0,31250.0,0.0,TX,1
SUN_13251_GF,2573,1,1,0,0.0,-1,-1,123100.0,21000.0,0.0,TX,1
WND_12545_GF,1903,1,1,0,0.0,-1,-1,134800.0,31250.0,0.0,TX,1
SUN_12545_GF,1903,1,1,0,0.0,-1,-1,123100.0,21000.0,0.0,TX,1
WND_2001_GF,128,1,1,0,0.0,-1,-1,134800.0,31250.0,0.0,TX,1
SUN_2001_GF,128,1,1,0,0.0,-1,-1,123100.0,21000.0,0.0,TX,1
WND_13383_GF,2705,1,1,0,0.0,-1,-1,134800.0,31250.0,0.0,TX,1
SUN_13383_GF,2705,1,1,0,0.0,-1,-1,123100.0,21000.0,0.0,TX,1
WND_13213_GF,2535,1,1,0,0.0,-1,-1,134800.0,31250.0,0.0,TX,1
SUN_13213_GF,2535,1,1,0,0.0,-1,-1,123100.0,21000.0,0.0,TX,1
WND_4100_GF,478,1,1,0,0.0,-1,-1,134800.0,31250.0,0.0,TX,1
SUN_4100_GF,478,1,1,0,0.0,-1,-1,123100.0,21000.0,0.0,TX,1
WND_4069_GF,455,1,1,0,0.0,-1,-1,134800.0,31250.0,0.0,TX,1
SUN_4069_GF,455,1,1,0,0.0,-1,-1,123100.0,21000.0,0.0,TX,1
WND_7312_GF,1599,1,1,0,0.0,-1,-1,134800.0,31250.0,0.0,TX,1
SUN_7312_GF,1599,1,1,0,0.0,-1,-1,123100.0,21000.0,0.0,TX,1
WND_7086_GF,1405,1,1,0,0.0,-1,-1,134800.0,31250.0,0.0,TX,1
SUN_7086_GF,1405,1,1,0,0.0,-1,-1,123100.0,21000.0,0.0,TX,1
WND_13408_GF,2730,1,1,0,0.0,-1,-1,134800.0,31250.0,0.0,TX,1
SUN_13408_GF,2730,1,1,0,0.0,-1,-1,123100.0,21000.0,0.0,TX,1
WND_13407_GF,2729,1,1,0,0.0,-1,-1,134800.0,31250.0,0.0,TX,1
SUN_13407_GF,2729,1,1,0,0.0,-1,-1,123100.0,21000.0,0.0,TX,1
WND_4090_GF,476,1,1,0,0.0,-1,-1,134800.0,31250.0,0.0,TX,1
SUN_4090_GF,476,1,1,0,0.0,-1,-1,123100.0,21000.0,0.0,TX,1
WND_8099_GF,1801,1,1,0,0.0,-1,-1,134800.0,31250.0,0.0,TX,1
SUN_8099_GF,1801,1,1,0,0.0,-1,-1,123100.0,21000.0,0.0,TX,1
WND_13398_GF,2720,1,1,0,0.0,-1,-1,134800.0,31250.0,0.0,TX,1
SUN_13398_GF,2720,1,1,0,0.0,-1,-1,123100.0,21000.0,0.0,TX,1
WND_5263_GF,810,1,1,0,0.0,-1,-1,134800.0,31250.0,0.0,TX,1
SUN_5263_GF,810,1,1,0,0.0,-1,-1,123100.0,21000.0,0.0,TX,1
WND_7099_GF,1418,1,1,0,0.0,-1,-1,134800.0,31250.0,0.0,TX,1
SUN_7099_GF,1418,1,1,0,0.0,-1,-1,123100.0,21000.0,0.0,TX,1
WND_7098_GF,1417,1,1,0,0.0,-1,-1,134800.0,31250.0,0.0,TX,1
SUN_7098_GF,1417,1,1,0,0.0,-1,-1,123100.0,21000.0,0.0,TX,1
WND_5262_GF,809,1,1,0,0.0,-1,-1,134800.0,31250.0,0.0,TX,1
SUN_5262_GF,809,1,1,0,0.0,-1,-1,123100.0,21000.0,0.0,TX,1
WND_6233_GF,1216,1,1,0,0.0,-1,-1,134800.0,31250.0,0.0,TX,1
SUN_6233_GF,1216,1,1,0,0.0,-1,-1,123100.0,21000.0,0.0,TX,1
WND_13270_GF,2592,1,1,0,0.0,-1,-1,134800.0,31250.0,0.0,TX,1
SUN_13270_GF,2592,1,1,0,0.0,-1,-1,123100.0,21000.0,0.0,TX,1
WND_6182_GF,1167,1,1,0,0.0,-1,-1,134800.0,31250.0,0.0,TX,1
SUN_6182_GF,1167,1,1,0,0.0,-1,-1,123100.0,21000.0,0.0,TX,1
WND_12577_GF,1935,1,1,0,0.0,-1,-1,134800.0,31250.0,0.0,TX,1
SUN_12577_GF,1935,1,1,0,0.0,-1,-1,123100.0,21000.0,0.0,TX,1
WND_12574_GF,1932,1,1,0,0.0,-1,-1,134800.0,31250.0,0.0,TX,1
SUN_12574_GF,1932,1,1,0,0.0,-1,-1,123100.0,21000.0,0.0,TX,1
WND_6175_GF,1160,1,1,0,0.0,-1,-1,134800.0,31250.0,0.0,TX,1
SUN_6175_GF,1160,1,1,0,0.0,-1,-1,123100.0,21000.0,0.0,TX,1
WND_4085_GF,471,1,1,0,0.0,-1,-1,134800.0,31250.0,0.0,TX,1
SUN_4085_GF,471,1,1,0,0.0,-1,-1,123100.0,21000.0,0.0,TX,1
WND_12561_GF,1919,1,1,0,0.0,-1,-1,134800.0,31250.0,0.0,TX,1
SUN_12561_GF,1919,1,1,0,0.0,-1,-1,123100.0,21000.0,0.0,TX,1
WND_4084_GF,470,1,1,0,0.0,-1,-1,134800.0,31250.0,0.0,TX,1
SUN_4084_GF,470,1,1,0,0.0,-1,-1,123100.0,21000.0,0.0,TX,1
WND_6166_GF,1151,1,1,0,0.0,-1,-1,134800.0,31250.0,0.0,TX,1
SUN_6166_GF,1151,1,1,0,0.0,-1,-1,123100.0,21000.0,0.0,TX,1
WND_4083_GF,469,1,1,0,0.0,-1,-1,134800.0,31250.0,0.0,TX,1
SUN_4083_GF,469,1,1,0,0.0,-1,-1,123100.0,21000.0,0.0,TX,1
WND_1050_GF,49,1,1,0,0.0,-1,-1,134800.0,31250.0,0.0,TX,1
SUN_1050_GF,49,1,1,0,0.0,-1,-1,123100.0,21000.0,0.0,TX,1
WND_4082_GF,468,1,1,0,0.0,-1,-1,134800.0,31250.0,0.0,TX,1
SUN_4082_GF,468,1,1,0,0.0,-1,-1,123100.0,21000.0,0.0,TX,1
WND_12549_GF,1907,1,1,0,0.0,-1,-1,134800.0,31250.0,0.0,TX,1
SUN_12549_GF,1907,1,1,0,0.0,-1,-1,123100.0,21000.0,0.0,TX,1
WND_6164_GF,1149,1,1,0,0.0,-1,-1,134800.0,31250.0,0.0,TX,1
SUN_6164_GF,1149,1,1,0,0.0,-1,-1,123100.0,21000.0,0.0,TX,1
WND_4077_GF,463,1,1,0,0.0,-1,-1,134800.0,31250.0,0.0,TX,1
SUN_4077_GF,463,1,1,0,0.0,-1,-1,123100.0,21000.0,0.0,TX,1
WND_2119_GF,236,1,1,0,0.0,-1,-1,134800.0,31250.0,0.0,TX,1
SUN_2119_GF,236,1,1,0,0.0,-1,-1,123100.0,21000.0,0.0,TX,1
WND_6165_GF,1150,1,1,0,0.0,-1,-1,134800.0,31250.0,0.0,TX,1
SUN_6165_GF,1150,1,1,0,0.0,-1,-1,123100.0,21000.0,0.0,TX,1
WND_13253_GF,2575,1,1,0,0.0,-1,-1,134800.0,31250.0,0.0,TX,1
SUN_13253_GF,2575,1,1,0,0.0,-1,-1,123100.0,21000.0,0.0,TX,1
WND_6167_GF,1152,1,1,0,0.0,-1,-1,134800.0,31250.0,0.0,TX,1
SUN_6167_GF,1152,1,1,0,0.0,-1,-1,123100.0,21000.0,0.0,TX,1
WND_12562_GF,1920,1,1,0,0.0,-1,-1,134800.0,31250.0,0.0,TX,1
SUN_12562_GF,1920,1,1,0,0.0,-1,-1,123100.0,21000.0,0.0,TX,1
WND_12563_GF,1921,1,1,0,0.0,-1,-1,134800.0,31250.0,0.0,TX,1
SUN_12563_GF,1921,1,1,0,0.0,-1,-1,123100.0,21000.0,0.0,TX,1
WND_13287_GF,2609,1,1,0,0.0,-1,-1,134800.0,31250.0,0.0,TX,1
SUN_13287_GF,2609,1,1,0,0.0,-1,-1,123100.0,21000.0,0.0,TX,1
WND_12537_GF,1896,1,1,0,0.0,-1,-1,134800.0,31250.0,0.0,TX,1
SUN_12537_GF,1896,1,1,0,0.0,-1,-1,123100.0,21000.0,0.0,TX,1
WND_1077_GF,74,1,1,0,0.0,-1,-1,134800.0,31250.0,0.0,TX,1
SUN_1077_GF,74,1,1,0,0.0,-1,-1,123100.0,21000.0,0.0,TX,1
WND_6106_GF,1099,1,1,0,0.0,-1,-1,134800.0,31250.0,0.0,TX,1
SUN_6106_GF,1099,1,1,0,0.0,-1,-1,123100.0,21000.0,0.0,TX,1
WND_4075_GF,461,1,1,0,0.0,-1,-1,134800.0,31250.0,0.0,TX,1
SUN_4075_GF,461,1,1,0,0.0,-1,-1,123100.0,21000.0,0.0,TX,1
WND_13296_GF,2618,1,1,0,0.0,-1,-1,134800.0,31250.0,0.0,TX,1
SUN_13296_GF,2618,1,1,0,0.0,-1,-1,123100.0,21000.0,0.0,TX,1
WND_6105_GF,1098,1,1,0,0.0,-1,-1,134800.0,31250.0,0.0,TX,1
SUN_6105_GF,1098,1,1,0,0.0,-1,-1,123100.0,21000.0,0.0,TX,1
WND_12530_GF,1889,1,1,0,0.0,-1,-1,134800.0,31250.0,0.0,TX,1
SUN_12530_GF,1889,1,1,0,0.0,-1,-1,123100.0,21000.0,0.0,TX,1
WND_12529_GF,1888,1,1,0,0.0,-1,-1,134800.0,31250.0,0.0,TX,1
SUN_12529_GF,1888,1,1,0,0.0,-1,-1,123100.0,21000.0,0.0,TX,1
WND_6104_GF,1097,1,1,0,0.0,-1,-1,134800.0,31250.0,0.0,TX,1
SUN_6104_GF,1097,1,1,0,0.0,-1,-1,123100.0,21000.0,0.0,TX,1
WND_12527_GF,1886,1,1,0,0.0,-1,-1,134800.0,31250.0,0.0,TX,1
SUN_12527_GF,1886,1,1,0,0.0,-1,-1,123100.0,21000.0,0.0,TX,1
WND_12526_GF,1885,1,1,0,0.0,-1,-1,134800.0,31250.0,0.0,TX,1
SUN_12526_GF,1885,1,1,0,0.0,-1,-1,123100.0,21000.0,0.0,TX,1
WND_6101_GF,1094,1,1,0,0.0,-1,-1,134800.0,31250.0,0.0,TX,1
SUN_6101_GF,1094,1,1,0,0.0,-1,-1,123100.0,21000.0,0.0,TX,1
WND_2117_GF,234,1,1,0,0.0,-1,-1,134800.0,31250.0,0.0,TX,1
SUN_2117_GF,234,1,1,0,0.0,-1,-1,123100.0,21000.0,0.0,TX,1
WND_1049_GF,48,1,1,0,0.0,-1,-1,134800.0,31250.0,0.0,TX,1
SUN_1049_GF,48,1,1,0,0.0,-1,-1,123100.0,21000.0,0.0,TX,1
WND_12517_GF,1876,1,1,0,0.0,-1,-1,134800.0,31250.0,0.0,TX,1
SUN_12517_GF,1876,1,1,0,0.0,-1,-1,123100.0,21000.0,0.0,TX,1
WND_2116_GF,233,1,1,0,0.0,-1,-1,134800.0,31250.0,0.0,TX,1
SUN_2116_GF,233,1,1,0,0.0,-1,-1,123100.0,21000.0,0.0,TX,1
WND_1076_GF,73,1,1,0,0.0,-1,-1,134800.0,31250.0,0.0,TX,1
SUN_1076_GF,73,1,1,0,0.0,-1,-1,123100.0,21000.0,0.0,TX,1
WND_13410_GF,2732,1,1,0,0.0,-1,-1,134800.0,31250.0,0.0,TX,1
SUN_13410_GF,2732,1,1,0,0.0,-1,-1,123100.0,21000.0,0.0,TX,1
WND_6074_GF,1073,1,1,0,0.0,-1,-1,134800.0,31250.0,0.0,TX,1
SUN_6074_GF,1073,1,1,0,0.0,-1,-1,123100.0,21000.0,0.0,TX,1
WND_6073_GF,1072,1,1,0,0.0,-1,-1,134800.0,31250.0,0.0,TX,1
SUN_6073_GF,1072,1,1,0,0.0,-1,-1,123100.0,21000.0,0.0,TX,1
WND_12508_GF,1867,1,1,0,0.0,-1,-1,134800.0,31250.0,0.0,TX,1
SUN_12508_GF,1867,1,1,0,0.0,-1,-1,123100.0,21000.0,0.0,TX,1
WND_6072_GF,1071,1,1,0,0.0,-1,-1,134800.0,31250.0,0.0,TX,1
SUN_6072_GF,1071,1,1,0,0.0,-1,-1,123100.0,21000.0,0.0,TX,1
WND_2115_GF,232,1,1,0,0.0,-1,-1,134800.0,31250.0,0.0,TX,1
SUN_2115_GF,232,1,1,0,0.0,-1,-1,123100.0,21000.0,0.0,TX,1
WND_12506_GF,1865,1,1,0,0.0,-1,-1,134800.0,31250.0,0.0,TX,1
SUN_12506_GF,1865,1,1,0,0.0,-1,-1,123100.0,21000.0,0.0,TX,1
WND_13312_GF,2634,1,1,0,0.0,-1,-1,134800.0,31250.0,0.0,TX,1
SUN_13312_GF,2634,1,1,0,0.0,-1,-1,123100.0,21000.0,0.0,TX,1
WND_1075_GF,72,1,1,0,0.0,-1,-1,134800.0,31250.0,0.0,TX,1
SUN_1075_GF,72,1,1,0,0.0,-1,-1,123100.0,21000.0,0.0,TX,1
WND_6069_GF,1068,1,1,0,0.0,-1,-1,134800.0,31250.0,0.0,TX,1
SUN_6069_GF,1068,1,1,0,0.0,-1,-1,123100.0,21000.0,0.0,TX,1
WND_8158_GF,1856,1,1,0,0.0,-1,-1,134800.0,31250.0,0.0,TX,1
SUN_8158_GF,1856,1,1,0,0.0,-1,-1,123100.0,21000.0,0.0,TX,1
WND_4060_GF,449,1,1,0,0.0,-1,-1,134800.0,31250.0,0.0,TX,1
SUN_4060_GF,449,1,1,0,0.0,-1,-1,123100.0,21000.0,0.0,TX,1
WND_8152_GF,1850,1,1,0,0.0,-1,-1,134800.0,31250.0,0.0,TX,1
SUN_8152_GF,1850,1,1,0,0.0,-1,-1,123100.0,21000.0,0.0,TX,1
WND_13417_GF,2739,1,1,0,0.0,-1,-1,134800.0,31250.0,0.0,TX,1
SUN_13417_GF,2739,1,1,0,0.0,-1,-1,123100.0,21000.0,0.0,TX,1
WND_6008_GF,1018,1,1,0,0.0,-1,-1,134800.0,31250.0,0.0,TX,1
SUN_6008_GF,1018,1,1,0,0.0,-1,-1,123100.0,21000.0,0.0,TX,1
WND_13126_GF,2448,1,1,0,0.0,-1,-1,134800.0,31250.0,0.0,TX,1
SUN_13126_GF,2448,1,1,0,0.0,-1,-1,123100.0,21000.0,0.0,TX,1
WND_8139_GF,1837,1,1,0,0.0,-1,-1,134800.0,31250.0,0.0,TX,1
SUN_8139_GF,1837,1,1,0,0.0,-1,-1,123100.0,21000.0,0.0,TX,1
WND_4059_GF,448,1,1,0,0.0,-1,-1,134800.0,31250.0,0.0,TX,1
SUN_4059_GF,448,1,1,0,0.0,-1,-1,123100.0,21000.0,0.0,TX,1
WND_8116_GF,1818,1,1,0,0.0,-1,-1,134800.0,31250.0,0.0,TX,1
SUN_8116_GF,1818,1,1,0,0.0,-1,-1,123100.0,21000.0,0.0,TX,1
WND_6007_GF,1017,1,1,0,0.0,-1,-1,134800.0,31250.0,0.0,TX,1
SUN_6007_GF,1017,1,1,0,0.0,-1,-1,123100.0,21000.0,0.0,TX,1
WND_8115_GF,1817,1,1,0,0.0,-1,-1,134800.0,31250.0,0.0,TX,1
SUN_8115_GF,1817,1,1,0,0.0,-1,-1,123100.0,21000.0,0.0,TX,1
WND_6006_GF,1016,1,1,0,0.0,-1,-1,134800.0,31250.0,0.0,TX,1
SUN_6006_GF,1016,1,1,0,0.0,-1,-1,123100.0,21000.0,0.0,TX,1
WND_4058_GF,447,1,1,0,0.0,-1,-1,134800.0,31250.0,0.0,TX,1
SUN_4058_GF,447,1,1,0,0.0,-1,-1,123100.0,21000.0,0.0,TX,1
WND_4052_GF,441,1,1,0,0.0,-1,-1,134800.0,31250.0,0.0,TX,1
SUN_4052_GF,441,1,1,0,0.0,-1,-1,123100.0,21000.0,0.0,TX,1
WND_8080_GF,1783,1,1,0,0.0,-1,-1,134800.0,31250.0,0.0,TX,1
SUN_8080_GF,1783,1,1,0,0.0,-1,-1,123100.0,21000.0,0.0,TX,1
WND_8079_GF,1782,1,1,0,0.0,-1,-1,134800.0,31250.0,0.0,TX,1
SUN_8079_GF,1782,1,1,0,0.0,-1,-1,123100.0,21000.0,0.0,TX,1
WND_8078_GF,1781,1,1,0,0.0,-1,-1,134800.0,31250.0,0.0,TX,1
SUN_8078_GF,1781,1,1,0,0.0,-1,-1,123100.0,21000.0,0.0,TX,1
WND_1048_GF,47,1,1,0,0.0,-1,-1,134800.0,31250.0,0.0,TX,1
SUN_1048_GF,47,1,1,0,0.0,-1,-1,123100.0,21000.0,0.0,TX,1
WND_8051_GF,1756,1,1,0,0.0,-1,-1,134800.0,31250.0,0.0,TX,1
SUN_8051_GF,1756,1,1,0,0.0,-1,-1,123100.0,21000.0,0.0,TX,1
WND_8050_GF,1755,1,1,0,0.0,-1,-1,134800.0,31250.0,0.0,TX,1
SUN_8050_GF,1755,1,1,0,0.0,-1,-1,123100.0,21000.0,0.0,TX,1
WND_8049_GF,1754,1,1,0,0.0,-1,-1,134800.0,31250.0,0.0,TX,1
SUN_8049_GF,1754,1,1,0,0.0,-1,-1,123100.0,21000.0,0.0,TX,1
WND_8046_GF,1751,1,1,0,0.0,-1,-1,134800.0,31250.0,0.0,TX,1
SUN_8046_GF,1751,1,1,0,0.0,-1,-1,123100.0,21000.0,0.0,TX,1
WND_2103_GF,220,1,1,0,0.0,-1,-1,134800.0,31250.0,0.0,TX,1
SUN_2103_GF,220,1,1,0,0.0,-1,-1,123100.0,21000.0,0.0,TX,1
WND_7414_GF,1691,1,1,0,0.0,-1,-1,134800.0,31250.0,0.0,TX,1
SUN_7414_GF,1691,1,1,0,0.0,-1,-1,123100.0,21000.0,0.0,TX,1
WND_12597_GF,1954,1,1,0,0.0,-1,-1,134800.0,31250.0,0.0,TX,1
SUN_12597_GF,1954,1,1,0,0.0,-1,-1,123100.0,21000.0,0.0,TX,1
WND_4035_GF,424,1,1,0,0.0,-1,-1,134800.0,31250.0,0.0,TX,1
SUN_4035_GF,424,1,1,0,0.0,-1,-1,123100.0,21000.0,0.0,TX,1
WND_7400_GF,1677,1,1,0,0.0,-1,-1,134800.0,31250.0,0.0,TX,1
SUN_7400_GF,1677,1,1,0,0.0,-1,-1,123100.0,21000.0,0.0,TX,1
WND_5326_GF,866,1,1,0,0.0,-1,-1,134800.0,31250.0,0.0,TX,1
SUN_5326_GF,866,1,1,0,0.0,-1,-1,123100.0,21000.0,0.0,TX,1
WND_1073_GF,70,1,1,0,0.0,-1,-1,134800.0,31250.0,0.0,TX,1
SUN_1073_GF,70,1,1,0,0.0,-1,-1,123100.0,21000.0,0.0,TX,1
WND_5325_GF,865,1,1,0,0.0,-1,-1,134800.0,31250.0,0.0,TX,1
SUN_5325_GF,865,1,1,0,0.0,-1,-1,123100.0,21000.0,0.0,TX,1
WND_7392_GF,1669,1,1,0,0.0,-1,-1,134800.0,31250.0,0.0,TX,1
SUN_7392_GF,1669,1,1,0,0.0,-1,-1,123100.0,21000.0,0.0,TX,1
WND_5324_GF,864,1,1,0,0.0,-1,-1,134800.0,31250.0,0.0,TX,1
SUN_5324_GF,864,1,1,0,0.0,-1,-1,123100.0,21000.0,0.0,TX,1
WND_12994_GF,2316,1,1,0,0.0,-1,-1,134800.0,31250.0,0.0,TX,1
SUN_12994_GF,2316,1,1,0,0.0,-1,-1,123100.0,21000.0,0.0,TX,1
WND_7357_GF,1644,1,1,0,0.0,-1,-1,134800.0,31250.0,0.0,TX,1
SUN_7357_GF,1644,1,1,0,0.0,-1,-1,123100.0,21000.0,0.0,TX,1
WND_7353_GF,1640,1,1,0,0.0,-1,-1,134800.0,31250.0,0.0,TX,1
SUN_7353_GF,1640,1,1,0,0.0,-1,-1,123100.0,21000.0,0.0,TX,1
WND_1072_GF,69,1,1,0,0.0,-1,-1,134800.0,31250.0,0.0,TX,1
SUN_1072_GF,69,1,1,0,0.0,-1,-1,123100.0,21000.0,0.0,TX,1
WND_12958_GF,2280,1,1,0,0.0,-1,-1,134800.0,31250.0,0.0,TX,1
SUN_12958_GF,2280,1,1,0,0.0,-1,-1,123100.0,21000.0,0.0,TX,1
WND_5282_GF,829,1,1,0,0.0,-1,-1,134800.0,31250.0,0.0,TX,1
SUN_5282_GF,829,1,1,0,0.0,-1,-1,123100.0,21000.0,0.0,TX,1
WND_2085_GF,205,1,1,0,0.0,-1,-1,134800.0,31250.0,0.0,TX,1
SUN_2085_GF,205,1,1,0,0.0,-1,-1,123100.0,21000.0,0.0,TX,1
WND_13356_GF,2678,1,1,0,0.0,-1,-1,134800.0,31250.0,0.0,TX,1
SUN_13356_GF,2678,1,1,0,0.0,-1,-1,123100.0,21000.0,0.0,TX,1
WND_7307_GF,1596,1,1,0,0.0,-1,-1,134800.0,31250.0,0.0,TX,1
SUN_7307_GF,1596,1,1,0,0.0,-1,-1,123100.0,21000.0,0.0,TX,1
WND_13357_GF,2679,1,1,0,0.0,-1,-1,134800.0,31250.0,0.0,TX,1
SUN_13357_GF,2679,1,1,0,0.0,-1,-1,123100.0,21000.0,0.0,TX,1
WND_2084_GF,204,1,1,0,0.0,-1,-1,134800.0,31250.0,0.0,TX,1
SUN_2084_GF,204,1,1,0,0.0,-1,-1,123100.0,21000.0,0.0,TX,1
WND_13355_GF,2677,1,1,0,0.0,-1,-1,134800.0,31250.0,0.0,TX,1
SUN_13355_GF,2677,1,1,0,0.0,-1,-1,123100.0,21000.0,0.0,TX,1
WND_5207_GF,755,1,1,0,0.0,-1,-1,134800.0,31250.0,0.0,TX,1
SUN_5207_GF,755,1,1,0,0.0,-1,-1,123100.0,21000.0,0.0,TX,1
WND_7184_GF,1492,1,1,0,0.0,-1,-1,134800.0,31250.0,0.0,TX,1
SUN_7184_GF,1492,1,1,0,0.0,-1,-1,123100.0,21000.0,0.0,TX,1
WND_2083_GF,203,1,1,0,0.0,-1,-1,134800.0,31250.0,0.0,TX,1
SUN_2083_GF,203,1,1,0,0.0,-1,-1,123100.0,21000.0,0.0,TX,1
WND_13358_GF,2680,1,1,0,0.0,-1,-1,134800.0,31250.0,0.0,TX,1
SUN_13358_GF,2680,1,1,0,0.0,-1,-1,123100.0,21000.0,0.0,TX,1
WND_7170_GF,1478,1,1,0,0.0,-1,-1,134800.0,31250.0,0.0,TX,1
SUN_7170_GF,1478,1,1,0,0.0,-1,-1,123100.0,21000.0,0.0,TX,1
WND_2082_GF,202,1,1,0,0.0,-1,-1,134800.0,31250.0,0.0,TX,1
SUN_2082_GF,202,1,1,0,0.0,-1,-1,123100.0,21000.0,0.0,TX,1
WND_7169_GF,1477,1,1,0,0.0,-1,-1,134800.0,31250.0,0.0,TX,1
SUN_7169_GF,1477,1,1,0,0.0,-1,-1,123100.0,21000.0,0.0,TX,1
WND_7168_GF,1476,1,1,0,0.0,-1,-1,134800.0,31250.0,0.0,TX,1
SUN_7168_GF,1476,1,1,0,0.0,-1,-1,123100.0,21000.0,0.0,TX,1
WND_7167_GF,1475,1,1,0,0.0,-1,-1,134800.0,31250.0,0.0,TX,1
SUN_7167_GF,1475,1,1,0,0.0,-1,-1,123100.0,21000.0,0.0,TX,1
WND_12862_GF,2189,1,1,0,0.0,-1,-1,134800.0,31250.0,0.0,TX,1
SUN_12862_GF,2189,1,1,0,0.0,-1,-1,123100.0,21000.0,0.0,TX,1
WND_12861_GF,2188,1,1,0,0.0,-1,-1,134800.0,31250.0,0.0,TX,1
SUN_12861_GF,2188,1,1,0,0.0,-1,-1,123100.0,21000.0,0.0,TX,1
WND_7166_GF,1474,1,1,0,0.0,-1,-1,134800.0,31250.0,0.0,TX,1
SUN_7166_GF,1474,1,1,0,0.0,-1,-1,123100.0,21000.0,0.0,TX,1
WND_7165_GF,1473,1,1,0,0.0,-1,-1,134800.0,31250.0,0.0,TX,1
SUN_7165_GF,1473,1,1,0,0.0,-1,-1,123100.0,21000.0,0.0,TX,1
WND_7164_GF,1472,1,1,0,0.0,-1,-1,134800.0,31250.0,0.0,TX,1
SUN_7164_GF,1472,1,1,0,0.0,-1,-1,123100.0,21000.0,0.0,TX,1
WND_7159_GF,1467,1,1,0,0.0,-1,-1,134800.0,31250.0,0.0,TX,1
SUN_7159_GF,1467,1,1,0,0.0,-1,-1,123100.0,21000.0,0.0,TX,1
WND_7144_GF,1453,1,1,0,0.0,-1,-1,134800.0,31250.0,0.0,TX,1
SUN_7144_GF,1453,1,1,0,0.0,-1,-1,123100.0,21000.0,0.0,TX,1
WND_12806_GF,2140,1,1,0,0.0,-1,-1,134800.0,31250.0,0.0,TX,1
SUN_12806_GF,2140,1,1,0,0.0,-1,-1,123100.0,21000.0,0.0,TX,1
WND_7137_GF,1451,1,1,0,0.0,-1,-1,134800.0,31250.0,0.0,TX,1
SUN_7137_GF,1451,1,1,0,0.0,-1,-1,123100.0,21000.0,0.0,TX,1
WND_12805_GF,2139,1,1,0,0.0,-1,-1,134800.0,31250.0,0.0,TX,1
SUN_12805_GF,2139,1,1,0,0.0,-1,-1,123100.0,21000.0,0.0,TX,1
WND_7136_GF,1450,1,1,0,0.0,-1,-1,134800.0,31250.0,0.0,TX,1
SUN_7136_GF,1450,1,1,0,0.0,-1,-1,123100.0,21000.0,0.0,TX,1
WND_7135_GF,1449,1,1,0,0.0,-1,-1,134800.0,31250.0,0.0,TX,1
SUN_7135_GF,1449,1,1,0,0.0,-1,-1,123100.0,21000.0,0.0,TX,1
WND_7133_GF,1447,1,1,0,0.0,-1,-1,134800.0,31250.0,0.0,TX,1
SUN_7133_GF,1447,1,1,0,0.0,-1,-1,123100.0,21000.0,0.0,TX,1
WND_6277_GF,1245,1,1,0,0.0,-1,-1,134800.0,31250.0,0.0,TX,1
SUN_6277_GF,1245,1,1,0,0.0,-1,-1,123100.0,21000.0,0.0,TX,1
WND_1063_GF,60,1,1,0,0.0,-1,-1,134800.0,31250.0,0.0,TX,1
SUN_1063_GF,60,1,1,0,0.0,-1,-1,123100.0,21000.0,0.0,TX,1
WND_5012_GF,578,1,1,0,0.0,-1,-1,134800.0,31250.0,0.0,TX,1
SUN_5012_GF,578,1,1,0,0.0,-1,-1,123100.0,21000.0,0.0,TX,1
WND_12761_GF,2107,1,1,0,0.0,-1,-1,134800.0,31250.0,0.0,TX,1
SUN_12761_GF,2107,1,1,0,0.0,-1,-1,123100.0,21000.0,0.0,TX,1
WND_12743_GF,2091,1,1,0,0.0,-1,-1,134800.0,31250.0,0.0,TX,1
SUN_12743_GF,2091,1,1,0,0.0,-1,-1,123100.0,21000.0,0.0,TX,1
WND_12961_GF,2283,1,1,0,0.0,-1,-1,134800.0,31250.0,0.0,TX,1
SUN_12961_GF,2283,1,1,0,0.0,-1,-1,123100.0,21000.0,0.0,TX,1
WND_1062_GF,59,1,1,0,0.0,-1,-1,134800.0,31250.0,0.0,TX,1
SUN_1062_GF,59,1,1,0,0.0,-1,-1,123100.0,21000.0,0.0,TX,1
WND_12742_GF,2090,1,1,0,0.0,-1,-1,134800.0,31250.0,0.0,TX,1
SUN_12742_GF,2090,1,1,0,0.0,-1,-1,123100.0,21000.0,0.0,TX,1
WND_7058_GF,1379,1,1,0,0.0,-1,-1,134800.0,31250.0,0.0,TX,1
SUN_7058_GF,1379,1,1,0,0.0,-1,-1,123100.0,21000.0,0.0,TX,1
WND_7355_GF,1642,1,1,0,0.0,-1,-1,134800.0,31250.0,0.0,TX,1
SUN_7355_GF,1642,1,1,0,0.0,-1,-1,123100.0,21000.0,0.0,TX,1
WND_12998_GF,2320,1,1,0,0.0,-1,-1,134800.0,31250.0,0.0,TX,1
SUN_12998_GF,2320,1,1,0,0.0,-1,-1,123100.0,21000.0,0.0,TX,1
WND_12741_GF,2089,1,1,0,0.0,-1,-1,134800.0,31250.0,0.0,TX,1
SUN_12741_GF,2089,1,1,0,0.0,-1,-1,123100.0,21000.0,0.0,TX,1
WND_12740_GF,2088,1,1,0,0.0,-1,-1,134800.0,31250.0,0.0,TX,1
SUN_12740_GF,2088,1,1,0,0.0,-1,-1,123100.0,21000.0,0.0,TX,1
WND_13016_GF,2338,1,1,0,0.0,-1,-1,134800.0,31250.0,0.0,TX,1
SUN_13016_GF,2338,1,1,0,0.0,-1,-1,123100.0,21000.0,0.0,TX,1
WND_7054_GF,1375,1,1,0,0.0,-1,-1,134800.0,31250.0,0.0,TX,1
SUN_7054_GF,1375,1,1,0,0.0,-1,-1,123100.0,21000.0,0.0,TX,1
WND_13377_GF,2699,1,1,0,0.0,-1,-1,134800.0,31250.0,0.0,TX,1
SUN_13377_GF,2699,1,1,0,0.0,-1,-1,123100.0,21000.0,0.0,TX,1
WND_12729_GF,2078,1,1,0,0.0,-1,-1,134800.0,31250.0,0.0,TX,1
SUN_12729_GF,2078,1,1,0,0.0,-1,-1,123100.0,21000.0,0.0,TX,1
WND_7034_GF,1355,1,1,0,0.0,-1,-1,134800.0,31250.0,0.0,TX,1
SUN_7034_GF,1355,1,1,0,0.0,-1,-1,123100.0,21000.0,0.0,TX,1
WND_12622_GF,1978,1,1,0,0.0,-1,-1,134800.0,31250.0,0.0,TX,1
SUN_12622_GF,1978,1,1,0,0.0,-1,-1,123100.0,21000.0,0.0,TX,1
WND_7033_GF,1354,1,1,0,0.0,-1,-1,134800.0,31250.0,0.0,TX,1
SUN_7033_GF,1354,1,1,0,0.0,-1,-1,123100.0,21000.0,0.0,TX,1
WND_7032_GF,1353,1,1,0,0.0,-1,-1,134800.0,31250.0,0.0,TX,1
SUN_7032_GF,1353,1,1,0,0.0,-1,-1,123100.0,21000.0,0.0,TX,1
WND_7031_GF,1352,1,1,0,0.0,-1,-1,134800.0,31250.0,0.0,TX,1
SUN_7031_GF,1352,1,1,0,0.0,-1,-1,123100.0,21000.0,0.0,TX,1
WND_4162_GF,534,1,1,0,0.0,-1,-1,134800.0,31250.0,0.0,TX,1
SUN_4162_GF,534,1,1,0,0.0,-1,-1,123100.0,21000.0,0.0,TX,1
WND_7029_GF,1350,1,1,0,0.0,-1,-1,134800.0,31250.0,0.0,TX,1
SUN_7029_GF,1350,1,1,0,0.0,-1,-1,123100.0,21000.0,0.0,TX,1
WND_13406_GF,2728,1,1,0,0.0,-1,-1,134800.0,31250.0,0.0,TX,1
SUN_13406_GF,2728,1,1,0,0.0,-1,-1,123100.0,21000.0,0.0,TX,1
WND_12706_GF,2057,1,1,0,0.0,-1,-1,134800.0,31250.0,0.0,TX,1
SUN_12706_GF,2057,1,1,0,0.0,-1,-1,123100.0,21000.0,0.0,TX,1
WND_12705_GF,2056,1,1,0,0.0,-1,-1,134800.0,31250.0,0.0,TX,1
SUN_12705_GF,2056,1,1,0,0.0,-1,-1,123100.0,21000.0,0.0,TX,1
WND_12702_GF,2053,1,1,0,0.0,-1,-1,134800.0,31250.0,0.0,TX,1
SUN_12702_GF,2053,1,1,0,0.0,-1,-1,123100.0,21000.0,0.0,TX,1
WND_4161_GF,533,1,1,0,0.0,-1,-1,134800.0,31250.0,0.0,TX,1
SUN_4161_GF,533,1,1,0,0.0,-1,-1,123100.0,21000.0,0.0,TX,1
WND_12701_GF,2052,1,1,0,0.0,-1,-1,134800.0,31250.0,0.0,TX,1
SUN_12701_GF,2052,1,1,0,0.0,-1,-1,123100.0,21000.0,0.0,TX,1
WND_7024_GF,1346,1,1,0,0.0,-1,-1,134800.0,31250.0,0.0,TX,1
SUN_7024_GF,1346,1,1,0,0.0,-1,-1,123100.0,21000.0,0.0,TX,1
WND_12692_GF,2044,1,1,0,0.0,-1,-1,134800.0,31250.0,0.0,TX,1
SUN_12692_GF,2044,1,1,0,0.0,-1,-1,123100.0,21000.0,0.0,TX,1
WND_12689_GF,2041,1,1,0,0.0,-1,-1,134800.0,31250.0,0.0,TX,1
SUN_12689_GF,2041,1,1,0,0.0,-1,-1,123100.0,21000.0,0.0,TX,1
WND_1074_GF,71,1,1,0,0.0,-1,-1,134800.0,31250.0,0.0,TX,1
SUN_1074_GF,71,1,1,0,0.0,-1,-1,123100.0,21000.0,0.0,TX,1
WND_2024_GF,148,1,1,0,0.0,-1,-1,134800.0,31250.0,0.0,TX,1
SUN_2024_GF,148,1,1,0,0.0,-1,-1,123100.0,21000.0,0.0,TX,1
WND_7007_GF,1330,1,1,0,0.0,-1,-1,134800.0,31250.0,0.0,TX,1
SUN_7007_GF,1330,1,1,0,0.0,-1,-1,123100.0,21000.0,0.0,TX,1
WND_7005_GF,1328,1,1,0,0.0,-1,-1,134800.0,31250.0,0.0,TX,1
SUN_7005_GF,1328,1,1,0,0.0,-1,-1,123100.0,21000.0,0.0,TX,1
WND_4116_GF,494,1,1,0,0.0,-1,-1,134800.0,31250.0,0.0,TX,1
SUN_4116_GF,494,1,1,0,0.0,-1,-1,123100.0,21000.0,0.0,TX,1
WND_6304_GF,1272,1,1,0,0.0,-1,-1,134800.0,31250.0,0.0,TX,1
SUN_6304_GF,1272,1,1,0,0.0,-1,-1,123100.0,21000.0,0.0,TX,1
WND_6302_GF,1270,1,1,0,0.0,-1,-1,134800.0,31250.0,0.0,TX,1
SUN_6302_GF,1270,1,1,0,0.0,-1,-1,123100.0,21000.0,0.0,TX,1
WND_2023_GF,147,1,1,0,0.0,-1,-1,134800.0,31250.0,0.0,TX,1
SUN_2023_GF,147,1,1,0,0.0,-1,-1,123100.0,21000.0,0.0,TX,1
WND_6301_GF,1269,1,1,0,0.0,-1,-1,134800.0,31250.0,0.0,TX,1
SUN_6301_GF,1269,1,1,0,0.0,-1,-1,123100.0,21000.0,0.0,TX,1
WND_12623_GF,1979,1,1,0,0.0,-1,-1,134800.0,31250.0,0.0,TX,1
SUN_12623_GF,1979,1,1,0,0.0,-1,-1,123100.0,21000.0,0.0,TX,1
WND_12673_GF,2026,1,1,0,0.0,-1,-1,134800.0,31250.0,0.0,TX,1
SUN_12673_GF,2026,1,1,0,0.0,-1,-1,123100.0,21000.0,0.0,TX,1
WND_6297_GF,1265,1,1,0,0.0,-1,-1,134800.0,31250.0,0.0,TX,1
SUN_6297_GF,1265,1,1,0,0.0,-1,-1,123100.0,21000.0,0.0,TX,1
WND_12672_GF,2025,1,1,0,0.0,-1,-1,134800.0,31250.0,0.0,TX,1
SUN_12672_GF,2025,1,1,0,0.0,-1,-1,123100.0,21000.0,0.0,TX,1
WND_12671_GF,2024,1,1,0,0.0,-1,-1,134800.0,31250.0,0.0,TX,1
SUN_12671_GF,2024,1,1,0,0.0,-1,-1,123100.0,21000.0,0.0,TX,1
WND_6296_GF,1264,1,1,0,0.0,-1,-1,134800.0,31250.0,0.0,TX,1
SUN_6296_GF,1264,1,1,0,0.0,-1,-1,123100.0,21000.0,0.0,TX,1
WND_12670_GF,2023,1,1,0,0.0,-1,-1,134800.0,31250.0,0.0,TX,1
SUN_12670_GF,2023,1,1,0,0.0,-1,-1,123100.0,21000.0,0.0,TX,1
WND_12669_GF,2022,1,1,0,0.0,-1,-1,134800.0,31250.0,0.0,TX,1
SUN_12669_GF,2022,1,1,0,0.0,-1,-1,123100.0,21000.0,0.0,TX,1
WND_4103_GF,481,1,1,0,0.0,-1,-1,134800.0,31250.0,0.0,TX,1
SUN_4103_GF,481,1,1,0,0.0,-1,-1,123100.0,21000.0,0.0,TX,1
WND_12507_GF,1866,1,1,0,0.0,-1,-1,134800.0,31250.0,0.0,TX,1
SUN_12507_GF,1866,1,1,0,0.0,-1,-1,123100.0,21000.0,0.0,TX,1
WND_1052_GF,51,1,1,0,0.0,-1,-1,134800.0,31250.0,0.0,TX,1
SUN_1052_GF,51,1,1,0,0.0,-1,-1,123100.0,21000.0,0.0,TX,1
WND_12645_GF,1999,1,1,0,0.0,-1,-1,134800.0,31250.0,0.0,TX,1
SUN_12645_GF,1999,1,1,0,0.0,-1,-1,123100.0,21000.0,0.0,TX,1
WND_12644_GF,1998,1,1,0,0.0,-1,-1,134800.0,31250.0,0.0,TX,1
SUN_12644_GF,1998,1,1,0,0.0,-1,-1,123100.0,21000.0,0.0,TX,1
WND_6260_GF,1237,1,1,0,0.0,-1,-1,134800.0,31250.0,0.0,TX,1
SUN_6260_GF,1237,1,1,0,0.0,-1,-1,123100.0,21000.0,0.0,TX,1
WND_12628_GF,1983,1,1,0,0.0,-1,-1,134800.0,31250.0,0.0,TX,1
SUN_12628_GF,1983,1,1,0,0.0,-1,-1,123100.0,21000.0,0.0,TX,1
WND_6259_GF,1236,1,1,0,0.0,-1,-1,134800.0,31250.0,0.0,TX,1
SUN_6259_GF,1236,1,1,0,0.0,-1,-1,123100.0,21000.0,0.0,TX,1
WND_12627_GF,1982,1,1,0,0.0,-1,-1,134800.0,31250.0,0.0,TX,1
SUN_12627_GF,1982,1,1,0,0.0,-1,-1,123100.0,21000.0,0.0,TX,1
WND_12626_GF,1981,1,1,0,0.0,-1,-1,134800.0,31250.0,0.0,TX,1
SUN_12626_GF,1981,1,1,0,0.0,-1,-1,123100.0,21000.0,0.0,TX,1
WND_6258_GF,1235,1,1,0,0.0,-1,-1,134800.0,31250.0,0.0,TX,1
SUN_6258_GF,1235,1,1,0,0.0,-1,-1,123100.0,21000.0,0.0,TX,1
WND_6257_GF,1234,1,1,0,0.0,-1,-1,134800.0,31250.0,0.0,TX,1
SUN_6257_GF,1234,1,1,0,0.0,-1,-1,123100.0,21000.0,0.0,TX,1
WND_1051_GF,50,1,1,0,0.0,-1,-1,134800.0,31250.0,0.0,TX,1
SUN_1051_GF,50,1,1,0,0.0,-1,-1,123100.0,21000.0,0.0,TX,1
WND_6254_GF,1231,1,1,0,0.0,-1,-1,134800.0,31250.0,0.0,TX,1
SUN_6254_GF,1231,1,1,0,0.0,-1,-1,123100.0,21000.0,0.0,TX,1
WND_12616_GF,1972,1,1,0,0.0,-1,-1,134800.0,31250.0,0.0,TX,1
SUN_12616_GF,1972,1,1,0,0.0,-1,-1,123100.0,21000.0,0.0,TX,1
WND_12614_GF,1970,1,1,0,0.0,-1,-1,134800.0,31250.0,0.0,TX,1
SUN_12614_GF,1970,1,1,0,0.0,-1,-1,123100.0,21000.0,0.0,TX,1
WND_12612_GF,1968,1,1,0,0.0,-1,-1,134800.0,31250.0,0.0,TX,1
SUN_12612_GF,1968,1,1,0,0.0,-1,-1,123100.0,21000.0,0.0,TX,1
WND_2118_GF,235,1,1,0,0.0,-1,-1,134800.0,31250.0,0.0,TX,1
SUN_2118_GF,235,1,1,0,0.0,-1,-1,123100.0,21000.0,0.0,TX,1
WND_12611_GF,1967,1,1,0,0.0,-1,-1,134800.0,31250.0,0.0,TX,1
SUN_12611_GF,1967,1,1,0,0.0,-1,-1,123100.0,21000.0,0.0,TX,1
WND_12610_GF,1966,1,1,0,0.0,-1,-1,134800.0,31250.0,0.0,TX,1
SUN_12610_GF,1966,1,1,0,0.0,-1,-1,123100.0,21000.0,0.0,TX,1
WND_6242_GF,1225,1,1,0,0.0,-1,-1,134800.0,31250.0,0.0,TX,1
SUN_6242_GF,1225,1,1,0,0.0,-1,-1,123100.0,21000.0,0.0,TX,1
WND_12643_GF,1997,1,1,0,0.0,-1,-1,134800.0,31250.0,0.0,TX,1
SUN_12643_GF,1997,1,1,0,0.0,-1,-1,123100.0,21000.0,0.0,TX,1
WND_13376_GF,2698,1,1,0,0.0,-1,-1,134800.0,31250.0,0.0,TX,1
SUN_13376_GF,2698,1,1,0,0.0,-1,-1,123100.0,21000.0,0.0,TX,1
WND_13345_GF,2667,1,1,0,0.0,-1,-1,134800.0,31250.0,0.0,TX,1
SUN_13345_GF,2667,1,1,0,0.0,-1,-1,123100.0,21000.0,0.0,TX,1
WND_13344_GF,2666,1,1,0,0.0,-1,-1,134800.0,31250.0,0.0,TX,1
SUN_13344_GF,2666,1,1,0,0.0,-1,-1,123100.0,21000.0,0.0,TX,1
WND_13336_GF,2658,1,1,0,0.0,-1,-1,134800.0,31250.0,0.0,TX,1
SUN_13336_GF,2658,1,1,0,0.0,-1,-1,123100.0,21000.0,0.0,TX,1
WND_13327_GF,2649,1,1,0,0.0,-1,-1,134800.0,31250.0,0.0,TX,1
SUN_13327_GF,2649,1,1,0,0.0,-1,-1,123100.0,21000.0,0.0,TX,1
WND_4102_GF,480,1,1,0,0.0,-1,-1,134800.0,31250.0,0.0,TX,1
SUN_4102_GF,480,1,1,0,0.0,-1,-1,123100.0,21000.0,0.0,TX,1
WND_13324_GF,2646,1,1,0,0.0,-1,-1,134800.0,31250.0,0.0,TX,1
SUN_13324_GF,2646,1,1,0,0.0,-1,-1,123100.0,21000.0,0.0,TX,1
WND_12589_GF,1946,1,1,0,0.0,-1,-1,134800.0,31250.0,0.0,TX,1
SUN_12589_GF,1946,1,1,0,0.0,-1,-1,123100.0,21000.0,0.0,TX,1
WND_13323_GF,2645,1,1,0,0.0,-1,-1,134800.0,31250.0,0.0,TX,1
SUN_13323_GF,2645,1,1,0,0.0,-1,-1,123100.0,21000.0,0.0,TX,1
WND_13307_GF,2629,1,1,0,0.0,-1,-1,134800.0,31250.0,0.0,TX,1
SUN_13307_GF,2629,1,1,0,0.0,-1,-1,123100.0,21000.0,0.0,TX,1
WND_13305_GF,2627,1,1,0,0.0,-1,-1,134800.0,31250.0,0.0,TX,1
SUN_13305_GF,2627,1,1,0,0.0,-1,-1,123100.0,21000.0,0.0,TX,1
WND_13303_GF,2625,1,1,0,0.0,-1,-1,134800.0,31250.0,0.0,TX,1
SUN_13303_GF,2625,1,1,0,0.0,-1,-1,123100.0,21000.0,0.0,TX,1
WND_13298_GF,2620,1,1,0,0.0,-1,-1,134800.0,31250.0,0.0,TX,1
SUN_13298_GF,2620,1,1,0,0.0,-1,-1,123100.0,21000.0,0.0,TX,1
WND_6168_GF,1153,1,1,0,0.0,-1,-1,134800.0,31250.0,0.0,TX,1
SUN_6168_GF,1153,1,1,0,0.0,-1,-1,123100.0,21000.0,0.0,TX,1
WND_6116_GF,1107,1,1,0,0.0,-1,-1,134800.0,31250.0,0.0,TX,1
SUN_6116_GF,1107,1,1,0,0.0,-1,-1,123100.0,21000.0,0.0,TX,1
WND_13233_GF,2555,1,1,0,0.0,-1,-1,134800.0,31250.0,0.0,TX,1
SUN_13233_GF,2555,1,1,0,0.0,-1,-1,123100.0,21000.0,0.0,TX,1
WND_13231_GF,2553,1,1,0,0.0,-1,-1,134800.0,31250.0,0.0,TX,1
SUN_13231_GF,2553,1,1,0,0.0,-1,-1,123100.0,21000.0,0.0,TX,1
WND_13229_GF,2551,1,1,0,0.0,-1,-1,134800.0,31250.0,0.0,TX,1
SUN_13229_GF,2551,1,1,0,0.0,-1,-1,123100.0,21000.0,0.0,TX,1
WND_13227_GF,2549,1,1,0,0.0,-1,-1,134800.0,31250.0,0.0,TX,1
SUN_13227_GF,2549,1,1,0,0.0,-1,-1,123100.0,21000.0,0.0,TX,1
WND_13225_GF,2547,1,1,0,0.0,-1,-1,134800.0,31250.0,0.0,TX,1
SUN_13225_GF,2547,1,1,0,0.0,-1,-1,123100.0,21000.0,0.0,TX,1
WND_13223_GF,2545,1,1,0,0.0,-1,-1,134800.0,31250.0,0.0,TX,1
SUN_13223_GF,2545,1,1,0,0.0,-1,-1,123100.0,21000.0,0.0,TX,1
WND_13221_GF,2543,1,1,0,0.0,-1,-1,134800.0,31250.0,0.0,TX,1
SUN_13221_GF,2543,1,1,0,0.0,-1,-1,123100.0,21000.0,0.0,TX,1
WND_13219_GF,2541,1,1,0,0.0,-1,-1,134800.0,31250.0,0.0,TX,1
SUN_13219_GF,2541,1,1,0,0.0,-1,-1,123100.0,21000.0,0.0,TX,1
WND_13182_GF,2504,1,1,0,0.0,-1,-1,134800.0,31250.0,0.0,TX,1
SUN_13182_GF,2504,1,1,0,0.0,-1,-1,123100.0,21000.0,0.0,TX,1
WND_4068_GF,454,1,1,0,0.0,-1,-1,134800.0,31250.0,0.0,TX,1
SUN_4068_GF,454,1,1,0,0.0,-1,-1,123100.0,21000.0,0.0,TX,1
WND_4067_GF,453,1,1,0,0.0,-1,-1,134800.0,31250.0,0.0,TX,1
SUN_4067_GF,453,1,1,0,0.0,-1,-1,123100.0,21000.0,0.0,TX,1
WND_4065_GF,451,1,1,0,0.0,-1,-1,134800.0,31250.0,0.0,TX,1
SUN_4065_GF,451,1,1,0,0.0,-1,-1,123100.0,21000.0,0.0,TX,1
WND_13128_GF,2450,1,1,0,0.0,-1,-1,134800.0,31250.0,0.0,TX,1
SUN_13128_GF,2450,1,1,0,0.0,-1,-1,123100.0,21000.0,0.0,TX,1
WND_6027_GF,1035,1,1,0,0.0,-1,-1,134800.0,31250.0,0.0,TX,1
SUN_6027_GF,1035,1,1,0,0.0,-1,-1,123100.0,21000.0,0.0,TX,1
WND_8141_GF,1839,1,1,0,0.0,-1,-1,134800.0,31250.0,0.0,TX,1
SUN_8141_GF,1839,1,1,0,0.0,-1,-1,123100.0,21000.0,0.0,TX,1
WND_13094_GF,2416,1,1,0,0.0,-1,-1,134800.0,31250.0,0.0,TX,1
SUN_13094_GF,2416,1,1,0,0.0,-1,-1,123100.0,21000.0,0.0,TX,1
WND_13090_GF,2412,1,1,0,0.0,-1,-1,134800.0,31250.0,0.0,TX,1
SUN_13090_GF,2412,1,1,0,0.0,-1,-1,123100.0,21000.0,0.0,TX,1
WND_13088_GF,2410,1,1,0,0.0,-1,-1,134800.0,31250.0,0.0,TX,1
SUN_13088_GF,2410,1,1,0,0.0,-1,-1,123100.0,21000.0,0.0,TX,1
WND_13086_GF,2408,1,1,0,0.0,-1,-1,134800.0,31250.0,0.0,TX,1
SUN_13086_GF,2408,1,1,0,0.0,-1,-1,123100.0,21000.0,0.0,TX,1
WND_13332_GF,2654,1,1,0,0.0,-1,-1,134800.0,31250.0,0.0,TX,1
SUN_13332_GF,2654,1,1,0,0.0,-1,-1,123100.0,21000.0,0.0,TX,1
WND_13338_GF,2660,1,1,0,0.0,-1,-1,134800.0,31250.0,0.0,TX,1
SUN_13338_GF,2660,1,1,0,0.0,-1,-1,123100.0,21000.0,0.0,TX,1
WND_13340_GF,2662,1,1,0,0.0,-1,-1,134800.0,31250.0,0.0,TX,1
SUN_13340_GF,2662,1,1,0,0.0,-1,-1,123100.0,21000.0,0.0,TX,1
WND_13028_GF,2350,1,1,0,0.0,-1,-1,134800.0,31250.0,0.0,TX,1
SUN_13028_GF,2350,1,1,0,0.0,-1,-1,123100.0,21000.0,0.0,TX,1
WND_12993_GF,2315,1,1,0,0.0,-1,-1,134800.0,31250.0,0.0,TX,1
SUN_12993_GF,2315,1,1,0,0.0,-1,-1,123100.0,21000.0,0.0,TX,1
WND_4007_GF,396,1,1,0,0.0,-1,-1,134800.0,31250.0,0.0,TX,1
SUN_4007_GF,396,1,1,0,0.0,-1,-1,123100.0,21000.0,0.0,TX,1
WND_12969_GF,2291,1,1,0,0.0,-1,-1,134800.0,31250.0,0.0,TX,1
SUN_12969_GF,2291,1,1,0,0.0,-1,-1,123100.0,21000.0,0.0,TX,1
WND_3120_GF,364,1,1,0,0.0,-1,-1,134800.0,31250.0,0.0,TX,1
SUN_3120_GF,364,1,1,0,0.0,-1,-1,123100.0,21000.0,0.0,TX,1
WND_12944_GF,2266,1,1,0,0.0,-1,-1,134800.0,31250.0,0.0,TX,1
SUN_12944_GF,2266,1,1,0,0.0,-1,-1,123100.0,21000.0,0.0,TX,1
WND_12881_GF,2206,1,1,0,0.0,-1,-1,134800.0,31250.0,0.0,TX,1
SUN_12881_GF,2206,1,1,0,0.0,-1,-1,123100.0,21000.0,0.0,TX,1
WND_12786_GF,2124,1,1,0,0.0,-1,-1,134800.0,31250.0,0.0,TX,1
SUN_12786_GF,2124,1,1,0,0.0,-1,-1,123100.0,21000.0,0.0,TX,1
WND_12782_GF,2121,1,1,0,0.0,-1,-1,134800.0,31250.0,0.0,TX,1
SUN_12782_GF,2121,1,1,0,0.0,-1,-1,123100.0,21000.0,0.0,TX,1
WND_12759_GF,2105,1,1,0,0.0,-1,-1,134800.0,31250.0,0.0,TX,1
SUN_12759_GF,2105,1,1,0,0.0,-1,-1,123100.0,21000.0,0.0,TX,1
WND_1033_GF,33,1,1,0,0.0,-1,-1,134800.0,31250.0,0.0,TX,1
SUN_1033_GF,33,1,1,0,0.0,-1,-1,123100.0,21000.0,0.0,TX,1
WND_12720_GF,2069,1,1,0,0.0,-1,-1,134800.0,31250.0,0.0,TX,1
SUN_12720_GF,2069,1,1,0,0.0,-1,-1,123100.0,21000.0,0.0,TX,1
WND_12711_GF,2061,1,1,0,0.0,-1,-1,134800.0,31250.0,0.0,TX,1
SUN_12711_GF,2061,1,1,0,0.0,-1,-1,123100.0,21000.0,0.0,TX,1
WND_12680_GF,2032,1,1,0,0.0,-1,-1,134800.0,31250.0,0.0,TX,1
SUN_12680_GF,2032,1,1,0,0.0,-1,-1,123100.0,21000.0,0.0,TX,1
WND_4111_GF,489,1,1,0,0.0,-1,-1,134800.0,31250.0,0.0,TX,1
SUN_4111_GF,489,1,1,0,0.0,-1,-1,123100.0,21000.0,0.0,TX,1
WND_12666_GF,2019,1,1,0,0.0,-1,-1,134800.0,31250.0,0.0,TX,1
SUN_12666_GF,2019,1,1,0,0.0,-1,-1,123100.0,21000.0,0.0,TX,1
WND_12662_GF,2015,1,1,0,0.0,-1,-1,134800.0,31250.0,0.0,TX,1
SUN_12662_GF,2015,1,1,0,0.0,-1,-1,123100.0,21000.0,0.0,TX,1
WND_13428_GF,2750,1,1,0,0.0,-1,-1,134800.0,31250.0,0.0,TX,1
SUN_13428_GF,2750,1,1,0,0.0,-1,-1,123100.0,21000.0,0.0,TX,1
WND_13427_GF,2749,1,1,0,0.0,-1,-1,134800.0,31250.0,0.0,TX,1
SUN_13427_GF,2749,1,1,0,0.0,-1,-1,123100.0,21000.0,0.0,TX,1
WND_13425_GF,2747,1,1,0,0.0,-1,-1,134800.0,31250.0,0.0,TX,1
SUN_13425_GF,2747,1,1,0,0.0,-1,-1,123100.0,21000.0,0.0,TX,1
WND_12658_GF,2012,1,1,0,0.0,-1,-1,134800.0,31250.0,0.0,TX,1
SUN_12658_GF,2012,1,1,0,0.0,-1,-1,123100.0,21000.0,0.0,TX,1
WND_13415_GF,2737,1,1,0,0.0,-1,-1,134800.0,31250.0,0.0,TX,1
SUN_13415_GF,2737,1,1,0,0.0,-1,-1,123100.0,21000.0,0.0,TX,1
WND_13412_GF,2734,1,1,0,0.0,-1,-1,134800.0,31250.0,0.0,TX,1
SUN_13412_GF,2734,1,1,0,0.0,-1,-1,123100.0,21000.0,0.0,TX,1
WND_13403_GF,2725,1,1,0,0.0,-1,-1,134800.0,31250.0,0.0,TX,1
SUN_13403_GF,2725,1,1,0,0.0,-1,-1,123100.0,21000.0,0.0,TX,1
WND_12641_GF,1996,1,1,0,0.0,-1,-1,134800.0,31250.0,0.0,TX,1
SUN_12641_GF,1996,1,1,0,0.0,-1,-1,123100.0,21000.0,0.0,TX,1
WND_13389_GF,2711,1,1,0,0.0,-1,-1,134800.0,31250.0,0.0,TX,1
SUN_13389_GF,2711,1,1,0,0.0,-1,-1,123100.0,21000.0,0.0,TX,1
WND_13386_GF,2708,1,1,0,0.0,-1,-1,134800.0,31250.0,0.0,TX,1
SUN_13386_GF,2708,1,1,0,0.0,-1,-1,123100.0,21000.0,0.0,TX,1
WND_5049_GF,606,1,1,0,0.0,-1,-1,134800.0,31250.0,0.0,TX,1
SUN_5049_GF,606,1,1,0,0.0,-1,-1,123100.0,21000.0,0.0,TX,1
WND_12727_GF,2076,1,1,0,0.0,-1,-1,134800.0,31250.0,0.0,TX,1
SUN_12727_GF,2076,1,1,0,0.0,-1,-1,123100.0,21000.0,0.0,TX,1
WND_12726_GF,2075,1,1,0,0.0,-1,-1,134800.0,31250.0,0.0,TX,1
SUN_12726_GF,2075,1,1,0,0.0,-1,-1,123100.0,21000.0,0.0,TX,1
WND_12725_GF,2074,1,1,0,0.0,-1,-1,134800.0,31250.0,0.0,TX,1
SUN_12725_GF,2074,1,1,0,0.0,-1,-1,123100.0,21000.0,0.0,TX,1
WND_12723_GF,2072,1,1,0,0.0,-1,-1,134800.0,31250.0,0.0,TX,1
SUN_12723_GF,2072,1,1,0,0.0,-1,-1,123100.0,21000.0,0.0,TX,1
WND_12722_GF,2071,1,1,0,0.0,-1,-1,134800.0,31250.0,0.0,TX,1
SUN_12722_GF,2071,1,1,0,0.0,-1,-1,123100.0,21000.0,0.0,TX,1
WND_12525_GF,1884,1,1,0,0.0,-1,-1,134800.0,31250.0,0.0,TX,1
SUN_12525_GF,1884,1,1,0,0.0,-1,-1,123100.0,21000.0,0.0,TX,1
WND_12524_GF,1883,1,1,0,0.0,-1,-1,134800.0,31250.0,0.0,TX,1
SUN_12524_GF,1883,1,1,0,0.0,-1,-1,123100.0,21000.0,0.0,TX,1
WND_6080_GF,1079,1,1,0,0.0,-1,-1,134800.0,31250.0,0.0,TX,1
SUN_6080_GF,1079,1,1,0,0.0,-1,-1,123100.0,21000.0,0.0,TX,1
WND_6079_GF,1078,1,1,0,0.0,-1,-1,134800.0,31250.0,0.0,TX,1
SUN_6079_GF,1078,1,1,0,0.0,-1,-1,123100.0,21000.0,0.0,TX,1
WND_6078_GF,1077,1,1,0,0.0,-1,-1,134800.0,31250.0,0.0,TX,1
SUN_6078_GF,1077,1,1,0,0.0,-1,-1,123100.0,21000.0,0.0,TX,1
WND_12504_GF,1863,1,1,0,0.0,-1,-1,134800.0,31250.0,0.0,TX,1
SUN_12504_GF,1863,1,1,0,0.0,-1,-1,123100.0,21000.0,0.0,TX,1
WND_12503_GF,1862,1,1,0,0.0,-1,-1,134800.0,31250.0,0.0,TX,1
SUN_12503_GF,1862,1,1,0,0.0,-1,-1,123100.0,21000.0,0.0,TX,1
WND_12502_GF,1861,1,1,0,0.0,-1,-1,134800.0,31250.0,0.0,TX,1
SUN_12502_GF,1861,1,1,0,0.0,-1,-1,123100.0,21000.0,0.0,TX,1
WND_8088_GF,1790,1,1,0,0.0,-1,-1,134800.0,31250.0,0.0,TX,1
SUN_8088_GF,1790,1,1,0,0.0,-1,-1,123100.0,21000.0,0.0,TX,1
WND_8087_GF,1789,1,1,0,0.0,-1,-1,134800.0,31250.0,0.0,TX,1
SUN_8087_GF,1789,1,1,0,0.0,-1,-1,123100.0,21000.0,0.0,TX,1
WND_8071_GF,1774,1,1,0,0.0,-1,-1,134800.0,31250.0,0.0,TX,1
SUN_8071_GF,1774,1,1,0,0.0,-1,-1,123100.0,21000.0,0.0,TX,1
WND_8070_GF,1773,1,1,0,0.0,-1,-1,134800.0,31250.0,0.0,TX,1
SUN_8070_GF,1773,1,1,0,0.0,-1,-1,123100.0,21000.0,0.0,TX,1
WND_5360_GF,898,1,1,0,0.0,-1,-1,134800.0,31250.0,0.0,TX,1
SUN_5360_GF,898,1,1,0,0.0,-1,-1,123100.0,21000.0,0.0,TX,1
WND_4030_GF,419,1,1,0,0.0,-1,-1,134800.0,31250.0,0.0,TX,1
SUN_4030_GF,419,1,1,0,0.0,-1,-1,123100.0,21000.0,0.0,TX,1
WND_4026_GF,415,1,1,0,0.0,-1,-1,134800.0,31250.0,0.0,TX,1
SUN_4026_GF,415,1,1,0,0.0,-1,-1,123100.0,21000.0,0.0,TX,1
WND_7349_GF,1636,1,1,0,0.0,-1,-1,134800.0,31250.0,0.0,TX,1
SUN_7349_GF,1636,1,1,0,0.0,-1,-1,123100.0,21000.0,0.0,TX,1
WND_12777_GF,2118,1,1,0,0.0,-1,-1,134800.0,31250.0,0.0,TX,1
SUN_12777_GF,2118,1,1,0,0.0,-1,-1,123100.0,21000.0,0.0,TX,1
WND_12776_GF,2117,1,1,0,0.0,-1,-1,134800.0,31250.0,0.0,TX,1
SUN_12776_GF,2117,1,1,0,0.0,-1,-1,123100.0,21000.0,0.0,TX,1
